rank,variant_id,importance
1,Chromosome_2155168_C_G,0.008884391405131309
2,Chromosome_338648_T_G,0.0048160148207512955
3,Chromosome_335885_T_G,0.00469913011534374
4,Chromosome_335906_T_C,0.0044365373780088264
5,Chromosome_4247431_G_C,0.004350725768744976
6,Chromosome_336403_C_G,0.004087190998260913
7,Chromosome_761155_C_T,0.003997456952238066
8,Chromosome_3537817_G_C,0.0031860634508479686
9,Chromosome_2133475_A_G,0.003110009802565686
10,Chromosome_336405_A_G,0.0030856851864204966
11,Chromosome_2423905_T_C,0.002906826970769533
12,Chromosome_3884906_A_G,0.002868945370691377
13,Chromosome_1612624_T_TATCGGTACCGGTGCGCCAGGG,0.0028136983852051424
14,Chromosome_336050_A_G,0.002718622219872681
15,Chromosome_71584_C_CCGAGCGCTGTTCTGGCGCTAATCTGACGCTAGAATAG,0.0026953659645369684
16,Chromosome_3478719_G_A,0.0025975248481119265
17,Chromosome_336560_T_C,0.0025597355035771496
18,Chromosome_336535_T_G,0.0025481033140571136
19,Chromosome_3379736_C_A,0.0025049817064955603
20,Chromosome_3478698_G_A,0.0025026022861009407
21,Chromosome_336005_G_A,0.002466710454983582
22,Chromosome_1612606_T_C,0.0023762679774064297
23,Chromosome_1480205_G_A,0.002361050260518378
24,Chromosome_333580_G_C,0.002340474769575295
25,Chromosome_2665148_G_C,0.002327072768776648
26,Chromosome_333786_G_C,0.0023059554045427393
27,Chromosome_3336705_A_T,0.002302112253248449
28,Chromosome_1480186_C_T,0.00222308280074643
29,Chromosome_336400_C_G,0.0022118121553066257
30,Chromosome_2178251_A_C,0.0021849633430530337
