gene,change,drug,who_confidence,is_RRDR,total_samples,overall_freq,mdr_samples,susc_samples,mdr_freq,susc_freq,odds_ratio,pvalue,avg_allele_freq,avg_read_depth,n_Susceptible,n_HR_TB,n_RR_TB,n_MDR_TB,n_Pre_XDR_TB,n_XDR_TB,n_Other,padj_BH,significant_005
katG,p.Ser315Thr,isoniazid,Assoc w R,0,760,0.409,724,36,0.8312,0.0365,130.107,1.1288821488424535e-308,0.9933,110.5,0,36,0,169,431,124,0,6.17498535416822e-306,1
rpoB,p.Ser450Leu,rifapentine,Assoc w R,1,426,0.2293,385,41,0.442,0.0415,18.278,2.1225205876584007e-102,0.9899,116.4,0,0,35,130,180,81,0,1.1610187614491451e-100,1
rpoB,p.Ser450Leu,rifampicin,Assoc w R,1,426,0.2293,385,41,0.442,0.0415,18.278,2.1225205876584007e-102,0.9899,116.4,0,0,35,130,180,81,0,1.1610187614491451e-100,1
embB,p.Met306Val,ethambutol,Assoc w R,0,377,0.2029,369,8,0.4237,0.0081,89.953,1.4864714096874433e-130,0.9919,119.9,0,4,2,84,247,39,1,4.0654993054951574e-128,1
gyrA,p.Ala90Val,moxifloxacin,Assoc w R,0,321,0.1728,312,9,0.3582,0.0091,60.651,6.869909703958006e-104,0.96,110.5,0,2,0,0,265,52,2,4.6973007600812864e-102,1
gyrA,p.Ala90Val,levofloxacin,Assoc w R,0,321,0.1728,312,9,0.3582,0.0091,60.651,6.869909703958006e-104,0.96,110.5,0,2,0,0,265,52,2,4.6973007600812864e-102,1
rrs,n.1401A>G,kanamycin,Assoc w R,0,320,0.1722,315,5,0.3617,0.0051,111.27,5.9983671429044265e-111,0.9617,112.6,0,1,2,31,252,33,1,5.468511378614536e-109,1
rrs,n.1401A>G,amikacin,Assoc w R,0,320,0.1722,315,5,0.3617,0.0051,111.27,5.9983671429044265e-111,0.9617,112.6,0,1,2,31,252,33,1,5.468511378614536e-109,1
rrs,n.1401A>G,capreomycin,Assoc w R,0,320,0.1722,315,5,0.3617,0.0051,111.27,5.9983671429044265e-111,0.9617,112.6,0,1,2,31,252,33,1,5.468511378614536e-109,1
rrs,n.1401A>G,streptomycin,Uncertain significance,0,320,0.1722,315,5,0.3617,0.0051,111.27,5.9983671429044265e-111,0.9617,112.6,0,1,2,31,252,33,1,5.468511378614536e-109,1
embB,p.Met306Ile,ethambutol,Assoc w R,0,284,0.1529,273,11,0.3134,0.0111,40.506,4.001703151761834e-85,0.9947,122.2,0,8,1,65,146,63,1,1.368082265008577e-83,1
ethA,c.-11A>G,ethionamide,Uncertain significance,0,272,0.1464,271,1,0.3111,0.001,445.343,3.712609612754197e-99,0.9935,106.1,0,1,0,27,225,19,0,1.6923312151471218e-97,1
ethA,c.-11A>G,prothionamide,Uncertain significance,0,272,0.1464,271,1,0.3111,0.001,445.343,3.712609612754197e-99,0.9935,106.1,0,1,0,27,225,19,0,1.6923312151471218e-97,1
inhA,c.-770T>A,isoniazid,Assoc w R - Interim,0,265,0.1426,263,2,0.302,0.002,213.039,6.799833792906541e-94,0.9894,116.2,0,2,0,26,218,19,0,2.4796727231465852e-92,1
inhA,c.-770T>A,ethionamide,Assoc w R - Interim,0,265,0.1426,263,2,0.302,0.002,213.039,6.799833792906541e-94,0.9894,116.2,0,2,0,26,218,19,0,2.4796727231465852e-92,1
inhA,c.-770T>A,prothionamide,Assoc w R - Interim,0,265,0.1426,263,2,0.302,0.002,213.039,6.799833792906541e-94,0.9894,116.2,0,2,0,26,218,19,0,2.4796727231465852e-92,1
rpoB,p.Leu452Pro,rifapentine,Assoc w R,1,246,0.1324,233,13,0.2675,0.0132,27.362,2.6083042794054933e-67,0.9911,103.3,0,0,8,20,199,19,0,6.794011623022881e-66,1
rpoB,p.Leu452Pro,rifampicin,Assoc w R,1,246,0.1324,233,13,0.2675,0.0132,27.362,2.6083042794054933e-67,0.9911,103.3,0,0,8,20,199,19,0,6.794011623022881e-66,1
pncA,c.456dupC,pyrazinamide,Assoc w R,0,221,0.1189,221,0,0.2537,0.0,999.0,8.1083639404721845e-81,0.9225,126.6,0,0,0,11,195,15,0,2.608985338493109e-79,1
rpoB,p.Asp435Gly,rifapentine,Assoc w R - Interim,1,193,0.1039,193,0,0.2216,0.0,999.0,9.559319075696488e-70,1.0084,111.9,0,0,0,4,183,6,0,2.7520776496873577e-68,1
rpoB,p.Asp435Gly,rifampicin,Assoc w R - Interim,1,193,0.1039,193,0,0.2216,0.0,999.0,9.559319075696488e-70,1.0084,111.9,0,0,0,4,183,6,0,2.7520776496873577e-68,1
rrs,n.514A>C,streptomycin,Assoc w R,0,177,0.0953,171,6,0.1963,0.0061,39.941,5.405459312537536e-52,0.9799,108.7,0,1,1,29,103,40,3,1.0559950871278687e-50,1
rrs,n.514A>C,amikacin,Not assoc w R,0,177,0.0953,171,6,0.1963,0.0061,39.941,5.405459312537536e-52,0.9799,108.7,0,1,1,29,103,40,3,1.0559950871278687e-50,1
rrs,n.514A>C,kanamycin,Not assoc w R - Interim,0,177,0.0953,171,6,0.1963,0.0061,39.941,5.405459312537536e-52,0.9799,108.7,0,1,1,29,103,40,3,1.0559950871278687e-50,1
rrs,n.514A>C,capreomycin,Not assoc w R,0,177,0.0953,171,6,0.1963,0.0061,39.941,5.405459312537536e-52,0.9799,108.7,0,1,1,29,103,40,3,1.0559950871278687e-50,1
gyrA,p.Asp94Gly,moxifloxacin,Assoc w R,0,162,0.0872,153,9,0.1757,0.0091,23.156,2.496365989898691e-42,0.9387,108.5,0,3,0,0,106,51,2,4.5517073215819466e-41,1
gid,p.Leu79Ser,streptomycin,Uncertain significance,0,162,0.0872,160,2,0.1837,0.002,110.83,1.9773214955839968e-53,1.0029,110.8,0,2,0,19,103,38,0,4.91634026402021e-52,1
gyrA,p.Asp94Gly,levofloxacin,Assoc w R,0,162,0.0872,153,9,0.1757,0.0091,23.156,2.496365989898691e-42,0.9387,108.5,0,3,0,0,106,51,2,4.5517073215819466e-41,1
ethA,p.Ala381Pro,ethionamide,Uncertain significance,0,161,0.0867,159,2,0.1825,0.002,109.982,4.654938208391742e-53,0.9951,114.8,0,2,0,19,102,38,0,1.0609379999959513e-51,1
ethA,p.Ala381Pro,prothionamide,Uncertain significance,0,161,0.0867,159,2,0.1825,0.002,109.982,4.654938208391742e-53,0.9951,114.8,0,2,0,19,102,38,0,1.0609379999959513e-51,1
inhA,c.-777C>T,ethionamide,Assoc w R,0,155,0.0834,140,15,0.1607,0.0152,12.41,1.4781008711120107e-32,0.9876,115.7,0,15,0,31,80,29,0,2.1276873065743947e-31,1
inhA,c.-777C>T,prothionamide,Assoc w R,0,155,0.0834,140,15,0.1607,0.0152,12.41,1.4781008711120107e-32,0.9876,115.7,0,15,0,31,80,29,0,2.1276873065743947e-31,1
inhA,c.-777C>T,isoniazid,Assoc w R,0,155,0.0834,140,15,0.1607,0.0152,12.41,1.4781008711120107e-32,0.9876,115.7,0,15,0,31,80,29,0,2.1276873065743947e-31,1
rpsL,p.Lys43Arg,streptomycin,Assoc w R,0,143,0.077,131,12,0.1504,0.0122,14.383,3.629891005385353e-32,0.9941,124.1,0,8,1,63,40,28,3,5.0911548203738155e-31,1
rpoB,p.Asp435Val,rifampicin,Assoc w R,1,124,0.0667,119,5,0.1366,0.0051,31.079,9.865640587143538e-35,0.9919,120.8,0,0,2,41,56,25,0,1.6864079378648484e-33,1
rpoB,p.Asp435Val,rifapentine,Assoc w R,1,124,0.0667,119,5,0.1366,0.0051,31.079,9.865640587143538e-35,0.9919,120.8,0,0,2,41,56,25,0,1.6864079378648484e-33,1
inhA,c.-779G>T,ethionamide,Assoc w R - Interim,0,108,0.0581,106,2,0.1217,0.002,68.242,6.675745328336264e-34,0.991,112.9,0,2,0,9,78,19,0,1.0433236270285532e-32,1
inhA,c.-779G>T,prothionamide,Assoc w R - Interim,0,108,0.0581,106,2,0.1217,0.002,68.242,6.675745328336264e-34,0.991,112.9,0,2,0,9,78,19,0,1.0433236270285532e-32,1
inhA,c.-779G>T,isoniazid,Assoc w R - Interim,0,108,0.0581,106,2,0.1217,0.002,68.242,6.675745328336264e-34,0.991,112.9,0,2,0,9,78,19,0,1.0433236270285532e-32,1
pncA,p.Cys14Arg,pyrazinamide,Assoc w R,0,89,0.0479,87,2,0.0999,0.002,54.652,2.6624948934881584e-27,1.0,112.6,0,2,0,11,54,22,0,3.640961766845057e-26,1
embB,p.Gln497Lys,ethambutol,Assoc w R,0,84,0.0452,81,3,0.093,0.003,33.63,6.2106582011827134e-24,0.9985,116.5,0,1,1,9,50,22,1,8.088642942968915e-23,1
embB,p.Gln497Arg,ethambutol,Assoc w R,0,77,0.0414,77,0,0.0884,0.0,999.0,7.15732681964838e-27,0.9935,119.0,0,0,0,10,41,26,0,9.548921391091863e-26,1
pncA,c.517dupG,pyrazinamide,Assoc w R,0,72,0.0388,71,1,0.0815,0.001,87.508,3.612914030871841e-23,0.9257,134.7,0,0,0,9,48,15,0,4.595962732295109e-22,1
mmpR5,c.144dupC,bedaquiline,Assoc w R,0,64,0.0344,49,15,0.0563,0.0152,3.863,1.2473021329397238e-06,0.7973,126.8,0,2,9,8,0,45,0,8.026756079035635e-06,1
mmpR5,c.144dupC,clofazimine,Assoc w R,0,64,0.0344,49,15,0.0563,0.0152,3.863,1.2473021329397238e-06,0.7973,126.8,0,2,9,8,0,45,0,8.026756079035635e-06,1
gyrA,p.Ser91Pro,levofloxacin,Assoc w R,0,60,0.0323,58,2,0.0666,0.002,35.135,2.970574511879833e-17,0.9625,103.0,0,2,0,0,43,15,0,3.610898351107264e-16,1
rpsL,p.Lys88Arg,streptomycin,Assoc w R,0,60,0.0323,57,3,0.0654,0.003,22.968,3.918129628659427e-16,0.9858,108.1,0,0,1,8,32,17,2,4.043805484673031e-15,1
gyrA,p.Ser91Pro,moxifloxacin,Assoc w R,0,60,0.0323,58,2,0.0666,0.002,35.135,2.970574511879833e-17,0.9625,103.0,0,2,0,0,43,15,0,3.610898351107264e-16,1
rrs,n.517C>T,kanamycin,Uncertain significance,0,53,0.0285,52,1,0.0597,0.001,62.603,9.941256942504699e-17,0.9661,123.3,0,0,0,20,19,13,1,1.1097688872551164e-15,1
rrs,n.517C>T,amikacin,Not assoc w R,0,53,0.0285,52,1,0.0597,0.001,62.603,9.941256942504699e-17,0.9661,123.3,0,0,0,20,19,13,1,1.1097688872551164e-15,1
rrs,n.517C>T,streptomycin,Assoc w R,0,53,0.0285,52,1,0.0597,0.001,62.603,9.941256942504699e-17,0.9661,123.3,0,0,0,20,19,13,1,1.1097688872551164e-15,1
rrs,n.517C>T,capreomycin,Not assoc w R,0,53,0.0285,52,1,0.0597,0.001,62.603,9.941256942504699e-17,0.9661,123.3,0,0,0,20,19,13,1,1.1097688872551164e-15,1
embA,c.-16C>G,ethambutol,Uncertain significance,0,52,0.028,50,2,0.0574,0.002,29.994,9.402973687101047e-15,0.9938,112.3,0,1,1,5,36,9,0,9.524864086748654e-14,1
inhA,c.-154G>A,prothionamide,Assoc w R - Interim,0,48,0.0258,46,2,0.0528,0.002,27.461,1.703508384476756e-13,0.9704,135.9,0,2,0,30,11,5,0,1.6347703268575184e-12,1
inhA,c.-154G>A,isoniazid,Assoc w R,0,48,0.0258,46,2,0.0528,0.002,27.461,1.703508384476756e-13,0.9704,135.9,0,2,0,30,11,5,0,1.6347703268575184e-12,1
inhA,c.-154G>A,ethionamide,Assoc w R - Interim,0,48,0.0258,46,2,0.0528,0.002,27.461,1.703508384476756e-13,0.9704,135.9,0,2,0,30,11,5,0,1.6347703268575184e-12,1
inhA,p.Ile21Thr,prothionamide,Uncertain significance,0,46,0.0248,46,0,0.0528,0.0,999.0,3.8314200747840674e-16,0.9899,115.3,0,0,0,4,28,14,0,4.030359194051702e-15,1
inhA,p.Ile21Thr,ethionamide,Uncertain significance,0,46,0.0248,46,0,0.0528,0.0,999.0,3.8314200747840674e-16,0.9899,115.3,0,0,0,4,28,14,0,4.030359194051702e-15,1
inhA,p.Ile21Thr,isoniazid,Uncertain significance,0,46,0.0248,46,0,0.0528,0.0,999.0,3.8314200747840674e-16,0.9899,115.3,0,0,0,4,28,14,0,4.030359194051702e-15,1
rpoB,p.Leu430Pro,rifampicin,Assoc w R,1,43,0.0231,19,24,0.0218,0.0243,0.895,0.7590998222979759,0.9818,113.0,0,0,24,9,6,4,0,0.8668634713924693,0
gyrA,p.Asp94Asn,moxifloxacin,Assoc w R,0,43,0.0231,42,1,0.0482,0.001,49.954,2.1105126403244793e-13,0.9346,109.1,0,1,0,0,31,11,0,1.9566956173855765e-12,1
rpoB,p.Leu430Pro,rifapentine,Assoc w R,1,43,0.0231,19,24,0.0218,0.0243,0.895,0.7590998222979759,0.9818,113.0,0,0,24,9,6,4,0,0.8668634713924693,0
gyrA,p.Asp94Asn,levofloxacin,Assoc w R,0,43,0.0231,42,1,0.0482,0.001,49.954,2.1105126403244793e-13,0.9346,109.1,0,1,0,0,31,11,0,1.9566956173855765e-12,1
inhA,p.Ile194Thr,ethionamide,Uncertain significance,0,42,0.0226,39,3,0.0448,0.003,15.375,2.566412045987403e-10,0.986,125.6,0,1,0,19,17,5,0,2.095264759932999e-09,1
inhA,p.Ile194Thr,prothionamide,Uncertain significance,0,42,0.0226,39,3,0.0448,0.003,15.375,2.566412045987403e-10,0.986,125.6,0,1,0,19,17,5,0,2.095264759932999e-09,1
inhA,p.Ile194Thr,isoniazid,Uncertain significance,0,42,0.0226,39,3,0.0448,0.003,15.375,2.566412045987403e-10,0.986,125.6,0,1,0,19,17,5,0,2.095264759932999e-09,1
rpoB,p.His445Tyr,rifampicin,Assoc w R,1,41,0.0221,24,17,0.0276,0.0172,1.617,0.15450119059074913,0.9828,92.7,0,0,16,4,17,4,0,0.4005315225267288,0
rpoB,p.His445Tyr,rifapentine,Assoc w R,1,41,0.0221,24,17,0.0276,0.0172,1.617,0.15450119059074913,0.9828,92.7,0,0,16,4,17,4,0,0.4005315225267288,0
pncA,p.Leu151Ser,pyrazinamide,Assoc w R,0,35,0.0188,35,0,0.0402,0.0,999.0,2.105273575813961e-12,0.9948,103.9,0,0,0,25,6,4,0,1.8878436819184208e-11,1
pncA,p.Tyr34Asp,pyrazinamide,Assoc w R,0,35,0.0188,35,0,0.0402,0.0,999.0,2.105273575813961e-12,0.9513,100.5,0,0,0,13,17,5,0,1.8878436819184208e-11,1
pncA,p.His71Tyr,pyrazinamide,Assoc w R,0,31,0.0167,28,3,0.0321,0.003,10.894,4.444294930803934e-07,1.0026,107.6,0,2,1,2,22,4,0,2.953785490053071e-06,1
pncA,p.Gly97Asp,pyrazinamide,Assoc w R,0,31,0.0167,31,0,0.0356,0.0,999.0,4.729604649335352e-11,0.9858,144.7,0,0,0,20,9,2,0,4.172731843849093e-10,1
tlyA,c.585_588delTGGG,capreomycin,Assoc w R,0,30,0.0161,29,1,0.0333,0.001,33.96,3.717994684372071e-09,0.9181,129.0,0,1,0,0,27,2,0,2.7483014761507068e-08,1
rpoB,p.Ile491Phe,rifampicin,Assoc w R,0,29,0.0156,29,0,0.0333,0.0,999.0,2.2330921705360953e-10,0.9975,146.8,0,0,0,10,12,7,0,1.908595964505069e-09,1
rpoB,p.Ile491Phe,rifapentine,Assoc w R,0,29,0.0156,29,0,0.0333,0.0,999.0,2.2330921705360953e-10,0.9975,146.8,0,0,0,10,12,7,0,1.908595964505069e-09,1
ethA,c.1192_1194dupGTG,ethionamide,Uncertain significance,0,27,0.0145,27,0,0.031,0.0,999.0,1.051661709278588e-09,0.8823,118.3,0,0,0,4,18,5,0,7.880259657197091e-09,1
ald,c.464delG,cycloserine,,0,27,0.0145,27,0,0.031,0.0,999.0,1.051661709278588e-09,0.926,125.9,0,0,0,4,18,5,0,7.880259657197091e-09,1
mmpR5,c.198dupG,bedaquiline,Assoc w R,0,27,0.0145,21,6,0.0241,0.0061,4.039,0.0014420884937712433,0.6575,110.6,0,1,2,3,0,21,0,0.006497710803115235,1
pncA,p.Arg154Gly,pyrazinamide,Assoc w R,0,27,0.0145,27,0,0.031,0.0,999.0,1.051661709278588e-09,0.9884,104.6,0,0,0,4,18,5,0,7.880259657197091e-09,1
ethA,c.1192_1194dupGTG,prothionamide,Uncertain significance,0,27,0.0145,27,0,0.031,0.0,999.0,1.051661709278588e-09,0.8823,118.3,0,0,0,4,18,5,0,7.880259657197091e-09,1
mmpR5,c.198dupG,clofazimine,Assoc w R,0,27,0.0145,21,6,0.0241,0.0061,4.039,0.0014420884937712433,0.6575,110.6,0,1,2,3,0,21,0,0.006497710803115235,1
rrs,n.878G>A,amikacin,Uncertain significance,0,27,0.0145,26,1,0.0299,0.001,30.338,6.64971575341176e-08,0.958,115.9,0,0,0,4,18,4,1,4.6042968571091557e-07,1
rrs,n.878G>A,capreomycin,Uncertain significance,0,27,0.0145,26,1,0.0299,0.001,30.338,6.64971575341176e-08,0.958,115.9,0,0,0,4,18,4,1,4.6042968571091557e-07,1
ethA,c.869dupA,ethionamide,Assoc w R,0,27,0.0145,27,0,0.031,0.0,999.0,1.051661709278588e-09,0.9556,127.5,0,0,0,4,18,5,0,7.880259657197091e-09,1
embB,p.Gly406Ala,ethambutol,Assoc w R,0,27,0.0145,23,4,0.0264,0.0041,6.665,4.942129236298105e-05,0.9883,111.7,0,3,0,6,18,0,0,0.00026246064973350127,1
rrs,n.878G>A,kanamycin,Uncertain significance,0,27,0.0145,26,1,0.0299,0.001,30.338,6.64971575341176e-08,0.958,115.9,0,0,0,4,18,4,1,4.6042968571091557e-07,1
ethA,c.869dupA,prothionamide,Assoc w R,0,27,0.0145,27,0,0.031,0.0,999.0,1.051661709278588e-09,0.9556,127.5,0,0,0,4,18,5,0,7.880259657197091e-09,1
rrs,n.878G>A,streptomycin,Assoc w R - Interim,0,27,0.0145,26,1,0.0299,0.001,30.338,6.64971575341176e-08,0.958,115.9,0,0,0,4,18,4,1,4.6042968571091557e-07,1
embB,p.His312Arg,ethambutol,,0,26,0.014,2,24,0.0023,0.0243,0.092,2.829821593626717e-05,0.934,93.0,0,22,0,1,1,0,2,0.00015325865462513015,1
rrs,n.462C>T,kanamycin,Uncertain significance,0,26,0.014,2,24,0.0023,0.0243,0.092,2.829821593626717e-05,0.9285,104.7,0,21,0,1,1,0,3,0.00015325865462513015,1
rrs,n.462C>T,streptomycin,Uncertain significance,0,26,0.014,2,24,0.0023,0.0243,0.092,2.829821593626717e-05,0.9285,104.7,0,21,0,1,1,0,3,0.00015325865462513015,1
rrs,n.462C>T,amikacin,Uncertain significance,0,26,0.014,2,24,0.0023,0.0243,0.092,2.829821593626717e-05,0.9285,104.7,0,21,0,1,1,0,3,0.00015325865462513015,1
rrs,n.462C>T,capreomycin,Uncertain significance,0,26,0.014,2,24,0.0023,0.0243,0.092,2.829821593626717e-05,0.9285,104.7,0,21,0,1,1,0,3,0.00015325865462513015,1
rpoB,p.His445Leu,rifapentine,Assoc w R,1,25,0.0135,22,3,0.0253,0.003,8.499,2.2786433679276567e-05,0.9725,103.0,0,0,3,2,10,10,0,0.00013120188655330823,1
gyrA,p.Asp94Ala,moxifloxacin,Assoc w R,0,25,0.0135,23,2,0.0264,0.002,13.358,2.274148446406379e-06,0.9459,94.6,0,0,0,0,19,6,0,1.4298381611313671e-05,1
gyrA,p.Asp94Ala,levofloxacin,Assoc w R,0,25,0.0135,23,2,0.0264,0.002,13.358,2.274148446406379e-06,0.9459,94.6,0,0,0,0,19,6,0,1.4298381611313671e-05,1
rpoB,p.His445Leu,rifampicin,Assoc w R,1,25,0.0135,22,3,0.0253,0.003,8.499,2.2786433679276567e-05,0.9725,103.0,0,0,3,2,10,10,0,0.00013120188655330823,1
pncA,p.Gly132Ala,pyrazinamide,Assoc w R,0,25,0.0135,25,0,0.0287,0.0,999.0,4.940113465124032e-09,0.9675,121.5,0,0,0,10,12,3,0,3.602989420563794e-08,1
rrs,n.1484G>T,streptomycin,Uncertain significance,0,24,0.0129,7,17,0.008,0.0172,0.462,0.09945721319686303,0.5094,169.8,0,1,7,5,1,1,9,0.271730619978743,0
rrs,n.1484G>T,capreomycin,Assoc w R,0,24,0.0129,7,17,0.008,0.0172,0.462,0.09945721319686303,0.5094,169.8,0,1,7,5,1,1,9,0.271730619978743,0
rrs,n.1484G>T,amikacin,Assoc w R,0,24,0.0129,7,17,0.008,0.0172,0.462,0.09945721319686303,0.5094,169.8,0,1,7,5,1,1,9,0.271730619978743,0
rrs,n.1484G>T,kanamycin,Assoc w R,0,24,0.0129,7,17,0.008,0.0172,0.462,0.09945721319686303,0.5094,169.8,0,1,7,5,1,1,9,0.271730619978743,0
embB,p.Tyr384Asn,ethambutol,,0,23,0.0124,0,23,0.0,0.0233,0.0,4.4819779830786996e-07,0.9878,64.3,0,21,0,0,0,0,2,2.953785490053071e-06,1
embB,p.Glu405Asp,ethambutol,Uncertain significance,0,23,0.0124,21,2,0.0241,0.002,12.168,8.964455479239612e-06,0.9999,116.9,0,2,0,3,15,3,0,5.272642093703299e-05,1
rpoB,p.His445Asp,rifapentine,Assoc w R,1,23,0.0124,11,12,0.0126,0.0122,1.039,1.0,0.9503,94.9,0,0,11,7,4,1,0,1.0,0
rpoB,p.His445Asp,rifampicin,Assoc w R,1,23,0.0124,11,12,0.0126,0.0122,1.039,1.0,0.9503,94.9,0,0,11,7,4,1,0,1.0,0
embB,p.Asn399Asp,ethambutol,,0,21,0.0113,1,20,0.0011,0.0203,0.056,3.3369924992747835e-05,0.902,77.5,0,18,0,0,1,0,2,0.00017895440167679474,1
rrs,n.1402C>A,amikacin,Uncertain significance,0,21,0.0113,4,17,0.0046,0.0172,0.263,0.013688851673214748,0.5032,173.6,0,1,7,2,1,1,9,0.050937427654751476,0
rrs,n.1402C>A,capreomycin,Uncertain significance,0,21,0.0113,4,17,0.0046,0.0172,0.263,0.013688851673214748,0.5032,173.6,0,1,7,2,1,1,9,0.050937427654751476,0
rrs,n.1402C>A,streptomycin,Uncertain significance,0,21,0.0113,4,17,0.0046,0.0172,0.263,0.013688851673214748,0.5032,173.6,0,1,7,2,1,1,9,0.050937427654751476,0
rrs,n.1402C>A,kanamycin,Uncertain significance,0,21,0.0113,4,17,0.0046,0.0172,0.263,0.013688851673214748,0.5032,173.6,0,1,7,2,1,1,9,0.050937427654751476,0
gyrA,p.Asp94His,levofloxacin,Assoc w R,0,21,0.0113,18,3,0.0207,0.003,6.921,0.00028686606752146063,0.9866,95.7,0,2,0,0,9,10,0,0.0014265067175839906,1
gyrA,p.Asp94His,moxifloxacin,Assoc w R,0,21,0.0113,18,3,0.0207,0.003,6.921,0.00028686606752146063,0.9866,95.7,0,2,0,0,9,10,0,0.0014265067175839906,1
rpoB,p.Asp435Tyr,rifampicin,Assoc w R,1,20,0.0108,14,6,0.0161,0.0061,2.671,0.043143756933138155,0.9595,103.0,0,0,3,7,5,5,0,0.14047401810968196,0
pncA,p.Ser59Pro,pyrazinamide,Assoc w R,0,20,0.0108,19,1,0.0218,0.001,21.988,8.570127316885949e-06,0.9992,107.2,0,0,1,12,4,3,0,5.095499611235451e-05,1
rpoB,p.Asp435Tyr,rifapentine,Assoc w R,1,20,0.0108,14,6,0.0161,0.0061,2.671,0.043143756933138155,0.9595,103.0,0,0,3,7,5,5,0,0.14047401810968196,0
ald,c.133delA,cycloserine,,0,20,0.0108,19,1,0.0218,0.001,21.988,8.570127316885949e-06,0.9596,120.8,0,1,0,1,15,3,0,5.095499611235451e-05,1
embA,c.-29_-28delCT,ethambutol,Uncertain significance,0,20,0.0108,20,0,0.023,0.0,999.0,2.336491607871206e-07,0.889,137.8,0,0,0,0,10,10,0,1.5778529746982093e-06,1
gid,p.Ala134Glu,streptomycin,Assoc w R,0,20,0.0108,19,1,0.0218,0.001,21.988,8.570127316885949e-06,1.0033,106.8,0,1,0,1,15,3,0,5.095499611235451e-05,1
pncA,c.375_389delCGATGAGGTCGATGT,pyrazinamide,Assoc w R - Interim,0,20,0.0108,20,0,0.023,0.0,999.0,2.336491607871206e-07,0.9157,122.6,0,0,0,0,10,10,0,1.5778529746982093e-06,1
embB,p.Ala388Gly,ethambutol,,0,19,0.0102,1,18,0.0011,0.0182,0.062,0.000111984918225618,0.9247,76.9,0,15,0,0,1,0,3,0.0005889975987443562,1
rpoB,p.His445Asn,rifampicin,Assoc w R,1,18,0.0097,7,11,0.008,0.0111,0.719,0.6366486211164901,0.9565,118.6,0,0,11,2,4,1,0,0.7346978813306331,0
mmpR5,c.141_142dupTC,bedaquiline,Assoc w R,0,18,0.0097,15,3,0.0172,0.003,5.748,0.0030859771828222254,0.7689,152.6,0,0,1,11,0,6,0,0.012885721519112651,1
rpoB,p.His445Asn,rifapentine,Assoc w R,1,18,0.0097,7,11,0.008,0.0111,0.719,0.6366486211164901,0.9565,118.6,0,0,11,2,4,1,0,0.7346978813306331,0
mmpR5,c.141_142dupTC,clofazimine,Assoc w R,0,18,0.0097,15,3,0.0172,0.003,5.748,0.0030859771828222254,0.7689,152.6,0,0,1,11,0,6,0,0.012885721519112651,1
panD,p.Val138Ala,pyrazinamide,,0,17,0.0091,1,16,0.0011,0.0162,0.07,0.0003735692442436619,0.9451,69.7,0,15,0,0,1,0,1,0.0018409223117232707,1
katG,p.Ile317Leu,isoniazid,,0,16,0.0086,1,15,0.0011,0.0152,0.074,0.0006805567591429032,0.9384,51.7,0,15,0,0,1,0,0,0.0032091771314755866,1
gyrA,p.Asp94Tyr,levofloxacin,Assoc w R,0,16,0.0086,14,2,0.0161,0.002,8.046,0.0014848516460500994,0.9954,112.4,0,0,0,0,8,8,0,0.006497710803115235,1
ethR,p.Ala95Thr,prothionamide,Uncertain significance,0,16,0.0086,14,2,0.0161,0.002,8.046,0.0014848516460500994,1.0019,112.4,0,1,0,6,5,3,1,0.006497710803115235,1
gyrB,p.Glu501Asp,levofloxacin,Assoc w R - Interim,0,16,0.0086,15,1,0.0172,0.001,17.278,0.00013622698132626694,0.8908,103.0,0,0,0,0,12,3,1,0.000689964433198778,1
gyrB,p.Glu501Asp,moxifloxacin,Assoc w R,0,16,0.0086,15,1,0.0172,0.001,17.278,0.00013622698132626694,0.8908,103.0,0,0,0,0,12,3,1,0.000689964433198778,1
gyrA,p.Gly88Cys,levofloxacin,Assoc w R,0,16,0.0086,16,0,0.0184,0.0,999.0,5.052363404070566e-06,0.8849,99.3,0,0,0,0,11,5,0,3.105216609018651e-05,1
gyrA,p.Asp94Tyr,moxifloxacin,Assoc w R,0,16,0.0086,14,2,0.0161,0.002,8.046,0.0014848516460500994,0.9954,112.4,0,0,0,0,8,8,0,0.006497710803115235,1
ahpC,c.-52C>T,isoniazid,Uncertain significance,0,16,0.0086,12,4,0.0138,0.0041,3.433,0.040684409385247144,0.969,95.5,0,1,0,6,9,0,0,0.13406248152849512,0
mmpR5,c.424dupC,bedaquiline,Assoc w R,0,16,0.0086,15,1,0.0172,0.001,17.278,0.00013622698132626694,0.8009,119.8,0,0,1,2,0,13,0,0.000689964433198778,1
mmpR5,c.424dupC,clofazimine,Assoc w R,0,16,0.0086,15,1,0.0172,0.001,17.278,0.00013622698132626694,0.8009,119.8,0,0,1,2,0,13,0,0.000689964433198778,1
gyrA,p.Gly88Cys,moxifloxacin,Assoc w R,0,16,0.0086,16,0,0.0184,0.0,999.0,5.052363404070566e-06,0.8849,99.3,0,0,0,0,11,5,0,3.105216609018651e-05,1
ethR,p.Ala95Thr,ethionamide,Uncertain significance,0,16,0.0086,14,2,0.0161,0.002,8.046,0.0014848516460500994,1.0019,112.4,0,1,0,6,5,3,1,0.006497710803115235,1
embA,c.-12C>T,ethambutol,Uncertain significance,0,14,0.0075,14,0,0.0161,0.0,999.0,2.3405948551547157e-05,0.958,107.8,0,0,0,5,7,2,0,0.00013336514435100308,1
rrs,n.888G>A,streptomycin,Uncertain significance,0,13,0.007,4,9,0.0046,0.0091,0.501,0.277391151864964,0.3034,108.3,0,0,2,4,0,0,7,0.5268505557990809,0
rrs,n.888G>A,capreomycin,Uncertain significance,0,13,0.007,4,9,0.0046,0.0091,0.501,0.277391151864964,0.3034,108.3,0,0,2,4,0,0,7,0.5268505557990809,0
rrs,n.888G>A,amikacin,Uncertain significance,0,13,0.007,4,9,0.0046,0.0091,0.501,0.277391151864964,0.3034,108.3,0,0,2,4,0,0,7,0.5268505557990809,0
rrs,n.888G>A,kanamycin,Uncertain significance,0,13,0.007,4,9,0.0046,0.0091,0.501,0.277391151864964,0.3034,108.3,0,0,2,4,0,0,7,0.5268505557990809,0
mmpR5,c.139dupG,clofazimine,Assoc w R,0,12,0.0065,10,2,0.0115,0.002,5.72,0.016709142016432102,0.9127,115.7,0,0,0,1,0,11,0,0.06060427509568474,0
mmpR5,c.139dupG,bedaquiline,Assoc w R,0,12,0.0065,10,2,0.0115,0.002,5.72,0.016709142016432102,0.9127,115.7,0,0,0,1,0,11,0,0.06060427509568474,0
pncA,p.Trp68Cys,pyrazinamide,Assoc w R,0,10,0.0054,8,2,0.0092,0.002,4.565,0.05290821032177287,0.9994,117.6,0,2,0,3,2,3,0,0.15394037790430723,0
katG,p.Ser315Asn,isoniazid,Assoc w R,0,10,0.0054,8,2,0.0092,0.002,4.565,0.05290821032177287,0.8401,117.7,0,2,0,5,3,0,0,0.15394037790430723,0
rpoB,p.Phe424Leu,rifapentine,Uncertain significance,0,10,0.0054,10,0,0.0115,0.0,999.0,0.0004985871957989398,0.9994,133.0,0,0,0,5,3,2,0,0.0023715408356697392,1
rpoB,p.Phe424Leu,rifampicin,Uncertain significance,0,10,0.0054,10,0,0.0115,0.0,999.0,0.0004985871957989398,0.9994,133.0,0,0,0,5,3,2,0,0.0023715408356697392,1
gyrA,p.Gly88Ala,levofloxacin,Assoc w R - Interim,0,10,0.0054,10,0,0.0115,0.0,999.0,0.0004985871957989398,1.0016,91.8,0,0,0,0,1,9,0,0.0023715408356697392,1
gyrA,p.Gly88Ala,moxifloxacin,Assoc w R - Interim,0,10,0.0054,10,0,0.0115,0.0,999.0,0.0004985871957989398,1.0016,91.8,0,0,0,0,1,9,0,0.0023715408356697392,1
embB,p.Asp1024Asn,ethambutol,Uncertain significance,0,9,0.0048,9,0,0.0103,0.0,999.0,0.001069475319062923,0.9943,99.7,0,0,0,7,2,0,0,0.004915991592667385,1
embB,p.Met306Leu,ethambutol,Assoc w R,0,9,0.0048,8,1,0.0092,0.001,9.14,0.015388951780128252,0.9997,132.8,0,0,1,6,1,1,0,0.05687673394412266,0
embB,p.Gly406Asp,ethambutol,Assoc w R,0,9,0.0048,9,0,0.0103,0.0,999.0,0.001069475319062923,0.9918,111.9,0,0,0,4,4,1,0,0.004915991592667385,1
pncA,p.His51Asp,pyrazinamide,Assoc w R,0,9,0.0048,9,0,0.0103,0.0,999.0,0.001069475319062923,0.9945,190.0,0,0,0,1,1,7,0,0.004915991592667385,1
gid,c.107delT,streptomycin,Assoc w R,0,9,0.0048,7,2,0.008,0.002,3.99,0.09215294422389839,0.9841,117.2,0,2,0,2,2,3,0,0.26530347626564427,0
gid,c.102delG,streptomycin,Assoc w R,0,8,0.0043,2,6,0.0023,0.0061,0.376,0.29567460072349167,0.9407,136.1,0,1,0,2,0,0,5,0.5596332408157437,0
mmpR5,p.Met146Thr,clofazimine,Assoc w R - Interim,0,8,0.0043,8,0,0.0092,0.0,999.0,0.0022926180072611905,0.9883,228.2,0,0,0,1,0,7,0,0.009721411240092025,1
embB,p.Gly406Cys,ethambutol,Assoc w R,0,8,0.0043,8,0,0.0092,0.0,999.0,0.0022926180072611905,1.0011,123.8,0,0,0,1,7,0,0,0.009721411240092025,1
gid,c.115delC,streptomycin,Assoc w R,0,8,0.0043,0,8,0.0,0.0081,0.0,0.008549722904574477,0.8983,108.6,0,5,0,0,0,0,3,0.03364531243742618,1
mmpR5,p.Met146Thr,bedaquiline,Assoc w R - Interim,0,8,0.0043,8,0,0.0092,0.0,999.0,0.0022926180072611905,0.9883,228.2,0,0,0,1,0,7,0,0.009721411240092025,1
rpoB,p.Val170Phe,rifampicin,Assoc w R,0,8,0.0043,7,1,0.008,0.001,7.988,0.02950170413760035,0.8368,113.9,0,0,1,2,5,0,0,0.09780261917131752,0
pncA,p.Ser104Arg,pyrazinamide,Assoc w R,0,8,0.0043,8,0,0.0092,0.0,999.0,0.0022926180072611905,1.003,134.0,0,0,0,1,1,6,0,0.009721411240092025,1
rpoB,p.Val170Phe,rifapentine,Assoc w R,0,8,0.0043,7,1,0.008,0.001,7.988,0.02950170413760035,0.8368,113.9,0,0,1,2,5,0,0,0.09780261917131752,0
rrs,n.905C>A,capreomycin,Uncertain significance,0,7,0.0038,7,0,0.008,0.0,999.0,0.004911615661389425,1.0001,86.0,0,0,0,0,7,0,0,0.019468505556376924,1
rrs,n.905C>A,amikacin,Uncertain significance,0,7,0.0038,7,0,0.008,0.0,999.0,0.004911615661389425,1.0001,86.0,0,0,0,0,7,0,0,0.019468505556376924,1
mmpR5,c.138_139delTG,clofazimine,Assoc w R,0,7,0.0038,7,0,0.008,0.0,999.0,0.004911615661389425,0.8452,124.6,0,0,0,0,0,7,0,0.019468505556376924,1
mmpR5,c.138_139delTG,bedaquiline,Assoc w R,0,7,0.0038,7,0,0.008,0.0,999.0,0.004911615661389425,0.8452,124.6,0,0,0,0,0,7,0,0.019468505556376924,1
gid,p.Gly69Asp,streptomycin,Uncertain significance,0,7,0.0038,5,2,0.0057,0.002,2.844,0.26341157081127403,1.003,141.4,0,1,0,5,0,0,1,0.5073455254710102,0
pncA,c.-11A>G,pyrazinamide,Assoc w R,0,7,0.0038,4,3,0.0046,0.003,1.513,0.7123628385519036,1.003,162.6,0,3,0,2,1,1,0,0.8169024584651808,0
katG,p.Ala379Val,isoniazid,Uncertain significance,0,7,0.0038,0,7,0.0,0.0071,0.0,0.016729882156212787,0.9452,38.7,0,7,0,0,0,0,0,0.06060427509568474,0
pncA,p.Val139Gly,pyrazinamide,Assoc w R,0,7,0.0038,7,0,0.008,0.0,999.0,0.004911615661389425,1.0,98.7,0,0,0,2,3,2,0,0.019468505556376924,1
rrs,n.905C>A,kanamycin,Uncertain significance,0,7,0.0038,7,0,0.008,0.0,999.0,0.004911615661389425,1.0001,86.0,0,0,0,0,7,0,0,0.019468505556376924,1
rrs,n.905C>A,streptomycin,Uncertain significance,0,7,0.0038,7,0,0.008,0.0,999.0,0.004911615661389425,1.0001,86.0,0,0,0,0,7,0,0,0.019468505556376924,1
eis,c.-10G>A,amikacin,Not assoc w R,0,6,0.0032,6,0,0.0069,0.0,999.0,0.010515967866928573,1.0023,223.5,0,0,0,1,4,1,0,0.040225415546922584,1
mmpR5,p.Leu32Ser,clofazimine,Assoc w R - Interim,0,6,0.0032,6,0,0.0069,0.0,999.0,0.010515967866928573,1.0029,101.5,0,0,0,1,0,5,0,0.040225415546922584,1
eis,c.-10G>A,kanamycin,Assoc w R,0,6,0.0032,6,0,0.0069,0.0,999.0,0.010515967866928573,1.0023,223.5,0,0,0,1,4,1,0,0.040225415546922584,1
mmpR5,p.Leu32Ser,bedaquiline,Assoc w R - Interim,0,6,0.0032,6,0,0.0069,0.0,999.0,0.010515967866928573,1.0029,101.5,0,0,0,1,0,5,0,0.040225415546922584,1
rrs,n.908A>G,streptomycin,Uncertain significance,0,5,0.0027,5,0,0.0057,0.0,999.0,0.022501256879236306,0.8268,97.4,0,0,0,0,5,0,0,0.07551035284013656,0
rrs,n.908A>G,capreomycin,Uncertain significance,0,5,0.0027,5,0,0.0057,0.0,999.0,0.022501256879236306,0.8268,97.4,0,0,0,0,5,0,0,0.07551035284013656,0
eis,c.-14C>T,amikacin,Assoc w R - Interim,0,5,0.0027,5,0,0.0057,0.0,999.0,0.022501256879236306,1.0015,106.0,0,0,0,4,1,0,0,0.07551035284013656,0
gyrB,p.Arg446His,levofloxacin,Uncertain significance,0,5,0.0027,4,1,0.0046,0.001,4.549,0.19268008106744927,1.0,122.0,0,1,0,0,3,1,0,0.42752429614304177,0
rpoC,p.Leu527Val,rifapentine,Uncertain significance,0,5,0.0027,5,0,0.0057,0.0,999.0,0.022501256879236306,1.0052,165.2,0,0,0,0,4,1,0,0.07551035284013656,0
rpoC,p.Leu527Val,rifampicin,Uncertain significance,0,5,0.0027,5,0,0.0057,0.0,999.0,0.022501256879236306,1.0052,165.2,0,0,0,0,4,1,0,0.07551035284013656,0
rrs,n.799C>T,amikacin,Uncertain significance,0,5,0.0027,2,3,0.0023,0.003,0.755,1.0,0.298,110.8,0,0,1,1,1,0,2,1.0,0
rrs,n.908A>G,amikacin,Uncertain significance,0,5,0.0027,5,0,0.0057,0.0,999.0,0.022501256879236306,0.8268,97.4,0,0,0,0,5,0,0,0.07551035284013656,0
ethA,p.Met1?,ethionamide,Assoc w R,0,5,0.0027,4,1,0.0046,0.001,4.549,0.19268008106744927,0.9999,158.6,0,1,0,4,0,0,0,0.42752429614304177,0
gyrB,p.Thr500Asn,moxifloxacin,Uncertain significance,0,5,0.0027,4,1,0.0046,0.001,4.549,0.19268008106744927,1.0,146.4,0,1,0,0,4,0,0,0.42752429614304177,0
rplC,p.Cys154Arg,linezolid,Assoc w R,0,5,0.0027,5,0,0.0057,0.0,999.0,0.022501256879236306,0.9459,81.4,0,0,0,0,0,5,0,0.07551035284013656,0
mmpR5,c.138_139dupTG,bedaquiline,Assoc w R,0,5,0.0027,5,0,0.0057,0.0,999.0,0.022501256879236306,0.3838,114.6,0,0,0,0,0,5,0,0.07551035284013656,0
mmpR5,c.293delA,bedaquiline,Assoc w R,0,5,0.0027,3,2,0.0034,0.002,1.702,0.6701788689315171,0.709,144.0,0,1,0,0,0,3,1,0.7701425237511341,0
mmpR5,c.138_139dupTG,clofazimine,Assoc w R,0,5,0.0027,5,0,0.0057,0.0,999.0,0.022501256879236306,0.3838,114.6,0,0,0,0,0,5,0,0.07551035284013656,0
mmpR5,c.293delA,clofazimine,Assoc w R,0,5,0.0027,3,2,0.0034,0.002,1.702,0.6701788689315171,0.709,144.0,0,1,0,0,0,3,1,0.7701425237511341,0
ethA,p.Met1?,prothionamide,Assoc w R,0,5,0.0027,4,1,0.0046,0.001,4.549,0.19268008106744927,0.9999,158.6,0,1,0,4,0,0,0,0.42752429614304177,0
eis,c.-14C>T,kanamycin,Assoc w R,0,5,0.0027,5,0,0.0057,0.0,999.0,0.022501256879236306,1.0015,106.0,0,0,0,4,1,0,0,0.07551035284013656,0
gyrB,p.Thr500Asn,levofloxacin,Uncertain significance,0,5,0.0027,4,1,0.0046,0.001,4.549,0.19268008106744927,1.0,146.4,0,1,0,0,4,0,0,0.42752429614304177,0
rrs,n.908A>G,kanamycin,Uncertain significance,0,5,0.0027,5,0,0.0057,0.0,999.0,0.022501256879236306,0.8268,97.4,0,0,0,0,5,0,0,0.07551035284013656,0
tlyA,p.Asn236Lys,capreomycin,Assoc w R,0,5,0.0027,0,5,0.0,0.0051,0.0,0.06460199260259211,0.9977,92.4,0,1,0,0,0,0,4,0.18696978811438034,0
pncA,p.Asp8Asn,pyrazinamide,Assoc w R,0,5,0.0027,4,1,0.0046,0.001,4.549,0.19268008106744927,1.0023,112.0,0,1,0,3,0,1,0,0.42752429614304177,0
pncA,p.Gly97Cys,pyrazinamide,Assoc w R,0,5,0.0027,5,0,0.0057,0.0,999.0,0.022501256879236306,1.0014,117.8,0,0,0,1,4,0,0,0.07551035284013656,0
pncA,p.Ala146Thr,pyrazinamide,Assoc w R,0,5,0.0027,4,1,0.0046,0.001,4.549,0.19268008106744927,1.0004,105.0,0,0,0,0,3,1,1,0.42752429614304177,0
gyrB,p.Arg446His,moxifloxacin,Uncertain significance,0,5,0.0027,4,1,0.0046,0.001,4.549,0.19268008106744927,1.0,122.0,0,1,0,0,3,1,0,0.42752429614304177,0
rrs,n.799C>T,streptomycin,Uncertain significance,0,5,0.0027,2,3,0.0023,0.003,0.755,1.0,0.298,110.8,0,0,1,1,1,0,2,1.0,0
rrs,n.799C>T,capreomycin,Uncertain significance,0,5,0.0027,2,3,0.0023,0.003,0.755,1.0,0.298,110.8,0,0,1,1,1,0,2,1.0,0
rrs,n.799C>T,kanamycin,Uncertain significance,0,5,0.0027,2,3,0.0023,0.003,0.755,1.0,0.298,110.8,0,0,1,1,1,0,2,1.0,0
mmpR5,c.198delG,clofazimine,Assoc w R,0,4,0.0022,3,1,0.0034,0.001,3.408,0.34637568897498605,0.8429,114.5,0,1,0,1,0,2,0,0.5723764512532676,0
pncA,p.Thr135Pro,pyrazinamide,Assoc w R,0,4,0.0022,4,0,0.0046,0.0,999.0,0.04811687457220774,1.0,331.8,0,0,0,4,0,0,0,0.14150500210213782,0
thyX,c.-16C>T,para-aminosalicylic_acid,,0,4,0.0022,4,0,0.0046,0.0,999.0,0.04811687457220774,1.0076,113.2,0,0,0,0,0,4,0,0.14150500210213782,0
rrs,n.1402C>T,capreomycin,Assoc w R,0,4,0.0022,4,0,0.0046,0.0,999.0,0.04811687457220774,1.0088,124.8,0,0,0,2,2,0,0,0.14150500210213782,0
embB,p.Phe330Val,ethambutol,Uncertain significance,0,4,0.0022,4,0,0.0046,0.0,999.0,0.04811687457220774,1.0025,100.5,0,0,0,0,0,4,0,0.14150500210213782,0
pncA,p.Asp12Ala,pyrazinamide,Assoc w R,0,4,0.0022,4,0,0.0046,0.0,999.0,0.04811687457220774,0.9977,120.0,0,0,0,0,0,4,0,0.14150500210213782,0
pncA,c.515delT,pyrazinamide,Assoc w R,0,4,0.0022,4,0,0.0046,0.0,999.0,0.04811687457220774,0.9894,168.2,0,0,0,4,0,0,0,0.14150500210213782,0
mmpR5,c.475_478delCAGC,clofazimine,Assoc w R,0,4,0.0022,4,0,0.0046,0.0,999.0,0.04811687457220774,0.8958,96.5,0,0,0,0,0,4,0,0.14150500210213782,0
mmpR5,c.475_478delCAGC,bedaquiline,Assoc w R,0,4,0.0022,4,0,0.0046,0.0,999.0,0.04811687457220774,0.8958,96.5,0,0,0,0,0,4,0,0.14150500210213782,0
pncA,p.Thr160Arg,pyrazinamide,Uncertain significance,0,4,0.0022,4,0,0.0046,0.0,999.0,0.04811687457220774,0.9962,93.5,0,0,0,2,2,0,0,0.14150500210213782,0
rrs,n.1402C>T,streptomycin,Uncertain significance,0,4,0.0022,4,0,0.0046,0.0,999.0,0.04811687457220774,1.0088,124.8,0,0,0,2,2,0,0,0.14150500210213782,0
inhA,c.-767T>A,isoniazid,,0,4,0.0022,0,4,0.0,0.0041,0.0,0.12752151753365404,0.9083,31.0,0,4,0,0,0,0,0,0.3337524884732476,0
mmpR5,c.198delG,bedaquiline,Assoc w R,0,4,0.0022,3,1,0.0034,0.001,3.408,0.34637568897498605,0.8429,114.5,0,1,0,1,0,2,0,0.5723764512532676,0
gid,c.475delA,streptomycin,Assoc w R,0,4,0.0022,4,0,0.0046,0.0,999.0,0.04811687457220774,0.9789,118.8,0,0,0,2,2,0,0,0.14150500210213782,0
rrs,n.190G>A,streptomycin,,0,4,0.0022,0,4,0.0,0.0041,0.0,0.12752151753365404,0.7566,78.2,0,3,0,0,0,0,1,0.3337524884732476,0
fbiC,c.1913_1914dupTC,clofazimine,Uncertain significance,0,4,0.0022,4,0,0.0046,0.0,999.0,0.04811687457220774,0.9618,138.5,0,0,0,0,0,4,0,0.14150500210213782,0
ahpC,c.-57C>T,isoniazid,Uncertain significance,0,4,0.0022,4,0,0.0046,0.0,999.0,0.04811687457220774,1.003,344.8,0,0,0,4,0,0,0,0.14150500210213782,0
tlyA,p.Lys69Glu,capreomycin,Uncertain significance,0,4,0.0022,4,0,0.0046,0.0,999.0,0.04811687457220774,1.0,100.2,0,0,0,0,2,2,0,0.14150500210213782,0
rrs,n.1402C>T,kanamycin,Assoc w R - Interim,0,4,0.0022,4,0,0.0046,0.0,999.0,0.04811687457220774,1.0088,124.8,0,0,0,2,2,0,0,0.14150500210213782,0
rrs,n.1402C>T,amikacin,Assoc w R - Interim,0,4,0.0022,4,0,0.0046,0.0,999.0,0.04811687457220774,1.0088,124.8,0,0,0,2,2,0,0,0.14150500210213782,0
fbiC,c.1913_1914dupTC,pretomanid,Assoc w R - Interim,0,4,0.0022,4,0,0.0046,0.0,999.0,0.04811687457220774,0.9618,138.5,0,0,0,0,0,4,0,0.14150500210213782,0
fbiC,c.1913_1914dupTC,delamanid,Assoc w R - Interim,0,4,0.0022,4,0,0.0046,0.0,999.0,0.04811687457220774,0.9618,138.5,0,0,0,0,0,4,0,0.14150500210213782,0
mmpR5,c.165delA,bedaquiline,Assoc w R,0,3,0.0016,3,0,0.0034,0.0,999.0,0.10283041743254076,0.8022,178.0,0,0,0,3,0,0,0,0.271730619978743,0
pncA,p.Val139Ala,pyrazinamide,Assoc w R,0,3,0.0016,3,0,0.0034,0.0,999.0,0.10283041743254076,1.0001,101.3,0,0,0,1,1,1,0,0.271730619978743,0
rpoB,p.Ala451Val,rifapentine,Assoc w R - Interim,1,3,0.0016,3,0,0.0034,0.0,999.0,0.10283041743254076,1.0,122.0,0,0,0,1,2,0,0,0.271730619978743,0
ethA,c.860delA,ethionamide,Assoc w R,0,3,0.0016,3,0,0.0034,0.0,999.0,0.10283041743254076,0.9464,131.3,0,0,0,3,0,0,0,0.271730619978743,0
ethA,c.860delA,prothionamide,Assoc w R,0,3,0.0016,3,0,0.0034,0.0,999.0,0.10283041743254076,0.9464,131.3,0,0,0,3,0,0,0,0.271730619978743,0
mmpR5,c.165delA,clofazimine,Assoc w R,0,3,0.0016,3,0,0.0034,0.0,999.0,0.10283041743254076,0.8022,178.0,0,0,0,3,0,0,0,0.271730619978743,0
pepQ,c.817dupG,bedaquiline,Assoc w R - Interim,0,3,0.0016,3,0,0.0034,0.0,999.0,0.10283041743254076,0.7729,158.0,0,0,0,0,0,3,0,0.271730619978743,0
mmpR5,p.Val1?,clofazimine,Assoc w R,0,3,0.0016,1,2,0.0011,0.002,0.566,1.0,0.5366,134.3,0,1,0,0,0,1,1,1.0,0
rpoB,p.Ala451Val,rifampicin,Assoc w R - Interim,1,3,0.0016,3,0,0.0034,0.0,999.0,0.10283041743254076,1.0,122.0,0,0,0,1,2,0,0,0.271730619978743,0
gyrB,p.Asp461Asn,moxifloxacin,Assoc w R - Interim,0,3,0.0016,1,2,0.0011,0.002,0.566,1.0,0.9958,201.3,0,0,0,0,1,1,1,1.0,0
gyrB,p.Asp461Asn,levofloxacin,Assoc w R,0,3,0.0016,1,2,0.0011,0.002,0.566,1.0,0.9958,201.3,0,0,0,0,1,1,1,1.0,0
rpsL,p.Lys88Thr,streptomycin,Uncertain significance,0,3,0.0016,3,0,0.0034,0.0,999.0,0.10283041743254076,0.9898,139.7,0,0,0,3,0,0,0,0.271730619978743,0
mmpR5,p.Val1?,bedaquiline,Assoc w R,0,3,0.0016,1,2,0.0011,0.002,0.566,1.0,0.5366,134.3,0,1,0,0,0,1,1,1.0,0
gid,c.87delC,streptomycin,Assoc w R,0,3,0.0016,0,3,0.0,0.003,0.0,0.25252108073892576,0.8693,110.0,0,3,0,0,0,0,0,0.488088449343436,0
gyrB,p.Asn499Thr,moxifloxacin,Assoc w R - Interim,0,3,0.0016,2,1,0.0023,0.001,2.269,0.6029018241425542,0.7875,131.0,0,1,0,0,1,1,0,0.6987019021313075,0
pncA,p.Cys14Trp,pyrazinamide,Assoc w R - Interim,0,3,0.0016,3,0,0.0034,0.0,999.0,0.10283041743254076,0.9937,120.3,0,0,0,2,0,1,0,0.271730619978743,0
pepQ,c.817dupG,clofazimine,Assoc w R - Interim,0,3,0.0016,3,0,0.0034,0.0,999.0,0.10283041743254076,0.7729,158.0,0,0,0,0,0,3,0,0.271730619978743,0
embA,c.-16C>T,ethambutol,Uncertain significance,0,3,0.0016,1,2,0.0011,0.002,0.566,1.0,1.0027,88.0,0,1,0,0,1,0,1,1.0,0
gid,c.545delG,streptomycin,Assoc w R,0,3,0.0016,1,2,0.0011,0.002,0.566,1.0,0.9534,187.3,0,2,0,1,0,0,0,1.0,0
embB,p.Thr437Ala,ethambutol,,0,3,0.0016,0,3,0.0,0.003,0.0,0.25252108073892576,0.9843,82.0,0,3,0,0,0,0,0,0.488088449343436,0
rpoB,p.Ser450Trp,rifapentine,Assoc w R,1,3,0.0016,3,0,0.0034,0.0,999.0,0.10283041743254076,0.893,126.3,0,0,0,2,1,0,0,0.271730619978743,0
rpoB,p.Ser450Trp,rifampicin,Assoc w R,1,3,0.0016,3,0,0.0034,0.0,999.0,0.10283041743254076,0.893,126.3,0,0,0,2,1,0,0,0.271730619978743,0
katG,p.Ser315Arg,isoniazid,Assoc w R,0,3,0.0016,2,1,0.0023,0.001,2.269,0.6029018241425542,1.0197,92.3,0,1,0,2,0,0,0,0.6987019021313075,0
gyrB,p.Asn499Thr,levofloxacin,Assoc w R,0,3,0.0016,2,1,0.0023,0.001,2.269,0.6029018241425542,0.7875,131.0,0,1,0,0,1,1,0,0.6987019021313075,0
mmpR5,p.Tyr145*,bedaquiline,Assoc w R,0,2,0.0011,2,0,0.0023,0.0,999.0,0.21962399856708362,0.6603,191.5,0,0,0,0,0,2,0,0.42752429614304177,0
ald,c.897_898dupGA,cycloserine,,0,2,0.0011,2,0,0.0023,0.0,999.0,0.21962399856708362,0.4106,98.0,0,0,0,0,0,2,0,0.42752429614304177,0
ald,c.436_437dupGC,cycloserine,,0,2,0.0011,2,0,0.0023,0.0,999.0,0.21962399856708362,0.9113,130.5,0,0,0,0,1,1,0,0.42752429614304177,0
mmpR5,p.Tyr157*,bedaquiline,Assoc w R,0,2,0.0011,2,0,0.0023,0.0,999.0,0.21962399856708362,0.6146,126.0,0,0,0,1,0,1,0,0.42752429614304177,0
mmpR5,p.Tyr145*,clofazimine,Assoc w R,0,2,0.0011,2,0,0.0023,0.0,999.0,0.21962399856708362,0.6603,191.5,0,0,0,0,0,2,0,0.42752429614304177,0
mmpR5,p.Tyr157*,clofazimine,Assoc w R,0,2,0.0011,2,0,0.0023,0.0,999.0,0.21962399856708362,0.6146,126.0,0,0,0,1,0,1,0,0.42752429614304177,0
ethR,p.Phe110Leu,prothionamide,Uncertain significance,0,2,0.0011,0,2,0.0,0.002,0.0,0.5016807204926171,1.0093,73.0,0,0,1,0,0,0,1,0.5851158936235854,0
rrl,n.2814G>T,capreomycin,Uncertain significance,0,2,0.0011,2,0,0.0023,0.0,999.0,0.21962399856708362,0.9932,81.5,0,0,0,1,0,1,0,0.42752429614304177,0
folC,p.Glu153Ala,para-aminosalicylic_acid,,0,2,0.0011,2,0,0.0023,0.0,999.0,0.21962399856708362,0.558,77.0,0,0,0,0,2,0,0,0.42752429614304177,0
folC,p.Arg49Trp,para-aminosalicylic_acid,,0,2,0.0011,2,0,0.0023,0.0,999.0,0.21962399856708362,0.9941,91.0,0,0,0,0,0,2,0,0.42752429614304177,0
rrl,n.2814G>T,linezolid,Assoc w R - Interim,0,2,0.0011,2,0,0.0023,0.0,999.0,0.21962399856708362,0.9932,81.5,0,0,0,1,0,1,0,0.42752429614304177,0
embB,p.Tyr319Ser,ethambutol,Assoc w R,0,2,0.0011,2,0,0.0023,0.0,999.0,0.21962399856708362,0.9979,144.0,0,0,0,0,2,0,0,0.42752429614304177,0
rpoB,p.Leu464Met,rifampicin,,0,2,0.0011,1,1,0.0011,0.001,1.133,1.0,0.2164,74.5,0,0,1,0,1,0,0,1.0,0
ahpC,c.-48G>A,isoniazid,Uncertain significance,0,2,0.0011,0,2,0.0,0.002,0.0,0.5016807204926171,1.0,141.0,0,0,0,0,0,2,0,0.5851158936235854,0
gid,c.351delG,streptomycin,Assoc w R,0,2,0.0011,2,0,0.0023,0.0,999.0,0.21962399856708362,0.961,125.5,0,0,0,1,1,0,0,0.42752429614304177,0
gid,c.351dupG,streptomycin,Assoc w R,0,2,0.0011,1,1,0.0011,0.001,1.133,1.0,0.9533,137.5,0,0,0,1,0,0,1,1.0,0
gyrA,p.His70Arg,levofloxacin,Uncertain significance,0,2,0.0011,2,0,0.0023,0.0,999.0,0.21962399856708362,1.0119,99.0,0,0,0,0,2,0,0,0.42752429614304177,0
gid,p.Gly28*,streptomycin,Assoc w R,0,2,0.0011,0,2,0.0,0.002,0.0,0.5016807204926171,0.9919,124.0,0,0,0,0,0,0,2,0.5851158936235854,0
gyrA,p.His70Arg,moxifloxacin,Uncertain significance,0,2,0.0011,2,0,0.0023,0.0,999.0,0.21962399856708362,1.0119,99.0,0,0,0,0,2,0,0,0.42752429614304177,0
rrl,n.2270G>T,capreomycin,Uncertain significance,0,2,0.0011,2,0,0.0023,0.0,999.0,0.21962399856708362,1.0066,76.0,0,0,0,0,0,2,0,0.42752429614304177,0
rpoB,p.Met434Ile,rifapentine,Assoc w R - Interim,1,2,0.0011,2,0,0.0023,0.0,999.0,0.21962399856708362,0.6585,149.5,0,0,0,1,1,0,0,0.42752429614304177,0
ethA,p.Thr342Lys,prothionamide,Uncertain significance,0,2,0.0011,2,0,0.0023,0.0,999.0,0.21962399856708362,0.9892,178.0,0,0,0,0,2,0,0,0.42752429614304177,0
rpoB,p.Met434Ile,rifampicin,Assoc w R - Interim,1,2,0.0011,2,0,0.0023,0.0,999.0,0.21962399856708362,0.6585,149.5,0,0,0,1,1,0,0,0.42752429614304177,0
pncA,p.Thr76Pro,pyrazinamide,Assoc w R,0,2,0.0011,2,0,0.0023,0.0,999.0,0.21962399856708362,1.0,116.0,0,0,0,1,1,0,0,0.42752429614304177,0
mmpR5,c.137dupG,clofazimine,Assoc w R,0,2,0.0011,2,0,0.0023,0.0,999.0,0.21962399856708362,0.8777,102.5,0,0,0,1,0,1,0,0.42752429614304177,0
mmpR5,c.137dupG,bedaquiline,Assoc w R,0,2,0.0011,2,0,0.0023,0.0,999.0,0.21962399856708362,0.8777,102.5,0,0,0,1,0,1,0,0.42752429614304177,0
mmpR5,c.32_33insT,clofazimine,Assoc w R,0,2,0.0011,0,2,0.0,0.002,0.0,0.5016807204926171,0.242,144.0,0,0,2,0,0,0,0,0.5851158936235854,0
mmpR5,c.32_33insT,bedaquiline,Assoc w R,0,2,0.0011,0,2,0.0,0.002,0.0,0.5016807204926171,0.242,144.0,0,0,2,0,0,0,0,0.5851158936235854,0
ethA,c.871delC,prothionamide,Assoc w R,0,2,0.0011,2,0,0.0023,0.0,999.0,0.21962399856708362,0.9881,115.0,0,0,0,0,1,1,0,0.42752429614304177,0
ethA,c.871delC,ethionamide,Assoc w R,0,2,0.0011,2,0,0.0023,0.0,999.0,0.21962399856708362,0.9881,115.0,0,0,0,0,1,1,0,0.42752429614304177,0
ethA,p.Thr342Lys,ethionamide,Uncertain significance,0,2,0.0011,2,0,0.0023,0.0,999.0,0.21962399856708362,0.9892,178.0,0,0,0,0,2,0,0,0.42752429614304177,0
pncA,p.Gly108Arg,pyrazinamide,Assoc w R,0,2,0.0011,2,0,0.0023,0.0,999.0,0.21962399856708362,0.9957,192.5,0,0,0,0,0,2,0,0.42752429614304177,0
rpoB,p.His445Pro,rifampicin,Assoc w R - Interim,1,2,0.0011,0,2,0.0,0.002,0.0,0.5016807204926171,1.0024,132.0,0,0,2,0,0,0,0,0.5851158936235854,0
katG,c.1416_1417dupAG,isoniazid,Assoc w R,0,2,0.0011,2,0,0.0023,0.0,999.0,0.21962399856708362,0.9787,125.0,0,0,0,2,0,0,0,0.42752429614304177,0
ethA,c.1290delC,prothionamide,Assoc w R,0,2,0.0011,2,0,0.0023,0.0,999.0,0.21962399856708362,0.9682,117.5,0,0,0,0,2,0,0,0.42752429614304177,0
katG,p.Ser140Asn,isoniazid,Uncertain significance,0,2,0.0011,0,2,0.0,0.002,0.0,0.5016807204926171,0.7354,42.0,0,2,0,0,0,0,0,0.5851158936235854,0
rrl,n.2270G>T,linezolid,Assoc w R - Interim,0,2,0.0011,2,0,0.0023,0.0,999.0,0.21962399856708362,1.0066,76.0,0,0,0,0,0,2,0,0.42752429614304177,0
gid,c.304delC,streptomycin,Assoc w R,0,2,0.0011,2,0,0.0023,0.0,999.0,0.21962399856708362,0.9817,106.5,0,0,0,0,2,0,0,0.42752429614304177,0
embB,p.Met306Thr,ethambutol,Uncertain significance,0,2,0.0011,2,0,0.0023,0.0,999.0,0.21962399856708362,1.0026,147.5,0,0,0,0,2,0,0,0.42752429614304177,0
rpoB,c.1296_1304delATTCATGGA,rifapentine,Assoc w R,1,2,0.0011,0,2,0.0,0.002,0.0,0.5016807204926171,0.8587,102.5,0,0,0,0,0,2,0,0.5851158936235854,0
rpoB,p.Gln432Lys,rifapentine,Assoc w R,1,2,0.0011,2,0,0.0023,0.0,999.0,0.21962399856708362,1.0024,158.5,0,0,0,1,0,1,0,0.42752429614304177,0
kasA,p.Arg121Lys,isoniazid,,0,2,0.0011,0,2,0.0,0.002,0.0,0.5016807204926171,1.0,29.0,0,2,0,0,0,0,0,0.5851158936235854,0
katG,p.Thr380Ile,isoniazid,Uncertain significance,0,2,0.0011,0,2,0.0,0.002,0.0,0.5016807204926171,0.865,100.5,0,2,0,0,0,0,0,0.5851158936235854,0
katG,c.18delA,isoniazid,Assoc w R,0,2,0.0011,2,0,0.0023,0.0,999.0,0.21962399856708362,0.9442,152.0,0,0,0,0,2,0,0,0.42752429614304177,0
ethA,c.672dupG,ethionamide,Assoc w R,0,2,0.0011,0,2,0.0,0.002,0.0,0.5016807204926171,0.9588,100.0,0,2,0,0,0,0,0,0.5851158936235854,0
ethA,c.672dupG,prothionamide,Assoc w R,0,2,0.0011,0,2,0.0,0.002,0.0,0.5016807204926171,0.9588,100.0,0,2,0,0,0,0,0,0.5851158936235854,0
embB,p.Ser347Thr,ethambutol,Uncertain significance,0,2,0.0011,2,0,0.0023,0.0,999.0,0.21962399856708362,0.7137,127.0,0,0,0,2,0,0,0,0.42752429614304177,0
rpoB,p.Gln432Lys,rifampicin,Assoc w R,1,2,0.0011,2,0,0.0023,0.0,999.0,0.21962399856708362,1.0024,158.5,0,0,0,1,0,1,0,0.42752429614304177,0
ethA,c.1290delC,ethionamide,Assoc w R,0,2,0.0011,2,0,0.0023,0.0,999.0,0.21962399856708362,0.9682,117.5,0,0,0,0,2,0,0,0.42752429614304177,0
rpoB,p.Asn437Ser,rifapentine,Assoc w R - Interim,1,2,0.0011,2,0,0.0023,0.0,999.0,0.21962399856708362,1.0144,139.0,0,0,0,1,0,1,0,0.42752429614304177,0
rpoB,p.His445Pro,rifapentine,Assoc w R - Interim,1,2,0.0011,0,2,0.0,0.002,0.0,0.5016807204926171,1.0024,132.0,0,0,2,0,0,0,0,0.5851158936235854,0
pncA,p.Val130Gly,pyrazinamide,Assoc w R - Interim,0,2,0.0011,2,0,0.0023,0.0,999.0,0.21962399856708362,1.0,116.0,0,0,0,2,0,0,0,0.42752429614304177,0
pncA,p.Phe58Ser,pyrazinamide,Assoc w R - Interim,0,2,0.0011,2,0,0.0023,0.0,999.0,0.21962399856708362,0.9957,95.0,0,0,0,0,2,0,0,0.42752429614304177,0
pncA,p.Met175Val,pyrazinamide,Assoc w R,0,2,0.0011,2,0,0.0023,0.0,999.0,0.21962399856708362,1.0,160.0,0,0,0,0,2,0,0,0.42752429614304177,0
rpoB,p.Asn437Ser,rifampicin,Assoc w R - Interim,1,2,0.0011,2,0,0.0023,0.0,999.0,0.21962399856708362,1.0144,139.0,0,0,0,1,0,1,0,0.42752429614304177,0
mmpR5,c.466dupC,bedaquiline,Assoc w R,0,2,0.0011,2,0,0.0023,0.0,999.0,0.21962399856708362,0.7048,115.5,0,0,0,1,0,1,0,0.42752429614304177,0
mmpR5,p.Arg156*,clofazimine,Assoc w R,0,2,0.0011,2,0,0.0023,0.0,999.0,0.21962399856708362,0.6627,144.0,0,0,0,1,0,1,0,0.42752429614304177,0
mmpR5,p.Arg156*,bedaquiline,Assoc w R,0,2,0.0011,2,0,0.0023,0.0,999.0,0.21962399856708362,0.6627,144.0,0,0,0,1,0,1,0,0.42752429614304177,0
mmpR5,p.Ala36Val,clofazimine,Assoc w R - Interim,0,2,0.0011,2,0,0.0023,0.0,999.0,0.21962399856708362,0.9734,115.0,0,0,0,0,0,2,0,0.42752429614304177,0
mmpR5,p.Ala36Val,bedaquiline,Assoc w R - Interim,0,2,0.0011,2,0,0.0023,0.0,999.0,0.21962399856708362,0.9734,115.0,0,0,0,0,0,2,0,0.42752429614304177,0
mmpR5,c.492_493dupCG,clofazimine,Assoc w R,0,2,0.0011,2,0,0.0023,0.0,999.0,0.21962399856708362,0.569,105.5,0,0,0,0,0,2,0,0.42752429614304177,0
mmpR5,p.Gln76*,bedaquiline,Assoc w R,0,2,0.0011,2,0,0.0023,0.0,999.0,0.21962399856708362,0.2752,72.5,0,0,0,0,0,2,0,0.42752429614304177,0
pncA,c.389delT,pyrazinamide,Assoc w R,0,2,0.0011,2,0,0.0023,0.0,999.0,0.21962399856708362,0.9605,195.0,0,0,0,2,0,0,0,0.42752429614304177,0
mmpR5,p.Gln76*,clofazimine,Assoc w R,0,2,0.0011,2,0,0.0023,0.0,999.0,0.21962399856708362,0.2752,72.5,0,0,0,0,0,2,0,0.42752429614304177,0
mmpR5,c.412delG,clofazimine,Assoc w R,0,2,0.0011,2,0,0.0023,0.0,999.0,0.21962399856708362,0.9885,188.5,0,0,0,0,0,2,0,0.42752429614304177,0
katG,p.Leu587Pro,isoniazid,Uncertain significance,0,2,0.0011,0,2,0.0,0.002,0.0,0.5016807204926171,0.4458,107.5,0,1,0,1,0,0,0,0.5851158936235854,0
katG,p.Gln127Pro,isoniazid,Uncertain significance,0,2,0.0011,2,0,0.0023,0.0,999.0,0.21962399856708362,0.9959,124.0,0,0,0,1,0,1,0,0.42752429614304177,0
katG,p.Asn138Ser,isoniazid,Uncertain significance,0,2,0.0011,0,2,0.0,0.002,0.0,0.5016807204926171,1.005,107.5,0,2,0,0,0,0,0,0.5851158936235854,0
mmpR5,c.144delC,bedaquiline,Assoc w R,0,2,0.0011,1,1,0.0011,0.001,1.133,1.0,0.9759,140.5,0,0,1,0,0,1,0,1.0,0
mmpR5,c.144delC,clofazimine,Assoc w R,0,2,0.0011,1,1,0.0011,0.001,1.133,1.0,0.9759,140.5,0,0,1,0,0,1,0,1.0,0
rpoB,c.1296_1304delATTCATGGA,rifampicin,Assoc w R,1,2,0.0011,0,2,0.0,0.002,0.0,0.5016807204926171,0.8587,102.5,0,0,0,0,0,2,0,0.5851158936235854,0
ethR,p.Phe110Leu,ethionamide,Uncertain significance,0,2,0.0011,0,2,0.0,0.002,0.0,0.5016807204926171,1.0093,73.0,0,0,1,0,0,0,1,0.5851158936235854,0
mmpR5,p.Ile67Ser,bedaquiline,Assoc w R - Interim,0,2,0.0011,2,0,0.0023,0.0,999.0,0.21962399856708362,1.0,95.5,0,0,0,0,0,2,0,0.42752429614304177,0
mmpR5,p.Ile67Ser,clofazimine,Assoc w R - Interim,0,2,0.0011,2,0,0.0023,0.0,999.0,0.21962399856708362,1.0,95.5,0,0,0,0,0,2,0,0.42752429614304177,0
mmpR5,c.466dupC,clofazimine,Assoc w R,0,2,0.0011,2,0,0.0023,0.0,999.0,0.21962399856708362,0.7048,115.5,0,0,0,1,0,1,0,0.42752429614304177,0
mmpR5,c.412delG,bedaquiline,Assoc w R,0,2,0.0011,2,0,0.0023,0.0,999.0,0.21962399856708362,0.9885,188.5,0,0,0,0,0,2,0,0.42752429614304177,0
pncA,c.64delA,pyrazinamide,Assoc w R,0,2,0.0011,0,2,0.0,0.002,0.0,0.5016807204926171,0.9638,111.0,0,2,0,0,0,0,0,0.5851158936235854,0
pncA,c.390_391dupGG,pyrazinamide,Assoc w R,0,2,0.0011,0,2,0.0,0.002,0.0,0.5016807204926171,0.9909,110.5,0,0,0,0,0,2,0,0.5851158936235854,0
pncA,c.393dupC,pyrazinamide,Assoc w R,0,2,0.0011,2,0,0.0023,0.0,999.0,0.21962399856708362,0.9547,170.0,0,0,0,0,2,0,0,0.42752429614304177,0
pncA,p.Leu172Pro,pyrazinamide,Assoc w R,0,2,0.0011,2,0,0.0023,0.0,999.0,0.21962399856708362,1.0,94.0,0,0,0,1,1,0,0,0.42752429614304177,0
mmpR5,c.441_442delGA,bedaquiline,Assoc w R,0,2,0.0011,2,0,0.0023,0.0,999.0,0.21962399856708362,0.4694,95.0,0,0,0,0,0,2,0,0.42752429614304177,0
mmpR5,c.435_436insC,clofazimine,Assoc w R,0,2,0.0011,0,2,0.0,0.002,0.0,0.5016807204926171,0.7424,179.5,0,0,2,0,0,0,0,0.5851158936235854,0
mmpR5,c.435_436insC,bedaquiline,Assoc w R,0,2,0.0011,0,2,0.0,0.002,0.0,0.5016807204926171,0.7424,179.5,0,0,2,0,0,0,0,0.5851158936235854,0
mmpR5,c.430dupG,clofazimine,Assoc w R,0,2,0.0011,2,0,0.0023,0.0,999.0,0.21962399856708362,0.8957,176.5,0,0,0,1,0,1,0,0.42752429614304177,0
mmpR5,c.430dupG,bedaquiline,Assoc w R,0,2,0.0011,2,0,0.0023,0.0,999.0,0.21962399856708362,0.8957,176.5,0,0,0,1,0,1,0,0.42752429614304177,0
mmpR5,c.441_442delGA,clofazimine,Assoc w R,0,2,0.0011,2,0,0.0023,0.0,999.0,0.21962399856708362,0.4694,95.0,0,0,0,0,0,2,0,0.42752429614304177,0
mmpR5,c.492_493dupCG,bedaquiline,Assoc w R,0,2,0.0011,2,0,0.0023,0.0,999.0,0.21962399856708362,0.569,105.5,0,0,0,0,0,2,0,0.42752429614304177,0
ddn,c.365_366insC,delamanid,Assoc w R - Interim,0,1,0.0005,1,0,0.0011,0.0,999.0,0.46878363832077496,0.9539,152.0,0,0,0,0,1,0,0,0.5723764512532676,0
embB,p.Leu359Ile,ethambutol,Uncertain significance,0,1,0.0005,0,1,0.0,0.001,0.0,1.0,1.0,80.0,0,1,0,0,0,0,0,1.0,0
embB,p.Gly406Ser,ethambutol,Assoc w R,0,1,0.0005,1,0,0.0011,0.0,999.0,0.46878363832077496,1.01,200.0,0,0,0,1,0,0,0,0.5723764512532676,0
gyrA,p.Asp89Asn,moxifloxacin,Assoc w R,0,1,0.0005,1,0,0.0011,0.0,999.0,0.46878363832077496,1.0,48.0,0,0,0,0,1,0,0,0.5723764512532676,0
gyrA,p.Asp89Asn,levofloxacin,Assoc w R,0,1,0.0005,1,0,0.0011,0.0,999.0,0.46878363832077496,1.0,48.0,0,0,0,0,1,0,0,0.5723764512532676,0
gid,p.Trp148*,streptomycin,Assoc w R,0,1,0.0005,1,0,0.0011,0.0,999.0,0.46878363832077496,1.0,154.0,0,0,0,1,0,0,0,0.5723764512532676,0
fbiC,c.181_191delAGCGCCGCGCG,pretomanid,Assoc w R - Interim,0,1,0.0005,1,0,0.0011,0.0,999.0,0.46878363832077496,0.7664,107.0,0,0,0,0,0,1,0,0.5723764512532676,0
fbiC,p.Trp198*,delamanid,Assoc w R - Interim,0,1,0.0005,1,0,0.0011,0.0,999.0,0.46878363832077496,0.4,80.0,0,0,0,1,0,0,0,0.5723764512532676,0
fbiC,p.Trp198*,clofazimine,Uncertain significance,0,1,0.0005,1,0,0.0011,0.0,999.0,0.46878363832077496,0.4,80.0,0,0,0,1,0,0,0,0.5723764512532676,0
fbiC,p.Trp161*,pretomanid,Assoc w R - Interim,0,1,0.0005,1,0,0.0011,0.0,999.0,0.46878363832077496,1.0,64.0,0,0,0,0,1,0,0,0.5723764512532676,0
gid,c.61delC,streptomycin,Assoc w R,0,1,0.0005,1,0,0.0011,0.0,999.0,0.46878363832077496,0.9085,142.0,0,0,0,1,0,0,0,0.5723764512532676,0
gid,c.563delT,streptomycin,Assoc w R,0,1,0.0005,0,1,0.0,0.001,0.0,1.0,0.7203,118.0,0,0,0,0,0,0,1,1.0,0
gid,c.52dupC,streptomycin,Assoc w R,0,1,0.0005,1,0,0.0011,0.0,999.0,0.46878363832077496,0.9804,102.0,0,0,0,0,1,0,0,0.5723764512532676,0
gid,c.420dupC,streptomycin,Assoc w R,0,1,0.0005,1,0,0.0011,0.0,999.0,0.46878363832077496,0.9412,102.0,0,0,0,1,0,0,0,0.5723764512532676,0
gid,c.386delG,streptomycin,Assoc w R,0,1,0.0005,1,0,0.0011,0.0,999.0,0.46878363832077496,0.968,125.0,0,0,0,1,0,0,0,0.5723764512532676,0
embB,p.Glu504Asp,ethambutol,Uncertain significance,0,1,0.0005,1,0,0.0011,0.0,999.0,0.46878363832077496,1.0,110.0,0,0,0,0,0,1,0,0.5723764512532676,0
ethA,c.1143dupC,ethionamide,Assoc w R,0,1,0.0005,0,1,0.0,0.001,0.0,1.0,0.9576,118.0,0,1,0,0,0,0,0,1.0,0
ethA,c.1112delG,prothionamide,Assoc w R,0,1,0.0005,1,0,0.0011,0.0,999.0,0.46878363832077496,0.9692,130.0,0,0,0,1,0,0,0,0.5723764512532676,0
ethA,c.1112delG,ethionamide,Assoc w R,0,1,0.0005,1,0,0.0011,0.0,999.0,0.46878363832077496,0.9692,130.0,0,0,0,1,0,0,0,0.5723764512532676,0
ethA,c.1047delT,prothionamide,Assoc w R,0,1,0.0005,1,0,0.0011,0.0,999.0,0.46878363832077496,0.975,80.0,0,0,0,1,0,0,0,0.5723764512532676,0
ethA,c.1047delT,ethionamide,Assoc w R,0,1,0.0005,1,0,0.0011,0.0,999.0,0.46878363832077496,0.975,80.0,0,0,0,1,0,0,0,0.5723764512532676,0
ethA,c.1029delG,prothionamide,Assoc w R,0,1,0.0005,1,0,0.0011,0.0,999.0,0.46878363832077496,0.9489,235.0,0,0,0,0,1,0,0,0.5723764512532676,0
ethA,c.1029delG,ethionamide,Assoc w R,0,1,0.0005,1,0,0.0011,0.0,999.0,0.46878363832077496,0.9489,235.0,0,0,0,0,1,0,0,0.5723764512532676,0
embB,p.Val377Met,ethambutol,Uncertain significance,0,1,0.0005,0,1,0.0,0.001,0.0,1.0,1.0,127.0,0,0,0,0,0,0,1,1.0,0
fbiC,c.181_191delAGCGCCGCGCG,delamanid,Assoc w R - Interim,0,1,0.0005,1,0,0.0011,0.0,999.0,0.46878363832077496,0.7664,107.0,0,0,0,0,0,1,0,0.5723764512532676,0
folC,p.Ile43Thr,para-aminosalicylic_acid,,0,1,0.0005,1,0,0.0011,0.0,999.0,0.46878363832077496,0.9863,73.0,0,0,0,0,1,0,0,0.5723764512532676,0
folC,p.Ile43Ser,para-aminosalicylic_acid,,0,1,0.0005,1,0,0.0011,0.0,999.0,0.46878363832077496,0.8966,145.0,0,0,0,0,1,0,0,0.5723764512532676,0
fbiC,p.Tyr104*,pretomanid,Assoc w R - Interim,0,1,0.0005,1,0,0.0011,0.0,999.0,0.46878363832077496,0.4516,93.0,0,0,0,0,1,0,0,0.5723764512532676,0
fbiC,p.Tyr104*,delamanid,Assoc w R - Interim,0,1,0.0005,1,0,0.0011,0.0,999.0,0.46878363832077496,0.4516,93.0,0,0,0,0,1,0,0,0.5723764512532676,0
fbiC,p.Tyr104*,clofazimine,Uncertain significance,0,1,0.0005,1,0,0.0011,0.0,999.0,0.46878363832077496,0.4516,93.0,0,0,0,0,1,0,0,0.5723764512532676,0
fbiC,p.Trp444*,pretomanid,Assoc w R - Interim,0,1,0.0005,1,0,0.0011,0.0,999.0,0.46878363832077496,0.1351,148.0,0,0,0,0,0,1,0,0.5723764512532676,0
fbiC,p.Trp444*,delamanid,Assoc w R - Interim,0,1,0.0005,1,0,0.0011,0.0,999.0,0.46878363832077496,0.1351,148.0,0,0,0,0,0,1,0,0.5723764512532676,0
rrs,n.906A>G,amikacin,Not assoc w R,0,1,0.0005,1,0,0.0011,0.0,999.0,0.46878363832077496,1.007,143.0,0,0,0,1,0,0,0,0.5723764512532676,0
ddn,c.311delA,pretomanid,Assoc w R - Interim,0,1,0.0005,1,0,0.0011,0.0,999.0,0.46878363832077496,0.9649,114.0,0,0,0,0,0,1,0,0.5723764512532676,0
ddn,c.311delA,delamanid,Assoc w R - Interim,0,1,0.0005,1,0,0.0011,0.0,999.0,0.46878363832077496,0.9649,114.0,0,0,0,0,0,1,0,0.5723764512532676,0
ddn,c.274dupC,pretomanid,Assoc w R - Interim,0,1,0.0005,1,0,0.0011,0.0,999.0,0.46878363832077496,0.9769,173.0,0,0,0,0,1,0,0,0.5723764512532676,0
ddn,c.274dupC,delamanid,Assoc w R - Interim,0,1,0.0005,1,0,0.0011,0.0,999.0,0.46878363832077496,0.9769,173.0,0,0,0,0,1,0,0,0.5723764512532676,0
ddn,c.114_115dupCG,pretomanid,Assoc w R - Interim,0,1,0.0005,1,0,0.0011,0.0,999.0,0.46878363832077496,0.3725,102.0,0,0,0,1,0,0,0,0.5723764512532676,0
ddn,c.114_115dupCG,delamanid,Assoc w R - Interim,0,1,0.0005,1,0,0.0011,0.0,999.0,0.46878363832077496,0.3725,102.0,0,0,0,1,0,0,0,0.5723764512532676,0
atpE,p.Ile66Met,bedaquiline,Assoc w R - Interim,0,1,0.0005,0,1,0.0,0.001,0.0,1.0,0.98,100.0,0,0,1,0,0,0,0,1.0,0
atpE,p.Glu61Asp,bedaquiline,Assoc w R - Interim,0,1,0.0005,0,1,0.0,0.001,0.0,1.0,1.0,135.0,0,0,1,0,0,0,0,1.0,0
ald,c.317_318insT,cycloserine,,0,1,0.0005,1,0,0.0011,0.0,999.0,0.46878363832077496,0.9487,78.0,0,0,0,0,1,0,0,0.5723764512532676,0
ahpC,c.-54C>T,isoniazid,Uncertain significance,0,1,0.0005,0,1,0.0,0.001,0.0,1.0,1.0,169.0,0,0,0,1,0,0,0,1.0,0
tlyA,c.388dupG,capreomycin,Assoc w R,0,1,0.0005,1,0,0.0011,0.0,999.0,0.46878363832077496,0.9697,99.0,0,0,0,0,0,1,0,0.5723764512532676,0
tlyA,c.311dupG,capreomycin,Assoc w R,0,1,0.0005,1,0,0.0011,0.0,999.0,0.46878363832077496,0.98,150.0,0,0,0,0,1,0,0,0.5723764512532676,0
rrs,n.906A>G,streptomycin,Uncertain significance,0,1,0.0005,1,0,0.0011,0.0,999.0,0.46878363832077496,1.007,143.0,0,0,0,1,0,0,0,0.5723764512532676,0
rrs,n.906A>G,kanamycin,Not assoc w R,0,1,0.0005,1,0,0.0011,0.0,999.0,0.46878363832077496,1.007,143.0,0,0,0,1,0,0,0,0.5723764512532676,0
rrs,n.906A>G,capreomycin,Uncertain significance,0,1,0.0005,1,0,0.0011,0.0,999.0,0.46878363832077496,1.007,143.0,0,0,0,1,0,0,0,0.5723764512532676,0
ald,c.1107dupG,cycloserine,,0,1,0.0005,1,0,0.0011,0.0,999.0,0.46878363832077496,0.2439,82.0,0,0,0,0,0,1,0,0.5723764512532676,0
ahpC,c.-81C>T,isoniazid,Uncertain significance,0,1,0.0005,0,1,0.0,0.001,0.0,1.0,1.0,132.0,0,0,0,1,0,0,0,1.0,0
mmpR5,p.Ser68Gly,clofazimine,Uncertain significance,0,1,0.0005,0,1,0.0,0.001,0.0,1.0,1.0,32.0,0,0,1,0,0,0,0,1.0,0
mmpR5,p.Ser68Gly,bedaquiline,Uncertain significance,0,1,0.0005,0,1,0.0,0.001,0.0,1.0,1.0,32.0,0,0,1,0,0,0,0,1.0,0
ethA,c.777dupC,prothionamide,Assoc w R,0,1,0.0005,1,0,0.0011,0.0,999.0,0.46878363832077496,0.4919,124.0,0,0,0,0,0,1,0,0.5723764512532676,0
fbiC,c.181_191delAGCGCCGCGCG,clofazimine,Uncertain significance,0,1,0.0005,1,0,0.0011,0.0,999.0,0.46878363832077496,0.7664,107.0,0,0,0,0,0,1,0,0.5723764512532676,0
fbiC,c.1481_1511delATGTGCTTGCCGCCCTGCGATCGGCGGAGCG,pretomanid,Assoc w R - Interim,0,1,0.0005,1,0,0.0011,0.0,999.0,0.46878363832077496,0.2222,63.0,0,0,0,0,1,0,0,0.5723764512532676,0
fbiC,c.1481_1511delATGTGCTTGCCGCCCTGCGATCGGCGGAGCG,delamanid,Assoc w R - Interim,0,1,0.0005,1,0,0.0011,0.0,999.0,0.46878363832077496,0.2222,63.0,0,0,0,0,1,0,0,0.5723764512532676,0
fbiC,c.1481_1511delATGTGCTTGCCGCCCTGCGATCGGCGGAGCG,clofazimine,Uncertain significance,0,1,0.0005,1,0,0.0011,0.0,999.0,0.46878363832077496,0.2222,63.0,0,0,0,0,1,0,0,0.5723764512532676,0
fbiA,c.373dupC,pretomanid,Assoc w R - Interim,0,1,0.0005,1,0,0.0011,0.0,999.0,0.46878363832077496,0.229,131.0,0,0,0,0,0,1,0,0.5723764512532676,0
fbiA,c.373dupC,delamanid,Assoc w R - Interim,0,1,0.0005,1,0,0.0011,0.0,999.0,0.46878363832077496,0.229,131.0,0,0,0,0,0,1,0,0.5723764512532676,0
fbiA,c.373dupC,clofazimine,Uncertain significance,0,1,0.0005,1,0,0.0011,0.0,999.0,0.46878363832077496,0.229,131.0,0,0,0,0,0,1,0,0.5723764512532676,0
ethA,p.Tyr84Asp,prothionamide,Uncertain significance,0,1,0.0005,1,0,0.0011,0.0,999.0,0.46878363832077496,1.0143,70.0,0,0,0,1,0,0,0,0.5723764512532676,0
ethA,p.Tyr84Asp,ethionamide,Uncertain significance,0,1,0.0005,1,0,0.0011,0.0,999.0,0.46878363832077496,1.0143,70.0,0,0,0,1,0,0,0,0.5723764512532676,0
mmpR5,p.Gly121Arg,clofazimine,Assoc w R - Interim,0,1,0.0005,1,0,0.0011,0.0,999.0,0.46878363832077496,0.7005,187.0,0,0,0,0,0,1,0,0.5723764512532676,0
mmpR5,p.Gly121Arg,bedaquiline,Assoc w R,0,1,0.0005,1,0,0.0011,0.0,999.0,0.46878363832077496,0.7005,187.0,0,0,0,0,0,1,0,0.5723764512532676,0
pncA,c.314dupG,pyrazinamide,Assoc w R,0,1,0.0005,1,0,0.0011,0.0,999.0,0.46878363832077496,0.9412,102.0,0,0,0,0,1,0,0,0.5723764512532676,0
pncA,c.192_193insA,pyrazinamide,Assoc w R,0,1,0.0005,1,0,0.0011,0.0,999.0,0.46878363832077496,0.9703,101.0,0,0,0,1,0,0,0,0.5723764512532676,0
pncA,c.169delC,pyrazinamide,Assoc w R,0,1,0.0005,0,1,0.0,0.001,0.0,1.0,0.8683,167.0,0,1,0,0,0,0,0,1.0,0
pepQ,c.371dupC,clofazimine,Assoc w R - Interim,0,1,0.0005,1,0,0.0011,0.0,999.0,0.46878363832077496,0.2826,92.0,0,0,0,0,0,1,0,0.5723764512532676,0
pepQ,c.371dupC,bedaquiline,Assoc w R - Interim,0,1,0.0005,1,0,0.0011,0.0,999.0,0.46878363832077496,0.2826,92.0,0,0,0,0,0,1,0,0.5723764512532676,0
pepQ,c.221dupC,clofazimine,Assoc w R - Interim,0,1,0.0005,1,0,0.0011,0.0,999.0,0.46878363832077496,0.2214,140.0,0,0,0,0,0,1,0,0.5723764512532676,0
pepQ,c.221dupC,bedaquiline,Assoc w R - Interim,0,1,0.0005,1,0,0.0011,0.0,999.0,0.46878363832077496,0.2214,140.0,0,0,0,0,0,1,0,0.5723764512532676,0
pepQ,c.150dupC,clofazimine,Assoc w R - Interim,0,1,0.0005,1,0,0.0011,0.0,999.0,0.46878363832077496,0.4862,109.0,0,0,0,0,0,1,0,0.5723764512532676,0
pepQ,c.150dupC,bedaquiline,Assoc w R - Interim,0,1,0.0005,1,0,0.0011,0.0,999.0,0.46878363832077496,0.4862,109.0,0,0,0,0,0,1,0,0.5723764512532676,0
mmpR5,c.386delC,clofazimine,Assoc w R,0,1,0.0005,1,0,0.0011,0.0,999.0,0.46878363832077496,0.9221,77.0,0,0,0,0,0,1,0,0.5723764512532676,0
mmpR5,c.386delC,bedaquiline,Assoc w R,0,1,0.0005,1,0,0.0011,0.0,999.0,0.46878363832077496,0.9221,77.0,0,0,0,0,0,1,0,0.5723764512532676,0
mmpR5,c.366dupG,clofazimine,Assoc w R,0,1,0.0005,1,0,0.0011,0.0,999.0,0.46878363832077496,0.137,73.0,0,0,0,0,0,1,0,0.5723764512532676,0
mmpR5,p.Asn70Asp,clofazimine,Assoc w R - Interim,0,1,0.0005,1,0,0.0011,0.0,999.0,0.46878363832077496,0.9739,115.0,0,0,0,0,0,1,0,0.5723764512532676,0
mmpR5,p.Asn70Asp,bedaquiline,Assoc w R - Interim,0,1,0.0005,1,0,0.0011,0.0,999.0,0.46878363832077496,0.9739,115.0,0,0,0,0,0,1,0,0.5723764512532676,0
mmpR5,p.Arg94Gln,clofazimine,Uncertain significance,0,1,0.0005,1,0,0.0011,0.0,999.0,0.46878363832077496,0.3469,147.0,0,0,0,1,0,0,0,0.5723764512532676,0
mmpR5,p.Arg94Gln,bedaquiline,Uncertain significance,0,1,0.0005,1,0,0.0011,0.0,999.0,0.46878363832077496,0.3469,147.0,0,0,0,1,0,0,0,0.5723764512532676,0
mmpR5,p.Arg134*,clofazimine,Assoc w R,0,1,0.0005,1,0,0.0011,0.0,999.0,0.46878363832077496,1.0116,86.0,0,0,0,0,0,1,0,0.5723764512532676,0
mmpR5,p.Arg134*,bedaquiline,Assoc w R,0,1,0.0005,1,0,0.0011,0.0,999.0,0.46878363832077496,1.0116,86.0,0,0,0,0,0,1,0,0.5723764512532676,0
mmpR5,c.282delG,clofazimine,Assoc w R,0,1,0.0005,0,1,0.0,0.001,0.0,1.0,0.225,120.0,0,0,0,0,0,1,0,1.0,0
mmpR5,c.282delG,bedaquiline,Assoc w R,0,1,0.0005,0,1,0.0,0.001,0.0,1.0,0.225,120.0,0,0,0,0,0,1,0,1.0,0
mmpR5,c.280_281insT,clofazimine,Assoc w R,0,1,0.0005,1,0,0.0011,0.0,999.0,0.46878363832077496,0.9431,123.0,0,0,0,0,0,1,0,0.5723764512532676,0
mmpR5,c.280_281insT,bedaquiline,Assoc w R,0,1,0.0005,1,0,0.0011,0.0,999.0,0.46878363832077496,0.9431,123.0,0,0,0,0,0,1,0,0.5723764512532676,0
mmpR5,c.244_245dupCG,clofazimine,Assoc w R,0,1,0.0005,1,0,0.0011,0.0,999.0,0.46878363832077496,0.9778,45.0,0,0,0,0,0,1,0,0.5723764512532676,0
mmpR5,c.429_430dupGG,clofazimine,Assoc w R,0,1,0.0005,0,1,0.0,0.001,0.0,1.0,0.9368,95.0,0,1,0,0,0,0,0,1.0,0
mmpR5,c.429_430dupGG,bedaquiline,Assoc w R,0,1,0.0005,0,1,0.0,0.001,0.0,1.0,0.9368,95.0,0,1,0,0,0,0,0,1.0,0
pncA,p.Asp12Gly,pyrazinamide,Assoc w R,0,1,0.0005,1,0,0.0011,0.0,999.0,0.46878363832077496,1.0,78.0,0,0,0,0,0,1,0,0.5723764512532676,0
pncA,p.Ala102Pro,pyrazinamide,Assoc w R,0,1,0.0005,1,0,0.0011,0.0,999.0,0.46878363832077496,1.0122,82.0,0,0,0,0,1,0,0,0.5723764512532676,0
pncA,c.62delT,pyrazinamide,Assoc w R,0,1,0.0005,1,0,0.0011,0.0,999.0,0.46878363832077496,1.0,89.0,0,0,0,1,0,0,0,0.5723764512532676,0
pncA,c.468_499delGGTGGACCTGACAGCGGGTGTGTCGGCCGATA,pyrazinamide,Assoc w R,0,1,0.0005,1,0,0.0011,0.0,999.0,0.46878363832077496,0.6441,118.0,0,0,0,1,0,0,0,0.5723764512532676,0
pncA,c.459_466delCAGGGTGC,pyrazinamide,Assoc w R,0,1,0.0005,1,0,0.0011,0.0,999.0,0.46878363832077496,0.8116,69.0,0,0,0,1,0,0,0,0.5723764512532676,0
pncA,c.407dupA,pyrazinamide,Assoc w R,0,1,0.0005,1,0,0.0011,0.0,999.0,0.46878363832077496,0.9435,124.0,0,0,0,1,0,0,0,0.5723764512532676,0
pncA,p.Ile31Ser,pyrazinamide,Assoc w R,0,1,0.0005,1,0,0.0011,0.0,999.0,0.46878363832077496,1.0,179.0,0,0,0,1,0,0,0,0.5723764512532676,0
pncA,p.Gly132Ser,pyrazinamide,Assoc w R,0,1,0.0005,1,0,0.0011,0.0,999.0,0.46878363832077496,1.0,67.0,0,0,0,1,0,0,0,0.5723764512532676,0
pncA,p.Gly105Asp,pyrazinamide,Assoc w R,0,1,0.0005,1,0,0.0011,0.0,999.0,0.46878363832077496,0.9145,117.0,0,0,0,0,1,0,0,0.5723764512532676,0
pncA,p.Glu111*,pyrazinamide,Assoc w R,0,1,0.0005,1,0,0.0011,0.0,999.0,0.46878363832077496,1.0,184.0,0,0,0,0,1,0,0,0.5723764512532676,0
pncA,p.Gln141Pro,pyrazinamide,Assoc w R,0,1,0.0005,0,1,0.0,0.001,0.0,1.0,1.0,75.0,0,0,0,0,0,0,1,1.0,0
ethA,c.1143dupC,prothionamide,Assoc w R,0,1,0.0005,0,1,0.0,0.001,0.0,1.0,0.9576,118.0,0,1,0,0,0,0,0,1.0,0
ethA,p.Gln206*,prothionamide,Assoc w R,0,1,0.0005,1,0,0.0011,0.0,999.0,0.46878363832077496,1.0109,92.0,0,0,0,1,0,0,0,0.5723764512532676,0
ethA,p.Gln206*,ethionamide,Assoc w R,0,1,0.0005,1,0,0.0011,0.0,999.0,0.46878363832077496,1.0109,92.0,0,0,0,1,0,0,0,0.5723764512532676,0
ethA,p.Gln165*,prothionamide,Assoc w R,0,1,0.0005,1,0,0.0011,0.0,999.0,0.46878363832077496,1.0,123.0,0,0,0,1,0,0,0,0.5723764512532676,0
ethA,p.Gln165*,ethionamide,Assoc w R,0,1,0.0005,1,0,0.0011,0.0,999.0,0.46878363832077496,1.0,123.0,0,0,0,1,0,0,0,0.5723764512532676,0
pncA,p.Cys72Arg,pyrazinamide,Assoc w R,0,1,0.0005,0,1,0.0,0.001,0.0,1.0,1.0091,110.0,0,1,0,0,0,0,0,1.0,0
mmpR5,c.151_152insT,clofazimine,Assoc w R,0,1,0.0005,1,0,0.0011,0.0,999.0,0.46878363832077496,0.1848,92.0,0,0,0,0,0,1,0,0.5723764512532676,0
mmpR5,c.151_152insT,bedaquiline,Assoc w R,0,1,0.0005,1,0,0.0011,0.0,999.0,0.46878363832077496,0.1848,92.0,0,0,0,0,0,1,0,0.5723764512532676,0
mmpR5,c.366dupG,bedaquiline,Assoc w R,0,1,0.0005,1,0,0.0011,0.0,999.0,0.46878363832077496,0.137,73.0,0,0,0,0,0,1,0,0.5723764512532676,0
mmpR5,c.321dupC,clofazimine,Assoc w R,0,1,0.0005,0,1,0.0,0.001,0.0,1.0,0.3028,109.0,0,0,1,0,0,0,0,1.0,0
mmpR5,c.321dupC,bedaquiline,Assoc w R,0,1,0.0005,0,1,0.0,0.001,0.0,1.0,0.3028,109.0,0,0,1,0,0,0,0,1.0,0
mmpR5,c.320_321dupGC,clofazimine,Assoc w R,0,1,0.0005,1,0,0.0011,0.0,999.0,0.46878363832077496,0.2371,194.0,0,0,0,0,0,1,0,0.5723764512532676,0
mmpR5,c.320_321dupGC,bedaquiline,Assoc w R,0,1,0.0005,1,0,0.0011,0.0,999.0,0.46878363832077496,0.2371,194.0,0,0,0,0,0,1,0,0.5723764512532676,0
mmpR5,c.291delC,clofazimine,Assoc w R,0,1,0.0005,1,0,0.0011,0.0,999.0,0.46878363832077496,0.4241,191.0,0,0,0,0,0,1,0,0.5723764512532676,0
mmpR5,c.291delC,bedaquiline,Assoc w R,0,1,0.0005,1,0,0.0011,0.0,999.0,0.46878363832077496,0.4241,191.0,0,0,0,0,0,1,0,0.5723764512532676,0
mmpR5,c.139_140dupGA,bedaquiline,Assoc w R,0,1,0.0005,0,1,0.0,0.001,0.0,1.0,0.8696,161.0,0,0,1,0,0,0,0,1.0,0
katG,p.Trp191Arg,isoniazid,Uncertain significance,0,1,0.0005,1,0,0.0011,0.0,999.0,0.46878363832077496,1.0,73.0,0,0,0,1,0,0,0,0.5723764512532676,0
mmpR5,c.244_245dupCG,bedaquiline,Assoc w R,0,1,0.0005,1,0,0.0011,0.0,999.0,0.46878363832077496,0.9778,45.0,0,0,0,0,0,1,0,0.5723764512532676,0
mmpR5,c.240delT,clofazimine,Assoc w R,0,1,0.0005,1,0,0.0011,0.0,999.0,0.46878363832077496,0.1452,62.0,0,0,0,1,0,0,0,0.5723764512532676,0
mmpR5,c.240delT,bedaquiline,Assoc w R,0,1,0.0005,1,0,0.0011,0.0,999.0,0.46878363832077496,0.1452,62.0,0,0,0,1,0,0,0,0.5723764512532676,0
mmpR5,c.214delC,clofazimine,Assoc w R,0,1,0.0005,1,0,0.0011,0.0,999.0,0.46878363832077496,0.9556,180.0,0,0,0,1,0,0,0,0.5723764512532676,0
mmpR5,c.214delC,bedaquiline,Assoc w R,0,1,0.0005,1,0,0.0011,0.0,999.0,0.46878363832077496,0.9556,180.0,0,0,0,1,0,0,0,0.5723764512532676,0
mmpR5,c.19delG,clofazimine,Assoc w R,0,1,0.0005,0,1,0.0,0.001,0.0,1.0,0.9366,142.0,0,0,0,0,0,0,1,1.0,0
mmpR5,c.19delG,bedaquiline,Assoc w R,0,1,0.0005,0,1,0.0,0.001,0.0,1.0,0.9366,142.0,0,0,0,0,0,0,1,1.0,0
pncA,p.Val125Phe,pyrazinamide,Assoc w R - Interim,0,1,0.0005,1,0,0.0011,0.0,999.0,0.46878363832077496,1.0,85.0,0,0,0,1,0,0,0,0.5723764512532676,0
pncA,p.Val125Asp,pyrazinamide,Uncertain significance,0,1,0.0005,1,0,0.0011,0.0,999.0,0.46878363832077496,1.0,51.0,0,0,0,0,1,0,0,0.5723764512532676,0
pncA,p.Thr61Pro,pyrazinamide,Assoc w R - Interim,0,1,0.0005,1,0,0.0011,0.0,999.0,0.46878363832077496,1.0,103.0,0,0,0,1,0,0,0,0.5723764512532676,0
pncA,p.Thr47Ala,pyrazinamide,Assoc w R,0,1,0.0005,1,0,0.0011,0.0,999.0,0.46878363832077496,1.0,101.0,0,0,0,1,0,0,0,0.5723764512532676,0
pncA,p.Thr142Met,pyrazinamide,Assoc w R,0,1,0.0005,0,1,0.0,0.001,0.0,1.0,0.198,202.0,0,1,0,0,0,0,0,1.0,0
katG,p.Ser140Arg,isoniazid,Uncertain significance,0,1,0.0005,0,1,0.0,0.001,0.0,1.0,1.0,107.0,0,0,0,1,0,0,0,1.0,0
katG,p.Phe252Leu,isoniazid,Uncertain significance,0,1,0.0005,1,0,0.0011,0.0,999.0,0.46878363832077496,1.0,74.0,0,0,0,0,1,0,0,0.5723764512532676,0
katG,p.Ile335Thr,isoniazid,,0,1,0.0005,0,1,0.0,0.001,0.0,1.0,1.0,122.0,0,1,0,0,0,0,0,1.0,0
katG,p.Gly305Ala,isoniazid,,0,1,0.0005,0,1,0.0,0.001,0.0,1.0,1.0,38.0,0,1,0,0,0,0,0,1.0,0
katG,p.Gly297Val,isoniazid,Uncertain significance,0,1,0.0005,0,1,0.0,0.001,0.0,1.0,0.8471,170.0,0,0,0,1,0,0,0,1.0,0
mmpR5,c.139_140dupGA,clofazimine,Assoc w R,0,1,0.0005,0,1,0.0,0.001,0.0,1.0,0.8696,161.0,0,0,1,0,0,0,0,1.0,0
rpoB,p.Asn437Asp,rifapentine,Assoc w R - Interim,1,1,0.0005,0,1,0.0,0.001,0.0,1.0,0.3356,146.0,0,0,1,0,0,0,0,1.0,0
rpoB,p.Asn437Asp,rifampicin,Assoc w R - Interim,1,1,0.0005,0,1,0.0,0.001,0.0,1.0,0.3356,146.0,0,0,1,0,0,0,0,1.0,0
rpoB,c.1312_1314delAAC,rifapentine,Assoc w R - Interim,1,1,0.0005,0,1,0.0,0.001,0.0,1.0,0.6273,110.0,0,0,1,0,0,0,0,1.0,0
rpoB,c.1312_1314delAAC,rifampicin,Assoc w R - Interim,1,1,0.0005,0,1,0.0,0.001,0.0,1.0,0.6273,110.0,0,0,1,0,0,0,0,1.0,0
rpoB,c.1306_1308delCAG,rifapentine,Assoc w R - Interim,1,1,0.0005,0,1,0.0,0.001,0.0,1.0,0.9348,92.0,0,0,1,0,0,0,0,1.0,0
rpoB,c.1306_1308delCAG,rifampicin,Assoc w R - Interim,1,1,0.0005,0,1,0.0,0.001,0.0,1.0,0.9348,92.0,0,0,1,0,0,0,0,1.0,0
rpoB,c.1294_1299delCAATTC,rifapentine,Assoc w R - Interim,1,1,0.0005,0,1,0.0,0.001,0.0,1.0,0.6535,101.0,0,0,1,0,0,0,0,1.0,0
rpoB,c.1294_1299delCAATTC,rifampicin,Assoc w R - Interim,1,1,0.0005,0,1,0.0,0.001,0.0,1.0,0.6535,101.0,0,0,1,0,0,0,0,1.0,0
pncA,p.Val180Phe,pyrazinamide,Assoc w R,0,1,0.0005,1,0,0.0011,0.0,999.0,0.46878363832077496,1.0061,163.0,0,0,0,1,0,0,0,0.5723764512532676,0
rpoB,p.Asp435Asn,rifapentine,Assoc w R - Interim,1,1,0.0005,1,0,0.0011,0.0,999.0,0.46878363832077496,1.0,66.0,0,0,0,1,0,0,0,0.5723764512532676,0
rpoB,p.Asp435Asn,rifampicin,Assoc w R - Interim,1,1,0.0005,1,0,0.0011,0.0,999.0,0.46878363832077496,1.0,66.0,0,0,0,1,0,0,0,0.5723764512532676,0
rpoB,p.Asp435Ala,rifapentine,Assoc w R - Interim,1,1,0.0005,1,0,0.0011,0.0,999.0,0.46878363832077496,1.0,66.0,0,0,0,1,0,0,0,0.5723764512532676,0
rpoB,p.Asp435Ala,rifampicin,Assoc w R - Interim,1,1,0.0005,1,0,0.0011,0.0,999.0,0.46878363832077496,1.0,66.0,0,0,0,1,0,0,0,0.5723764512532676,0
ethA,c.777dupC,ethionamide,Assoc w R,0,1,0.0005,1,0,0.0011,0.0,999.0,0.46878363832077496,0.4919,124.0,0,0,0,0,0,1,0,0.5723764512532676,0
ethA,c.65delA,prothionamide,Assoc w R,0,1,0.0005,1,0,0.0011,0.0,999.0,0.46878363832077496,0.9891,92.0,0,0,0,1,0,0,0,0.5723764512532676,0
ethA,c.65delA,ethionamide,Assoc w R,0,1,0.0005,1,0,0.0011,0.0,999.0,0.46878363832077496,0.9891,92.0,0,0,0,1,0,0,0,0.5723764512532676,0
ethA,c.5_8delCCGA,prothionamide,Assoc w R,0,1,0.0005,1,0,0.0011,0.0,999.0,0.46878363832077496,0.9481,77.0,0,0,0,1,0,0,0,0.5723764512532676,0
ethA,c.5_8delCCGA,ethionamide,Assoc w R,0,1,0.0005,1,0,0.0011,0.0,999.0,0.46878363832077496,0.9481,77.0,0,0,0,1,0,0,0,0.5723764512532676,0
ethA,c.1341delC,prothionamide,Assoc w R,0,1,0.0005,1,0,0.0011,0.0,999.0,0.46878363832077496,0.9583,96.0,0,0,0,1,0,0,0,0.5723764512532676,0
ethA,c.1341delC,ethionamide,Assoc w R,0,1,0.0005,1,0,0.0011,0.0,999.0,0.46878363832077496,0.9583,96.0,0,0,0,1,0,0,0,0.5723764512532676,0
katG,p.Asn138Asp,isoniazid,Uncertain significance,0,1,0.0005,0,1,0.0,0.001,0.0,1.0,0.4674,92.0,0,0,0,1,0,0,0,1.0,0
katG,p.Ala424Val,isoniazid,Uncertain significance,0,1,0.0005,0,1,0.0,0.001,0.0,1.0,1.0046,218.0,0,1,0,0,0,0,0,1.0,0
katG,c.18_27delACCCATTACA,isoniazid,Assoc w R,0,1,0.0005,1,0,0.0011,0.0,999.0,0.46878363832077496,0.9545,132.0,0,0,0,0,0,1,0,0.5723764512532676,0
katG,c.120delC,isoniazid,Assoc w R,0,1,0.0005,1,0,0.0011,0.0,999.0,0.46878363832077496,0.4101,217.0,0,0,0,1,0,0,0,0.5723764512532676,0
katG,c.117delG,isoniazid,Assoc w R,0,1,0.0005,1,0,0.0011,0.0,999.0,0.46878363832077496,0.9651,86.0,0,0,0,1,0,0,0,0.5723764512532676,0
inhA,p.Ser94Ala,prothionamide,Assoc w R - Interim,0,1,0.0005,1,0,0.0011,0.0,999.0,0.46878363832077496,1.0,129.0,0,0,0,1,0,0,0,0.5723764512532676,0
inhA,p.Ser94Ala,isoniazid,Assoc w R - Interim,0,1,0.0005,1,0,0.0011,0.0,999.0,0.46878363832077496,1.0,129.0,0,0,0,1,0,0,0,0.5723764512532676,0
inhA,p.Ser94Ala,ethionamide,Assoc w R - Interim,0,1,0.0005,1,0,0.0011,0.0,999.0,0.46878363832077496,1.0,129.0,0,0,0,1,0,0,0,0.5723764512532676,0
katG,p.Thr275Ala,isoniazid,Uncertain significance,0,1,0.0005,0,1,0.0,0.001,0.0,1.0,1.0,96.0,0,1,0,0,0,0,0,1.0,0
katG,p.Ser315Gly,isoniazid,Uncertain significance,0,1,0.0005,1,0,0.0011,0.0,999.0,0.46878363832077496,1.0,85.0,0,0,0,1,0,0,0,0.5723764512532676,0
ethA,c.1307delC,prothionamide,Assoc w R,0,1,0.0005,1,0,0.0011,0.0,999.0,0.46878363832077496,0.9231,78.0,0,0,0,0,1,0,0,0.5723764512532676,0
ethA,c.1307delC,ethionamide,Assoc w R,0,1,0.0005,1,0,0.0011,0.0,999.0,0.46878363832077496,0.9231,78.0,0,0,0,0,1,0,0,0.5723764512532676,0
rpoB,p.Asn438Lys,rifapentine,Assoc w R - Interim,1,1,0.0005,1,0,0.0011,0.0,999.0,0.46878363832077496,1.0,116.0,0,0,0,1,0,0,0,0.5723764512532676,0
rpoB,p.Asn438Lys,rifampicin,Assoc w R - Interim,1,1,0.0005,1,0,0.0011,0.0,999.0,0.46878363832077496,1.0,116.0,0,0,0,1,0,0,0,0.5723764512532676,0
rpoB,p.Ile480Val,rifapentine,Uncertain significance,0,1,0.0005,1,0,0.0011,0.0,999.0,0.46878363832077496,0.8571,70.0,0,0,0,0,1,0,0,0.5723764512532676,0
rpoB,p.Ile480Val,rifampicin,Uncertain significance,0,1,0.0005,1,0,0.0011,0.0,999.0,0.46878363832077496,0.8571,70.0,0,0,0,0,1,0,0,0.5723764512532676,0
rpoB,p.Ser441Leu,rifapentine,Assoc w R,1,1,0.0005,0,1,0.0,0.001,0.0,1.0,1.0,137.0,0,0,1,0,0,0,0,1.0,0
rpoB,p.Ser441Leu,rifampicin,Assoc w R,1,1,0.0005,0,1,0.0,0.001,0.0,1.0,1.0,137.0,0,0,1,0,0,0,0,1.0,0
rpoB,p.Ser441Ala,rifapentine,Assoc w R - Interim,1,1,0.0005,0,1,0.0,0.001,0.0,1.0,0.2522,115.0,0,0,1,0,0,0,0,1.0,0
rpoB,p.Ser441Ala,rifampicin,Assoc w R - Interim,1,1,0.0005,0,1,0.0,0.001,0.0,1.0,0.2522,115.0,0,0,1,0,0,0,0,1.0,0
rpoB,p.Ser431Thr,rifapentine,Assoc w R - Interim,1,1,0.0005,1,0,0.0011,0.0,999.0,0.46878363832077496,0.1695,118.0,0,0,0,1,0,0,0,0.5723764512532676,0
rpoB,p.Ser431Thr,rifampicin,Assoc w R - Interim,1,1,0.0005,1,0,0.0011,0.0,999.0,0.46878363832077496,0.1695,118.0,0,0,0,1,0,0,0,0.5723764512532676,0
rpoB,p.Pro454Arg,rifapentine,Uncertain significance,0,1,0.0005,1,0,0.0011,0.0,999.0,0.46878363832077496,1.0,186.0,0,0,0,1,0,0,0,0.5723764512532676,0
rpoB,p.Pro454Arg,rifampicin,Uncertain significance,0,1,0.0005,1,0,0.0011,0.0,999.0,0.46878363832077496,1.0,186.0,0,0,0,1,0,0,0,0.5723764512532676,0
rpoC,p.Ile885Val,rifapentine,Uncertain significance,0,1,0.0005,1,0,0.0011,0.0,999.0,0.46878363832077496,1.0,57.0,0,0,0,1,0,0,0,0.5723764512532676,0
rpoC,p.Ile885Val,rifampicin,Uncertain significance,0,1,0.0005,1,0,0.0011,0.0,999.0,0.46878363832077496,1.0,57.0,0,0,0,1,0,0,0,0.5723764512532676,0
rpoC,p.Ile491Thr,rifapentine,Uncertain significance,0,1,0.0005,1,0,0.0011,0.0,999.0,0.46878363832077496,1.0122,82.0,0,0,0,1,0,0,0,0.5723764512532676,0
rpoC,p.Ile491Thr,rifampicin,Uncertain significance,0,1,0.0005,1,0,0.0011,0.0,999.0,0.46878363832077496,1.0122,82.0,0,0,0,1,0,0,0,0.5723764512532676,0
rpoC,p.Gly332Arg,rifapentine,Uncertain significance,0,1,0.0005,0,1,0.0,0.001,0.0,1.0,0.9901,101.0,0,0,0,1,0,0,0,1.0,0
rpoC,p.Gly332Arg,rifampicin,Uncertain significance,0,1,0.0005,0,1,0.0,0.001,0.0,1.0,0.9901,101.0,0,0,0,1,0,0,0,1.0,0
ethA,p.Tyr211*,prothionamide,Assoc w R,0,1,0.0005,1,0,0.0011,0.0,999.0,0.46878363832077496,1.0,122.0,0,0,0,0,1,0,0,0.5723764512532676,0
ethA,p.Tyr211*,ethionamide,Assoc w R,0,1,0.0005,1,0,0.0011,0.0,999.0,0.46878363832077496,1.0,122.0,0,0,0,0,1,0,0,0.5723764512532676,0
fbiC,p.Trp161*,delamanid,Assoc w R - Interim,0,1,0.0005,1,0,0.0011,0.0,999.0,0.46878363832077496,1.0,64.0,0,0,0,0,1,0,0,0.5723764512532676,0
fbiC,p.Trp161*,clofazimine,Uncertain significance,0,1,0.0005,1,0,0.0011,0.0,999.0,0.46878363832077496,1.0,64.0,0,0,0,0,1,0,0,0.5723764512532676,0
fbiC,c.989_990dupGC,pretomanid,Assoc w R - Interim,0,1,0.0005,1,0,0.0011,0.0,999.0,0.46878363832077496,0.9545,44.0,0,0,0,0,0,1,0,0.5723764512532676,0
fbiC,c.989_990dupGC,delamanid,Assoc w R - Interim,0,1,0.0005,1,0,0.0011,0.0,999.0,0.46878363832077496,0.9545,44.0,0,0,0,0,0,1,0,0.5723764512532676,0
fbiC,c.989_990dupGC,clofazimine,Uncertain significance,0,1,0.0005,1,0,0.0011,0.0,999.0,0.46878363832077496,0.9545,44.0,0,0,0,0,0,1,0,0.5723764512532676,0
fbiC,c.930_931delAA,pretomanid,Assoc w R - Interim,0,1,0.0005,1,0,0.0011,0.0,999.0,0.46878363832077496,0.9342,76.0,0,0,0,0,0,1,0,0.5723764512532676,0
fbiC,c.930_931delAA,delamanid,Assoc w R - Interim,0,1,0.0005,1,0,0.0011,0.0,999.0,0.46878363832077496,0.9342,76.0,0,0,0,0,0,1,0,0.5723764512532676,0
fbiC,c.930_931delAA,clofazimine,Uncertain significance,0,1,0.0005,1,0,0.0011,0.0,999.0,0.46878363832077496,0.9342,76.0,0,0,0,0,0,1,0,0.5723764512532676,0
fbiC,c.2547_2565dupCACATACGCCCTGCTTGCG,pretomanid,Assoc w R - Interim,0,1,0.0005,0,1,0.0,0.001,0.0,1.0,0.549,204.0,0,1,0,0,0,0,0,1.0,0
fbiC,c.2547_2565dupCACATACGCCCTGCTTGCG,delamanid,Assoc w R - Interim,0,1,0.0005,0,1,0.0,0.001,0.0,1.0,0.549,204.0,0,1,0,0,0,0,0,1.0,0
fbiC,c.2547_2565dupCACATACGCCCTGCTTGCG,clofazimine,Uncertain significance,0,1,0.0005,0,1,0.0,0.001,0.0,1.0,0.549,204.0,0,1,0,0,0,0,0,1.0,0
rpoB,p.Ser493Leu,rifapentine,Uncertain significance,0,1,0.0005,1,0,0.0011,0.0,999.0,0.46878363832077496,1.011,91.0,0,0,0,0,1,0,0,0.5723764512532676,0
embB,p.Asp354Ala,ethambutol,Assoc w R,0,1,0.0005,1,0,0.0011,0.0,999.0,0.46878363832077496,0.2114,123.0,0,0,0,0,0,1,0,0.5723764512532676,0
embB,p.Asp311Gly,ethambutol,,0,1,0.0005,0,1,0.0,0.001,0.0,1.0,1.0,68.0,0,1,0,0,0,0,0,1.0,0
fbiC,p.Trp444*,clofazimine,Uncertain significance,0,1,0.0005,1,0,0.0011,0.0,999.0,0.46878363832077496,0.1351,148.0,0,0,0,0,0,1,0,0.5723764512532676,0
fbiC,p.Trp198*,pretomanid,Assoc w R - Interim,0,1,0.0005,1,0,0.0011,0.0,999.0,0.46878363832077496,0.4,80.0,0,0,0,1,0,0,0,0.5723764512532676,0
rpoB,p.Ser493Leu,rifampicin,Uncertain significance,0,1,0.0005,1,0,0.0011,0.0,999.0,0.46878363832077496,1.011,91.0,0,0,0,0,1,0,0,0.5723764512532676,0
ddn,p.Lys104*,delamanid,Assoc w R - Interim,0,1,0.0005,1,0,0.0011,0.0,999.0,0.46878363832077496,0.36,25.0,0,0,0,1,0,0,0,0.5723764512532676,0
ddn,c.365_366insC,pretomanid,Assoc w R - Interim,0,1,0.0005,1,0,0.0011,0.0,999.0,0.46878363832077496,0.9539,152.0,0,0,0,0,1,0,0,0.5723764512532676,0
embB,p.Ala356Val,ethambutol,Uncertain significance,0,1,0.0005,0,1,0.0,0.001,0.0,1.0,1.0,25.0,0,1,0,0,0,0,0,1.0,0
embA,c.-11C>A,ethambutol,Uncertain significance,0,1,0.0005,0,1,0.0,0.001,0.0,1.0,1.009,111.0,0,1,0,0,0,0,0,1.0,0
ddn,p.Lys104*,pretomanid,Assoc w R - Interim,0,1,0.0005,1,0,0.0011,0.0,999.0,0.46878363832077496,0.36,25.0,0,0,0,1,0,0,0,0.5723764512532676,0
