gene,change,drug,who_confidence,is_RRDR,total_samples,overall_freq,mdr_samples,susc_samples,mdr_freq,susc_freq,odds_ratio,pvalue,avg_allele_freq,avg_read_depth,n_Susceptible,n_HR_TB,n_RR_TB,n_MDR_TB,n_Pre_XDR_TB,n_XDR_TB,n_Other,padj_BH,significant_005
katG,p.Ser315Thr,isoniazid,Assoc w R,0,760,0.4093,724,36,0.8312,0.0365,129.97,2.3272484462165287e-308,0.9933,110.5,0,36,0,169,431,124,0,1.2730049000804413e-305,1
rpoB,p.Ser450Leu,rifampicin,Assoc w R,1,426,0.2294,385,41,0.442,0.0416,18.259,2.3707125855908365e-102,0.9899,116.4,0,0,35,130,180,81,0,1.2967797843181875e-100,1
rpoB,p.Ser450Leu,rifapentine,Assoc w R,1,426,0.2294,385,41,0.442,0.0416,18.259,2.3707125855908365e-102,0.9899,116.4,0,0,35,130,180,81,0,1.2967797843181875e-100,1
embB,p.Met306Val,ethambutol,Assoc w R,0,377,0.203,369,8,0.4237,0.0081,89.861,1.84976988417028e-130,0.9919,119.9,0,4,2,84,247,39,1,5.059120633205716e-128,1
gyrA,p.Ala90Val,levofloxacin,Assoc w R,0,321,0.1729,312,9,0.3582,0.0091,60.589,8.229092733727374e-104,0.96,110.5,0,2,0,0,265,52,2,5.626642156686092e-102,1
gyrA,p.Ala90Val,moxifloxacin,Assoc w R,0,321,0.1729,312,9,0.3582,0.0091,60.589,8.229092733727374e-104,0.96,110.5,0,2,0,0,265,52,2,5.626642156686092e-102,1
rrs,n.1401A>G,amikacin,Assoc w R,0,320,0.1723,315,5,0.3617,0.0051,111.156,7.209758743515522e-111,0.9617,112.6,0,1,2,31,252,33,1,6.572896721171651e-109,1
rrs,n.1401A>G,capreomycin,Assoc w R,0,320,0.1723,315,5,0.3617,0.0051,111.156,7.209758743515522e-111,0.9617,112.6,0,1,2,31,252,33,1,6.572896721171651e-109,1
rrs,n.1401A>G,kanamycin,Assoc w R,0,320,0.1723,315,5,0.3617,0.0051,111.156,7.209758743515522e-111,0.9617,112.6,0,1,2,31,252,33,1,6.572896721171651e-109,1
embB,p.Met306Ile,ethambutol,Assoc w R,0,284,0.1529,273,11,0.3134,0.0112,40.464,4.4820073583516715e-85,0.9947,122.2,0,8,1,65,146,63,1,1.5322862656364778e-83,1
inhA,c.-770T>A,prothionamide,Assoc w R - Interim,0,265,0.1427,263,2,0.302,0.002,212.822,7.914971742939736e-94,0.9894,116.2,0,2,0,26,218,19,0,2.8863263622586903e-92,1
inhA,c.-770T>A,isoniazid,Assoc w R - Interim,0,265,0.1427,263,2,0.302,0.002,212.822,7.914971742939736e-94,0.9894,116.2,0,2,0,26,218,19,0,2.8863263622586903e-92,1
inhA,c.-770T>A,ethionamide,Assoc w R - Interim,0,265,0.1427,263,2,0.302,0.002,212.822,7.914971742939736e-94,0.9894,116.2,0,2,0,26,218,19,0,2.8863263622586903e-92,1
rpoB,p.Leu452Pro,rifampicin,Assoc w R,1,246,0.1325,233,13,0.2675,0.0132,27.334,2.9468482811008342e-67,0.9911,103.3,0,0,8,20,199,19,0,7.675838141724554e-66,1
rpoB,p.Leu452Pro,rifapentine,Assoc w R,1,246,0.1325,233,13,0.2675,0.0132,27.334,2.9468482811008342e-67,0.9911,103.3,0,0,8,20,199,19,0,7.675838141724554e-66,1
pncA,c.456dupC,pyrazinamide,Assoc w R,0,221,0.119,221,0,0.2537,0.0,999.0,9.203017838361222e-81,0.9225,126.6,0,0,0,11,195,15,0,2.9612063279903465e-79,1
rpoB,p.Asp435Gly,rifampicin,Assoc w R - Interim,1,193,0.1039,193,0,0.2216,0.0,999.0,1.066739630188834e-69,1.0084,111.9,0,0,0,4,183,6,0,3.0710872511225905e-68,1
rpoB,p.Asp435Gly,rifapentine,Assoc w R - Interim,1,193,0.1039,193,0,0.2216,0.0,999.0,1.066739630188834e-69,1.0084,111.9,0,0,0,4,183,6,0,3.0710872511225905e-68,1
rrs,n.514A>C,streptomycin,Assoc w R,0,177,0.0953,171,6,0.1963,0.0061,39.9,5.8084540471374656e-52,0.9799,108.7,0,1,1,29,103,40,3,1.1347229870657834e-50,1
gyrA,p.Asp94Gly,levofloxacin,Assoc w R,0,162,0.0872,153,9,0.1757,0.0091,23.132,2.7011931858839463e-42,0.9387,108.5,0,3,0,0,106,51,2,4.925175575595062e-41,1
gyrA,p.Asp94Gly,moxifloxacin,Assoc w R,0,162,0.0872,153,9,0.1757,0.0091,23.132,2.7011931858839463e-42,0.9387,108.5,0,3,0,0,106,51,2,4.925175575595062e-41,1
inhA,c.-777C>T,prothionamide,Assoc w R,0,155,0.0835,140,15,0.1607,0.0152,12.398,1.5106659757526773e-32,0.9876,115.7,0,15,0,31,80,29,0,2.174563917728196e-31,1
inhA,c.-777C>T,ethionamide,Assoc w R,0,155,0.0835,140,15,0.1607,0.0152,12.398,1.5106659757526773e-32,0.9876,115.7,0,15,0,31,80,29,0,2.174563917728196e-31,1
inhA,c.-777C>T,isoniazid,Assoc w R,0,155,0.0835,140,15,0.1607,0.0152,12.398,1.5106659757526773e-32,0.9876,115.7,0,15,0,31,80,29,0,2.174563917728196e-31,1
rpsL,p.Lys43Arg,streptomycin,Assoc w R,0,143,0.077,131,12,0.1504,0.0122,14.369,7.120824316476848e-32,0.9941,124.1,0,8,1,63,40,28,3,9.987412566955988e-31,1
rpoB,p.Asp435Val,rifapentine,Assoc w R,1,124,0.0668,119,5,0.1366,0.0051,31.048,1.049484870613474e-34,0.9919,120.8,0,0,2,41,56,25,0,1.793963200704907e-33,1
rpoB,p.Asp435Val,rifampicin,Assoc w R,1,124,0.0668,119,5,0.1366,0.0051,31.048,1.049484870613474e-34,0.9919,120.8,0,0,2,41,56,25,0,1.793963200704907e-33,1
inhA,c.-779G>T,isoniazid,Assoc w R - Interim,0,108,0.0582,106,2,0.1217,0.002,68.173,7.073476119174872e-34,0.991,112.9,0,2,0,9,78,19,0,1.1054832677681871e-32,1
inhA,c.-779G>T,ethionamide,Assoc w R - Interim,0,108,0.0582,106,2,0.1217,0.002,68.173,7.073476119174872e-34,0.991,112.9,0,2,0,9,78,19,0,1.1054832677681871e-32,1
inhA,c.-779G>T,prothionamide,Assoc w R - Interim,0,108,0.0582,106,2,0.1217,0.002,68.173,7.073476119174872e-34,0.991,112.9,0,2,0,9,78,19,0,1.1054832677681871e-32,1
pncA,p.Cys14Arg,pyrazinamide,Assoc w R,0,89,0.0479,87,2,0.0999,0.002,54.597,2.7908320549590395e-27,1.0,112.6,0,2,0,11,54,22,0,3.816462835156487e-26,1
embB,p.Gln497Lys,ethambutol,Assoc w R,0,84,0.0452,81,3,0.093,0.003,33.596,6.3576749324987564e-24,0.9985,116.5,0,1,1,9,50,22,1,8.280114733516237e-23,1
embB,p.Gln497Arg,ethambutol,Assoc w R,0,77,0.0415,77,0,0.0884,0.0,999.0,7.466767675972308e-27,0.9935,119.0,0,0,0,10,41,26,0,9.961760777455738e-26,1
pncA,c.517dupG,pyrazinamide,Assoc w R,0,72,0.0388,71,1,0.0815,0.001,87.419,3.7547977443292837e-23,0.9257,134.7,0,0,0,9,48,15,0,4.776452014297949e-22,1
mmpR5,c.144dupC,clofazimine,Assoc w R,0,64,0.0345,49,15,0.0563,0.0152,3.859,1.2553859003448256e-06,0.7973,126.8,0,2,9,8,0,45,0,8.078777499866113e-06,1
mmpR5,c.144dupC,bedaquiline,Assoc w R,0,64,0.0345,49,15,0.0563,0.0152,3.859,1.2553859003448256e-06,0.7973,126.8,0,2,9,8,0,45,0,8.078777499866113e-06,1
gyrA,p.Ser91Pro,moxifloxacin,Assoc w R,0,60,0.0323,58,2,0.0666,0.002,35.1,2.9797961625831216e-17,0.9625,103.0,0,2,0,0,43,15,0,3.622107779851039e-16,1
gyrA,p.Ser91Pro,levofloxacin,Assoc w R,0,60,0.0323,58,2,0.0666,0.002,35.1,2.9797961625831216e-17,0.9625,103.0,0,2,0,0,43,15,0,3.622107779851039e-16,1
rpsL,p.Lys88Arg,streptomycin,Assoc w R,0,60,0.0323,57,3,0.0654,0.003,22.945,4.0285148794912825e-16,0.9858,108.1,0,0,1,8,32,17,2,4.1577313944938325e-15,1
rrs,n.517C>T,streptomycin,Assoc w R,0,53,0.0285,52,1,0.0597,0.001,62.54,1.0222952763872905e-16,0.9661,123.3,0,0,0,20,19,13,1,1.14121533915071e-15,1
inhA,c.-154G>A,ethionamide,Assoc w R - Interim,0,48,0.0258,46,2,0.0528,0.002,27.433,1.727231099753215e-13,0.9704,135.9,0,2,0,30,11,5,0,1.6575358097631728e-12,1
inhA,c.-154G>A,prothionamide,Assoc w R - Interim,0,48,0.0258,46,2,0.0528,0.002,27.433,1.727231099753215e-13,0.9704,135.9,0,2,0,30,11,5,0,1.6575358097631728e-12,1
inhA,c.-154G>A,isoniazid,Assoc w R,0,48,0.0258,46,2,0.0528,0.002,27.433,1.727231099753215e-13,0.9704,135.9,0,2,0,30,11,5,0,1.6575358097631728e-12,1
gyrA,p.Asp94Asn,levofloxacin,Assoc w R,0,43,0.0232,42,1,0.0482,0.001,49.903,2.1583667338384972e-13,0.9346,109.1,0,1,0,0,31,11,0,2.001062039677386e-12,1
rpoB,p.Leu430Pro,rifampicin,Assoc w R,1,43,0.0232,19,24,0.0218,0.0243,0.894,0.7590164658857838,0.9818,113.0,0,0,24,9,6,4,0,0.8667682815021371,0
gyrA,p.Asp94Asn,moxifloxacin,Assoc w R,0,43,0.0232,42,1,0.0482,0.001,49.903,2.1583667338384972e-13,0.9346,109.1,0,1,0,0,31,11,0,2.001062039677386e-12,1
rpoB,p.Leu430Pro,rifapentine,Assoc w R,1,43,0.0232,19,24,0.0218,0.0243,0.894,0.7590164658857838,0.9818,113.0,0,0,24,9,6,4,0,0.8667682815021371,0
rpoB,p.His445Tyr,rifapentine,Assoc w R,1,41,0.0221,24,17,0.0276,0.0172,1.615,0.15460517867125256,0.9828,92.7,0,0,16,4,17,4,0,0.4008011030008301,0
rpoB,p.His445Tyr,rifampicin,Assoc w R,1,41,0.0221,24,17,0.0276,0.0172,1.615,0.15460517867125256,0.9828,92.7,0,0,16,4,17,4,0,0.4008011030008301,0
pncA,p.Tyr34Asp,pyrazinamide,Assoc w R,0,35,0.0188,35,0,0.0402,0.0,999.0,2.145692980725365e-12,0.9513,100.5,0,0,0,13,17,5,0,1.9240886236996306e-11,1
pncA,p.Leu151Ser,pyrazinamide,Assoc w R,0,35,0.0188,35,0,0.0402,0.0,999.0,2.145692980725365e-12,0.9948,103.9,0,0,0,25,6,4,0,1.9240886236996306e-11,1
pncA,p.Gly97Asp,pyrazinamide,Assoc w R,0,31,0.0167,31,0,0.0356,0.0,999.0,4.809855193467481e-11,0.9858,144.7,0,0,0,20,9,2,0,4.243533533591471e-10,1
pncA,p.His71Tyr,pyrazinamide,Assoc w R,0,31,0.0167,28,3,0.0321,0.003,10.883,4.4865246237352583e-07,1.0026,107.6,0,2,1,2,22,4,0,2.956781890582152e-06,1
tlyA,c.585_588delTGGG,capreomycin,Assoc w R,0,30,0.0162,29,1,0.0333,0.001,33.925,3.775289182499411e-09,0.9181,129.0,0,1,0,0,27,2,0,2.7906529497664568e-08,1
rpoB,p.Ile491Phe,rifampicin,Assoc w R,0,29,0.0156,29,0,0.0333,0.0,999.0,2.268499318127975e-10,0.9975,146.8,0,0,0,10,12,7,0,1.9388580109625037e-09,1
rpoB,p.Ile491Phe,rifapentine,Assoc w R,0,29,0.0156,29,0,0.0333,0.0,999.0,2.268499318127975e-10,0.9975,146.8,0,0,0,10,12,7,0,1.9388580109625037e-09,1
ethA,c.869dupA,ethionamide,Assoc w R,0,27,0.0145,27,0,0.031,0.0,999.0,1.0671695553465956e-09,0.9556,127.5,0,0,0,4,18,5,0,7.996462284583394e-09,1
mmpR5,c.198dupG,bedaquiline,Assoc w R,0,27,0.0145,21,6,0.0241,0.0061,4.035,0.001446645554867289,0.6575,110.6,0,1,2,3,0,21,0,0.006507309129329084,1
ethA,c.869dupA,prothionamide,Assoc w R,0,27,0.0145,27,0,0.031,0.0,999.0,1.0671695553465956e-09,0.9556,127.5,0,0,0,4,18,5,0,7.996462284583394e-09,1
embB,p.Gly406Ala,ethambutol,Assoc w R,0,27,0.0145,23,4,0.0264,0.0041,6.659,4.9733830351518236e-05,0.9883,111.7,0,3,0,6,18,0,0,0.000264120438857092,1
mmpR5,c.198dupG,clofazimine,Assoc w R,0,27,0.0145,21,6,0.0241,0.0061,4.035,0.001446645554867289,0.6575,110.6,0,1,2,3,0,21,0,0.006507309129329084,1
pncA,p.Arg154Gly,pyrazinamide,Assoc w R,0,27,0.0145,27,0,0.031,0.0,999.0,1.0671695553465956e-09,0.9884,104.6,0,0,0,4,18,5,0,7.996462284583394e-09,1
rrs,n.878G>A,streptomycin,Assoc w R - Interim,0,27,0.0145,26,1,0.0299,0.001,30.308,6.654759674947451e-08,0.958,115.9,0,0,0,4,18,4,1,4.607789293919311e-07,1
gyrA,p.Asp94Ala,levofloxacin,Assoc w R,0,25,0.0135,23,2,0.0264,0.002,13.344,2.29788258561024e-06,0.9459,94.6,0,0,0,0,19,6,0,1.4447606601480476e-05,1
gyrA,p.Asp94Ala,moxifloxacin,Assoc w R,0,25,0.0135,23,2,0.0264,0.002,13.344,2.29788258561024e-06,0.9459,94.6,0,0,0,0,19,6,0,1.4447606601480476e-05,1
rpoB,p.His445Leu,rifapentine,Assoc w R,1,25,0.0135,22,3,0.0253,0.003,8.491,2.296955632271752e-05,0.9725,103.0,0,0,3,2,10,10,0,0.0001322562874581735,1
rpoB,p.His445Leu,rifampicin,Assoc w R,1,25,0.0135,22,3,0.0253,0.003,8.491,2.296955632271752e-05,0.9725,103.0,0,0,3,2,10,10,0,0.0001322562874581735,1
pncA,p.Gly132Ala,pyrazinamide,Assoc w R,0,25,0.0135,25,0,0.0287,0.0,999.0,5.00749089918192e-09,0.9675,121.5,0,0,0,10,12,3,0,3.6521300291366803e-08,1
rrs,n.1484G>T,kanamycin,Assoc w R,0,24,0.0129,7,17,0.008,0.0172,0.462,0.0993784186755382,0.5094,169.8,0,1,7,5,1,1,9,0.27217007650701047,0
rrs,n.1484G>T,amikacin,Assoc w R,0,24,0.0129,7,17,0.008,0.0172,0.462,0.0993784186755382,0.5094,169.8,0,1,7,5,1,1,9,0.27217007650701047,0
rrs,n.1484G>T,capreomycin,Assoc w R,0,24,0.0129,7,17,0.008,0.0172,0.462,0.0993784186755382,0.5094,169.8,0,1,7,5,1,1,9,0.27217007650701047,0
rpoB,p.His445Asp,rifampicin,Assoc w R,1,23,0.0124,11,12,0.0126,0.0122,1.038,1.0,0.9503,94.9,0,0,11,7,4,1,0,1.0,0
rpoB,p.His445Asp,rifapentine,Assoc w R,1,23,0.0124,11,12,0.0126,0.0122,1.038,1.0,0.9503,94.9,0,0,11,7,4,1,0,1.0,0
gyrA,p.Asp94His,moxifloxacin,Assoc w R,0,21,0.0113,18,3,0.0207,0.003,6.914,0.0002887653868762799,0.9866,95.7,0,2,0,0,9,10,0,0.001435951514739319,1
gyrA,p.Asp94His,levofloxacin,Assoc w R,0,21,0.0113,18,3,0.0207,0.003,6.914,0.0002887653868762799,0.9866,95.7,0,2,0,0,9,10,0,0.001435951514739319,1
rpoB,p.Asp435Tyr,rifapentine,Assoc w R,1,20,0.0108,14,6,0.0161,0.0061,2.668,0.04323405654428176,0.9595,103.0,0,0,3,7,5,5,0,0.14076802934358407,0
rpoB,p.Asp435Tyr,rifampicin,Assoc w R,1,20,0.0108,14,6,0.0161,0.0061,2.668,0.04323405654428176,0.9595,103.0,0,0,3,7,5,5,0,0.14076802934358407,0
pncA,p.Ser59Pro,pyrazinamide,Assoc w R,0,20,0.0108,19,1,0.0218,0.001,21.966,8.597962163584037e-06,0.9992,107.2,0,0,1,12,4,3,0,5.1120492429135525e-05,1
gid,p.Ala134Glu,streptomycin,Assoc w R,0,20,0.0108,19,1,0.0218,0.001,21.966,8.597962163584037e-06,1.0033,106.8,0,1,0,1,15,3,0,5.1120492429135525e-05,1
pncA,c.375_389delCGATGAGGTCGATGT,pyrazinamide,Assoc w R - Interim,0,20,0.0108,20,0,0.023,0.0,999.0,2.361915890873069e-07,0.9157,122.6,0,0,0,0,10,10,0,1.5950222127253936e-06,1
rpoB,p.His445Asn,rifampicin,Assoc w R,1,18,0.0097,7,11,0.008,0.0112,0.718,0.6366274464993114,0.9565,118.6,0,0,11,2,4,1,0,0.7346734456437201,0
mmpR5,c.141_142dupTC,bedaquiline,Assoc w R,0,18,0.0097,15,3,0.0172,0.003,5.742,0.003087104552135311,0.7689,152.6,0,0,1,11,0,6,0,0.012890428931435228,1
rpoB,p.His445Asn,rifapentine,Assoc w R,1,18,0.0097,7,11,0.008,0.0112,0.718,0.6366274464993114,0.9565,118.6,0,0,11,2,4,1,0,0.7346734456437201,0
mmpR5,c.141_142dupTC,clofazimine,Assoc w R,0,18,0.0097,15,3,0.0172,0.003,5.742,0.003087104552135311,0.7689,152.6,0,0,1,11,0,6,0,0.012890428931435228,1
gyrA,p.Gly88Cys,levofloxacin,Assoc w R,0,16,0.0086,16,0,0.0184,0.0,999.0,5.096249296831222e-06,0.8849,99.3,0,0,0,0,11,5,0,3.1321891745693015e-05,1
gyrB,p.Glu501Asp,moxifloxacin,Assoc w R,0,16,0.0086,15,1,0.0172,0.001,17.261,0.00013669422426411209,0.8908,103.0,0,0,0,0,12,3,1,0.0006923309321524937,1
gyrA,p.Gly88Cys,moxifloxacin,Assoc w R,0,16,0.0086,16,0,0.0184,0.0,999.0,5.096249296831222e-06,0.8849,99.3,0,0,0,0,11,5,0,3.1321891745693015e-05,1
mmpR5,c.424dupC,clofazimine,Assoc w R,0,16,0.0086,15,1,0.0172,0.001,17.261,0.00013669422426411209,0.8009,119.8,0,0,1,2,0,13,0,0.0006923309321524937,1
mmpR5,c.424dupC,bedaquiline,Assoc w R,0,16,0.0086,15,1,0.0172,0.001,17.261,0.00013669422426411209,0.8009,119.8,0,0,1,2,0,13,0,0.0006923309321524937,1
gyrA,p.Asp94Tyr,moxifloxacin,Assoc w R,0,16,0.0086,14,2,0.0161,0.002,8.037,0.001487045047835714,0.9954,112.4,0,0,0,0,8,8,0,0.006507309129329084,1
gyrB,p.Glu501Asp,levofloxacin,Assoc w R - Interim,0,16,0.0086,15,1,0.0172,0.001,17.261,0.00013669422426411209,0.8908,103.0,0,0,0,0,12,3,1,0.0006923309321524937,1
gyrA,p.Asp94Tyr,levofloxacin,Assoc w R,0,16,0.0086,14,2,0.0161,0.002,8.037,0.001487045047835714,0.9954,112.4,0,0,0,0,8,8,0,0.006507309129329084,1
mmpR5,c.139dupG,bedaquiline,Assoc w R,0,12,0.0065,10,2,0.0115,0.002,5.714,0.016732342510969913,0.9127,115.7,0,0,0,1,0,11,0,0.06061318777152677,0
mmpR5,c.139dupG,clofazimine,Assoc w R,0,12,0.0065,10,2,0.0115,0.002,5.714,0.016732342510969913,0.9127,115.7,0,0,0,1,0,11,0,0.06061318777152677,0
gyrA,p.Gly88Ala,moxifloxacin,Assoc w R - Interim,0,10,0.0054,10,0,0.0115,0.0,999.0,0.0005012851784601895,1.0016,91.8,0,0,0,0,1,9,0,0.002384373848849771,1
gyrA,p.Gly88Ala,levofloxacin,Assoc w R - Interim,0,10,0.0054,10,0,0.0115,0.0,999.0,0.0005012851784601895,1.0016,91.8,0,0,0,0,1,9,0,0.002384373848849771,1
katG,p.Ser315Asn,isoniazid,Assoc w R,0,10,0.0054,8,2,0.0092,0.002,4.561,0.05296805653090652,0.8401,117.7,0,2,0,5,3,0,0,0.15411450490641418,0
pncA,p.Trp68Cys,pyrazinamide,Assoc w R,0,10,0.0054,8,2,0.0092,0.002,4.561,0.05296805653090652,0.9994,117.6,0,2,0,3,2,3,0,0.15411450490641418,0
embB,p.Gly406Asp,ethambutol,Assoc w R,0,9,0.0048,9,0,0.0103,0.0,999.0,0.0010746809858404062,0.9918,111.9,0,0,0,4,4,1,0,0.00493992016180422,1
pncA,p.His51Asp,pyrazinamide,Assoc w R,0,9,0.0048,9,0,0.0103,0.0,999.0,0.0010746809858404062,0.9945,190.0,0,0,0,1,1,7,0,0.00493992016180422,1
gid,c.107delT,streptomycin,Assoc w R,0,9,0.0048,7,2,0.008,0.002,3.986,0.09224168418876225,0.9841,117.2,0,2,0,2,2,3,0,0.2655589539539629,0
embB,p.Met306Leu,ethambutol,Assoc w R,0,9,0.0048,8,1,0.0092,0.001,9.131,0.015422309667130546,0.9997,132.8,0,0,1,6,1,1,0,0.05700002289135411,0
gid,c.102delG,streptomycin,Assoc w R,0,8,0.0043,2,6,0.0023,0.0061,0.376,0.2955508273685771,0.9407,136.1,0,1,0,2,0,0,5,0.5593989708325663,0
embB,p.Gly406Cys,ethambutol,Assoc w R,0,8,0.0043,8,0,0.0092,0.0,999.0,0.0023025320310763745,1.0011,123.8,0,0,0,1,7,0,0,0.009763449775184318,1
mmpR5,p.Met146Thr,clofazimine,Assoc w R - Interim,0,8,0.0043,8,0,0.0092,0.0,999.0,0.0023025320310763745,0.9883,228.2,0,0,0,1,0,7,0,0.009763449775184318,1
mmpR5,p.Met146Thr,bedaquiline,Assoc w R - Interim,0,8,0.0043,8,0,0.0092,0.0,999.0,0.0023025320310763745,0.9883,228.2,0,0,0,1,0,7,0,0.009763449775184318,1
rpoB,p.Val170Phe,rifampicin,Assoc w R,0,8,0.0043,7,1,0.008,0.001,7.98,0.02955702387118883,0.8368,113.9,0,0,1,2,5,0,0,0.09798601246994115,0
pncA,p.Ser104Arg,pyrazinamide,Assoc w R,0,8,0.0043,8,0,0.0092,0.0,999.0,0.0023025320310763745,1.003,134.0,0,0,0,1,1,6,0,0.009763449775184318,1
rpoB,p.Val170Phe,rifapentine,Assoc w R,0,8,0.0043,7,1,0.008,0.001,7.98,0.02955702387118883,0.8368,113.9,0,0,1,2,5,0,0,0.09798601246994115,0
gid,c.115delC,streptomycin,Assoc w R,0,8,0.0043,0,8,0.0,0.0081,0.0,0.008535759217102673,0.8983,108.6,0,5,0,0,0,0,3,0.03359036181118822,1
pncA,p.Val139Gly,pyrazinamide,Assoc w R,0,7,0.0038,7,0,0.008,0.0,999.0,0.004930190112837143,1.0,98.7,0,0,0,2,3,2,0,0.0195421303747965,1
mmpR5,c.138_139delTG,bedaquiline,Assoc w R,0,7,0.0038,7,0,0.008,0.0,999.0,0.004930190112837143,0.8452,124.6,0,0,0,0,0,7,0,0.0195421303747965,1
pncA,c.-11A>G,pyrazinamide,Assoc w R,0,7,0.0038,4,3,0.0046,0.003,1.512,0.712445180874292,1.003,162.6,0,3,0,2,1,1,0,0.816996884566536,0
mmpR5,c.138_139delTG,clofazimine,Assoc w R,0,7,0.0038,7,0,0.008,0.0,999.0,0.004930190112837143,0.8452,124.6,0,0,0,0,0,7,0,0.0195421303747965,1
mmpR5,p.Leu32Ser,clofazimine,Assoc w R - Interim,0,6,0.0032,6,0,0.0069,0.0,999.0,0.010550036877296593,1.0029,101.5,0,0,0,1,0,5,0,0.04035573546770095,1
eis,c.-10G>A,kanamycin,Assoc w R,0,6,0.0032,6,0,0.0069,0.0,999.0,0.010550036877296593,1.0023,223.5,0,0,0,1,4,1,0,0.04035573546770095,1
mmpR5,p.Leu32Ser,bedaquiline,Assoc w R - Interim,0,6,0.0032,6,0,0.0069,0.0,999.0,0.010550036877296593,1.0029,101.5,0,0,0,1,0,5,0,0.04035573546770095,1
mmpR5,c.138_139dupTG,clofazimine,Assoc w R,0,5,0.0027,5,0,0.0057,0.0,999.0,0.022561972629045367,0.3838,114.6,0,0,0,0,0,5,0,0.07571410446679643,0
mmpR5,c.293delA,clofazimine,Assoc w R,0,5,0.0027,3,2,0.0034,0.002,1.7,0.6702941045568445,0.709,144.0,0,1,0,0,0,3,1,0.7702749478836006,0
ethA,p.Met1?,prothionamide,Assoc w R,0,5,0.0027,4,1,0.0046,0.001,4.544,0.19285602799807103,0.9999,158.6,0,1,0,4,0,0,0,0.42798499042767874,0
pncA,p.Ala146Thr,pyrazinamide,Assoc w R,0,5,0.0027,4,1,0.0046,0.001,4.544,0.19285602799807103,1.0004,105.0,0,0,0,0,3,1,1,0.42798499042767874,0
eis,c.-14C>T,kanamycin,Assoc w R,0,5,0.0027,5,0,0.0057,0.0,999.0,0.022561972629045367,1.0015,106.0,0,0,0,4,1,0,0,0.07571410446679643,0
pncA,p.Gly97Cys,pyrazinamide,Assoc w R,0,5,0.0027,5,0,0.0057,0.0,999.0,0.022561972629045367,1.0014,117.8,0,0,0,1,4,0,0,0.07571410446679643,0
pncA,p.Asp8Asn,pyrazinamide,Assoc w R,0,5,0.0027,4,1,0.0046,0.001,4.544,0.19285602799807103,1.0023,112.0,0,1,0,3,0,1,0,0.42798499042767874,0
tlyA,p.Asn236Lys,capreomycin,Assoc w R,0,5,0.0027,0,5,0.0,0.0051,0.0,0.06456245814663654,0.9977,92.4,0,1,0,0,0,0,4,0.18685536828682636,0
ethA,p.Met1?,ethionamide,Assoc w R,0,5,0.0027,4,1,0.0046,0.001,4.544,0.19285602799807103,0.9999,158.6,0,1,0,4,0,0,0,0.42798499042767874,0
rplC,p.Cys154Arg,linezolid,Assoc w R,0,5,0.0027,5,0,0.0057,0.0,999.0,0.022561972629045367,0.9459,81.4,0,0,0,0,0,5,0,0.07571410446679643,0
mmpR5,c.138_139dupTG,bedaquiline,Assoc w R,0,5,0.0027,5,0,0.0057,0.0,999.0,0.022561972629045367,0.3838,114.6,0,0,0,0,0,5,0,0.07571410446679643,0
mmpR5,c.293delA,bedaquiline,Assoc w R,0,5,0.0027,3,2,0.0034,0.002,1.7,0.6702941045568445,0.709,144.0,0,1,0,0,0,3,1,0.7702749478836006,0
eis,c.-14C>T,amikacin,Assoc w R - Interim,0,5,0.0027,5,0,0.0057,0.0,999.0,0.022561972629045367,1.0015,106.0,0,0,0,4,1,0,0,0.07571410446679643,0
fbiC,c.1913_1914dupTC,delamanid,Assoc w R - Interim,0,4,0.0022,4,0,0.0046,0.0,999.0,0.048220686599332256,0.9618,138.5,0,0,0,0,0,4,0,0.14181029876255238,0
rrs,n.1402C>T,amikacin,Assoc w R - Interim,0,4,0.0022,4,0,0.0046,0.0,999.0,0.048220686599332256,1.0088,124.8,0,0,0,2,2,0,0,0.14181029876255238,0
rrs,n.1402C>T,kanamycin,Assoc w R - Interim,0,4,0.0022,4,0,0.0046,0.0,999.0,0.048220686599332256,1.0088,124.8,0,0,0,2,2,0,0,0.14181029876255238,0
pncA,p.Asp12Ala,pyrazinamide,Assoc w R,0,4,0.0022,4,0,0.0046,0.0,999.0,0.048220686599332256,0.9977,120.0,0,0,0,0,0,4,0,0.14181029876255238,0
rrs,n.1402C>T,capreomycin,Assoc w R,0,4,0.0022,4,0,0.0046,0.0,999.0,0.048220686599332256,1.0088,124.8,0,0,0,2,2,0,0,0.14181029876255238,0
pncA,p.Thr135Pro,pyrazinamide,Assoc w R,0,4,0.0022,4,0,0.0046,0.0,999.0,0.048220686599332256,1.0,331.8,0,0,0,4,0,0,0,0.14181029876255238,0
fbiC,c.1913_1914dupTC,pretomanid,Assoc w R - Interim,0,4,0.0022,4,0,0.0046,0.0,999.0,0.048220686599332256,0.9618,138.5,0,0,0,0,0,4,0,0.14181029876255238,0
gid,c.475delA,streptomycin,Assoc w R,0,4,0.0022,4,0,0.0046,0.0,999.0,0.048220686599332256,0.9789,118.8,0,0,0,2,2,0,0,0.14181029876255238,0
mmpR5,c.475_478delCAGC,clofazimine,Assoc w R,0,4,0.0022,4,0,0.0046,0.0,999.0,0.048220686599332256,0.8958,96.5,0,0,0,0,0,4,0,0.14181029876255238,0
mmpR5,c.475_478delCAGC,bedaquiline,Assoc w R,0,4,0.0022,4,0,0.0046,0.0,999.0,0.048220686599332256,0.8958,96.5,0,0,0,0,0,4,0,0.14181029876255238,0
mmpR5,c.198delG,bedaquiline,Assoc w R,0,4,0.0022,3,1,0.0034,0.001,3.404,0.34657828215943987,0.8429,114.5,0,1,0,1,0,2,0,0.5726846776675129,0
mmpR5,c.198delG,clofazimine,Assoc w R,0,4,0.0022,3,1,0.0034,0.001,3.404,0.34657828215943987,0.8429,114.5,0,1,0,1,0,2,0,0.5726846776675129,0
pncA,c.515delT,pyrazinamide,Assoc w R,0,4,0.0022,4,0,0.0046,0.0,999.0,0.048220686599332256,0.9894,168.2,0,0,0,4,0,0,0,0.14181029876255238,0
gid,c.545delG,streptomycin,Assoc w R,0,3,0.0016,1,2,0.0011,0.002,0.566,1.0,0.9534,187.3,0,2,0,1,0,0,0,1.0,0
gyrB,p.Asn499Thr,levofloxacin,Assoc w R,0,3,0.0016,2,1,0.0023,0.001,2.267,0.603065575073264,0.7875,131.0,0,1,0,0,1,1,0,0.6988916728073631,0
katG,p.Ser315Arg,isoniazid,Assoc w R,0,3,0.0016,2,1,0.0023,0.001,2.267,0.603065575073264,1.0197,92.3,0,1,0,2,0,0,0,0.6988916728073631,0
pncA,p.Val139Ala,pyrazinamide,Assoc w R,0,3,0.0016,3,0,0.0034,0.0,999.0,0.10299671999442626,1.0001,101.3,0,0,0,1,1,1,0,0.27217007650701047,0
mmpR5,c.165delA,bedaquiline,Assoc w R,0,3,0.0016,3,0,0.0034,0.0,999.0,0.10299671999442626,0.8022,178.0,0,0,0,3,0,0,0,0.27217007650701047,0
rpoB,p.Ala451Val,rifapentine,Assoc w R - Interim,1,3,0.0016,3,0,0.0034,0.0,999.0,0.10299671999442626,1.0,122.0,0,0,0,1,2,0,0,0.27217007650701047,0
rpoB,p.Ser450Trp,rifampicin,Assoc w R,1,3,0.0016,3,0,0.0034,0.0,999.0,0.10299671999442626,0.893,126.3,0,0,0,2,1,0,0,0.27217007650701047,0
rpoB,p.Ser450Trp,rifapentine,Assoc w R,1,3,0.0016,3,0,0.0034,0.0,999.0,0.10299671999442626,0.893,126.3,0,0,0,2,1,0,0,0.27217007650701047,0
rpoB,p.Ala451Val,rifampicin,Assoc w R - Interim,1,3,0.0016,3,0,0.0034,0.0,999.0,0.10299671999442626,1.0,122.0,0,0,0,1,2,0,0,0.27217007650701047,0
pepQ,c.817dupG,clofazimine,Assoc w R - Interim,0,3,0.0016,3,0,0.0034,0.0,999.0,0.10299671999442626,0.7729,158.0,0,0,0,0,0,3,0,0.27217007650701047,0
pncA,p.Cys14Trp,pyrazinamide,Assoc w R - Interim,0,3,0.0016,3,0,0.0034,0.0,999.0,0.10299671999442626,0.9937,120.3,0,0,0,2,0,1,0,0.27217007650701047,0
gyrB,p.Asn499Thr,moxifloxacin,Assoc w R - Interim,0,3,0.0016,2,1,0.0023,0.001,2.267,0.603065575073264,0.7875,131.0,0,1,0,0,1,1,0,0.6988916728073631,0
gid,c.87delC,streptomycin,Assoc w R,0,3,0.0016,0,3,0.0,0.003,0.0,0.2524737479806139,0.8693,110.0,0,3,0,0,0,0,0,0.4879969616445081,0
mmpR5,p.Val1?,bedaquiline,Assoc w R,0,3,0.0016,1,2,0.0011,0.002,0.566,1.0,0.5366,134.3,0,1,0,0,0,1,1,1.0,0
gyrB,p.Asp461Asn,levofloxacin,Assoc w R,0,3,0.0016,1,2,0.0011,0.002,0.566,1.0,0.9958,201.3,0,0,0,0,1,1,1,1.0,0
gyrB,p.Asp461Asn,moxifloxacin,Assoc w R - Interim,0,3,0.0016,1,2,0.0011,0.002,0.566,1.0,0.9958,201.3,0,0,0,0,1,1,1,1.0,0
ethA,c.860delA,prothionamide,Assoc w R,0,3,0.0016,3,0,0.0034,0.0,999.0,0.10299671999442626,0.9464,131.3,0,0,0,3,0,0,0,0.27217007650701047,0
mmpR5,p.Val1?,clofazimine,Assoc w R,0,3,0.0016,1,2,0.0011,0.002,0.566,1.0,0.5366,134.3,0,1,0,0,0,1,1,1.0,0
pepQ,c.817dupG,bedaquiline,Assoc w R - Interim,0,3,0.0016,3,0,0.0034,0.0,999.0,0.10299671999442626,0.7729,158.0,0,0,0,0,0,3,0,0.27217007650701047,0
mmpR5,c.165delA,clofazimine,Assoc w R,0,3,0.0016,3,0,0.0034,0.0,999.0,0.10299671999442626,0.8022,178.0,0,0,0,3,0,0,0,0.27217007650701047,0
ethA,c.860delA,ethionamide,Assoc w R,0,3,0.0016,3,0,0.0034,0.0,999.0,0.10299671999442626,0.9464,131.3,0,0,0,3,0,0,0,0.27217007650701047,0
mmpR5,c.492_493dupCG,bedaquiline,Assoc w R,0,2,0.0011,2,0,0.0023,0.0,999.0,0.219860662358643,0.569,105.5,0,0,0,0,0,2,0,0.42798499042767874,0
mmpR5,c.430dupG,bedaquiline,Assoc w R,0,2,0.0011,2,0,0.0023,0.0,999.0,0.219860662358643,0.8957,176.5,0,0,0,1,0,1,0,0.42798499042767874,0
mmpR5,c.441_442delGA,clofazimine,Assoc w R,0,2,0.0011,2,0,0.0023,0.0,999.0,0.219860662358643,0.4694,95.0,0,0,0,0,0,2,0,0.42798499042767874,0
mmpR5,c.137dupG,bedaquiline,Assoc w R,0,2,0.0011,2,0,0.0023,0.0,999.0,0.219860662358643,0.8777,102.5,0,0,0,1,0,1,0,0.42798499042767874,0
mmpR5,c.137dupG,clofazimine,Assoc w R,0,2,0.0011,2,0,0.0023,0.0,999.0,0.219860662358643,0.8777,102.5,0,0,0,1,0,1,0,0.42798499042767874,0
rpoB,p.Met434Ile,rifapentine,Assoc w R - Interim,1,2,0.0011,2,0,0.0023,0.0,999.0,0.219860662358643,0.6585,149.5,0,0,0,1,1,0,0,0.42798499042767874,0
gid,p.Gly28*,streptomycin,Assoc w R,0,2,0.0011,0,2,0.0,0.002,0.0,0.5016491653204093,0.9919,124.0,0,0,0,0,0,0,2,0.5850790904696458,0
pncA,p.Thr76Pro,pyrazinamide,Assoc w R,0,2,0.0011,2,0,0.0023,0.0,999.0,0.219860662358643,1.0,116.0,0,0,0,1,1,0,0,0.42798499042767874,0
rpoB,p.Met434Ile,rifampicin,Assoc w R - Interim,1,2,0.0011,2,0,0.0023,0.0,999.0,0.219860662358643,0.6585,149.5,0,0,0,1,1,0,0,0.42798499042767874,0
gid,c.351delG,streptomycin,Assoc w R,0,2,0.0011,2,0,0.0023,0.0,999.0,0.219860662358643,0.961,125.5,0,0,0,1,1,0,0,0.42798499042767874,0
gid,c.351dupG,streptomycin,Assoc w R,0,2,0.0011,1,1,0.0011,0.001,1.132,1.0,0.9533,137.5,0,0,0,1,0,0,1,1.0,0
embB,p.Tyr319Ser,ethambutol,Assoc w R,0,2,0.0011,2,0,0.0023,0.0,999.0,0.219860662358643,0.9979,144.0,0,0,0,0,2,0,0,0.42798499042767874,0
rrl,n.2814G>T,linezolid,Assoc w R - Interim,0,2,0.0011,2,0,0.0023,0.0,999.0,0.219860662358643,0.9932,81.5,0,0,0,1,0,1,0,0.42798499042767874,0
mmpR5,p.Tyr145*,clofazimine,Assoc w R,0,2,0.0011,2,0,0.0023,0.0,999.0,0.219860662358643,0.6603,191.5,0,0,0,0,0,2,0,0.42798499042767874,0
mmpR5,p.Tyr157*,clofazimine,Assoc w R,0,2,0.0011,2,0,0.0023,0.0,999.0,0.219860662358643,0.6146,126.0,0,0,0,1,0,1,0,0.42798499042767874,0
mmpR5,p.Tyr145*,bedaquiline,Assoc w R,0,2,0.0011,2,0,0.0023,0.0,999.0,0.219860662358643,0.6603,191.5,0,0,0,0,0,2,0,0.42798499042767874,0
mmpR5,p.Tyr157*,bedaquiline,Assoc w R,0,2,0.0011,2,0,0.0023,0.0,999.0,0.219860662358643,0.6146,126.0,0,0,0,1,0,1,0,0.42798499042767874,0
rpoB,p.Gln432Lys,rifampicin,Assoc w R,1,2,0.0011,2,0,0.0023,0.0,999.0,0.219860662358643,1.0024,158.5,0,0,0,1,0,1,0,0.42798499042767874,0
ethA,c.672dupG,prothionamide,Assoc w R,0,2,0.0011,0,2,0.0,0.002,0.0,0.5016491653204093,0.9588,100.0,0,2,0,0,0,0,0,0.5850790904696458,0
ethA,c.672dupG,ethionamide,Assoc w R,0,2,0.0011,0,2,0.0,0.002,0.0,0.5016491653204093,0.9588,100.0,0,2,0,0,0,0,0,0.5850790904696458,0
katG,c.18delA,isoniazid,Assoc w R,0,2,0.0011,2,0,0.0023,0.0,999.0,0.219860662358643,0.9442,152.0,0,0,0,0,2,0,0,0.42798499042767874,0
rpoB,p.Gln432Lys,rifapentine,Assoc w R,1,2,0.0011,2,0,0.0023,0.0,999.0,0.219860662358643,1.0024,158.5,0,0,0,1,0,1,0,0.42798499042767874,0
rpoB,c.1296_1304delATTCATGGA,rifapentine,Assoc w R,1,2,0.0011,0,2,0.0,0.002,0.0,0.5016491653204093,0.8587,102.5,0,0,0,0,0,2,0,0.5850790904696458,0
gid,c.304delC,streptomycin,Assoc w R,0,2,0.0011,2,0,0.0023,0.0,999.0,0.219860662358643,0.9817,106.5,0,0,0,0,2,0,0,0.42798499042767874,0
rrl,n.2270G>T,linezolid,Assoc w R - Interim,0,2,0.0011,2,0,0.0023,0.0,999.0,0.219860662358643,1.0066,76.0,0,0,0,0,0,2,0,0.42798499042767874,0
ethA,c.1290delC,prothionamide,Assoc w R,0,2,0.0011,2,0,0.0023,0.0,999.0,0.219860662358643,0.9682,117.5,0,0,0,0,2,0,0,0.42798499042767874,0
katG,c.1416_1417dupAG,isoniazid,Assoc w R,0,2,0.0011,2,0,0.0023,0.0,999.0,0.219860662358643,0.9787,125.0,0,0,0,2,0,0,0,0.42798499042767874,0
rpoB,p.His445Pro,rifampicin,Assoc w R - Interim,1,2,0.0011,0,2,0.0,0.002,0.0,0.5016491653204093,1.0024,132.0,0,0,2,0,0,0,0,0.5850790904696458,0
pncA,p.Gly108Arg,pyrazinamide,Assoc w R,0,2,0.0011,2,0,0.0023,0.0,999.0,0.219860662358643,0.9957,192.5,0,0,0,0,0,2,0,0.42798499042767874,0
ethA,c.871delC,ethionamide,Assoc w R,0,2,0.0011,2,0,0.0023,0.0,999.0,0.219860662358643,0.9881,115.0,0,0,0,0,1,1,0,0.42798499042767874,0
ethA,c.871delC,prothionamide,Assoc w R,0,2,0.0011,2,0,0.0023,0.0,999.0,0.219860662358643,0.9881,115.0,0,0,0,0,1,1,0,0.42798499042767874,0
mmpR5,c.32_33insT,bedaquiline,Assoc w R,0,2,0.0011,0,2,0.0,0.002,0.0,0.5016491653204093,0.242,144.0,0,0,2,0,0,0,0,0.5850790904696458,0
mmpR5,c.32_33insT,clofazimine,Assoc w R,0,2,0.0011,0,2,0.0,0.002,0.0,0.5016491653204093,0.242,144.0,0,0,2,0,0,0,0,0.5850790904696458,0
mmpR5,p.Gln76*,clofazimine,Assoc w R,0,2,0.0011,2,0,0.0023,0.0,999.0,0.219860662358643,0.2752,72.5,0,0,0,0,0,2,0,0.42798499042767874,0
pncA,c.389delT,pyrazinamide,Assoc w R,0,2,0.0011,2,0,0.0023,0.0,999.0,0.219860662358643,0.9605,195.0,0,0,0,2,0,0,0,0.42798499042767874,0
mmpR5,p.Gln76*,bedaquiline,Assoc w R,0,2,0.0011,2,0,0.0023,0.0,999.0,0.219860662358643,0.2752,72.5,0,0,0,0,0,2,0,0.42798499042767874,0
mmpR5,c.492_493dupCG,clofazimine,Assoc w R,0,2,0.0011,2,0,0.0023,0.0,999.0,0.219860662358643,0.569,105.5,0,0,0,0,0,2,0,0.42798499042767874,0
mmpR5,p.Ala36Val,bedaquiline,Assoc w R - Interim,0,2,0.0011,2,0,0.0023,0.0,999.0,0.219860662358643,0.9734,115.0,0,0,0,0,0,2,0,0.42798499042767874,0
mmpR5,p.Ala36Val,clofazimine,Assoc w R - Interim,0,2,0.0011,2,0,0.0023,0.0,999.0,0.219860662358643,0.9734,115.0,0,0,0,0,0,2,0,0.42798499042767874,0
mmpR5,p.Arg156*,bedaquiline,Assoc w R,0,2,0.0011,2,0,0.0023,0.0,999.0,0.219860662358643,0.6627,144.0,0,0,0,1,0,1,0,0.42798499042767874,0
mmpR5,p.Arg156*,clofazimine,Assoc w R,0,2,0.0011,2,0,0.0023,0.0,999.0,0.219860662358643,0.6627,144.0,0,0,0,1,0,1,0,0.42798499042767874,0
mmpR5,c.466dupC,bedaquiline,Assoc w R,0,2,0.0011,2,0,0.0023,0.0,999.0,0.219860662358643,0.7048,115.5,0,0,0,1,0,1,0,0.42798499042767874,0
rpoB,p.Asn437Ser,rifampicin,Assoc w R - Interim,1,2,0.0011,2,0,0.0023,0.0,999.0,0.219860662358643,1.0144,139.0,0,0,0,1,0,1,0,0.42798499042767874,0
pncA,p.Met175Val,pyrazinamide,Assoc w R,0,2,0.0011,2,0,0.0023,0.0,999.0,0.219860662358643,1.0,160.0,0,0,0,0,2,0,0,0.42798499042767874,0
pncA,p.Phe58Ser,pyrazinamide,Assoc w R - Interim,0,2,0.0011,2,0,0.0023,0.0,999.0,0.219860662358643,0.9957,95.0,0,0,0,0,2,0,0,0.42798499042767874,0
pncA,p.Val130Gly,pyrazinamide,Assoc w R - Interim,0,2,0.0011,2,0,0.0023,0.0,999.0,0.219860662358643,1.0,116.0,0,0,0,2,0,0,0,0.42798499042767874,0
rpoB,p.His445Pro,rifapentine,Assoc w R - Interim,1,2,0.0011,0,2,0.0,0.002,0.0,0.5016491653204093,1.0024,132.0,0,0,2,0,0,0,0,0.5850790904696458,0
rpoB,p.Asn437Ser,rifapentine,Assoc w R - Interim,1,2,0.0011,2,0,0.0023,0.0,999.0,0.219860662358643,1.0144,139.0,0,0,0,1,0,1,0,0.42798499042767874,0
ethA,c.1290delC,ethionamide,Assoc w R,0,2,0.0011,2,0,0.0023,0.0,999.0,0.219860662358643,0.9682,117.5,0,0,0,0,2,0,0,0.42798499042767874,0
mmpR5,c.430dupG,clofazimine,Assoc w R,0,2,0.0011,2,0,0.0023,0.0,999.0,0.219860662358643,0.8957,176.5,0,0,0,1,0,1,0,0.42798499042767874,0
mmpR5,c.435_436insC,bedaquiline,Assoc w R,0,2,0.0011,0,2,0.0,0.002,0.0,0.5016491653204093,0.7424,179.5,0,0,2,0,0,0,0,0.5850790904696458,0
mmpR5,c.435_436insC,clofazimine,Assoc w R,0,2,0.0011,0,2,0.0,0.002,0.0,0.5016491653204093,0.7424,179.5,0,0,2,0,0,0,0,0.5850790904696458,0
mmpR5,c.441_442delGA,bedaquiline,Assoc w R,0,2,0.0011,2,0,0.0023,0.0,999.0,0.219860662358643,0.4694,95.0,0,0,0,0,0,2,0,0.42798499042767874,0
pncA,p.Leu172Pro,pyrazinamide,Assoc w R,0,2,0.0011,2,0,0.0023,0.0,999.0,0.219860662358643,1.0,94.0,0,0,0,1,1,0,0,0.42798499042767874,0
pncA,c.393dupC,pyrazinamide,Assoc w R,0,2,0.0011,2,0,0.0023,0.0,999.0,0.219860662358643,0.9547,170.0,0,0,0,0,2,0,0,0.42798499042767874,0
pncA,c.390_391dupGG,pyrazinamide,Assoc w R,0,2,0.0011,0,2,0.0,0.002,0.0,0.5016491653204093,0.9909,110.5,0,0,0,0,0,2,0,0.5850790904696458,0
pncA,c.64delA,pyrazinamide,Assoc w R,0,2,0.0011,0,2,0.0,0.002,0.0,0.5016491653204093,0.9638,111.0,0,2,0,0,0,0,0,0.5850790904696458,0
mmpR5,c.412delG,bedaquiline,Assoc w R,0,2,0.0011,2,0,0.0023,0.0,999.0,0.219860662358643,0.9885,188.5,0,0,0,0,0,2,0,0.42798499042767874,0
mmpR5,c.466dupC,clofazimine,Assoc w R,0,2,0.0011,2,0,0.0023,0.0,999.0,0.219860662358643,0.7048,115.5,0,0,0,1,0,1,0,0.42798499042767874,0
mmpR5,p.Ile67Ser,clofazimine,Assoc w R - Interim,0,2,0.0011,2,0,0.0023,0.0,999.0,0.219860662358643,1.0,95.5,0,0,0,0,0,2,0,0.42798499042767874,0
mmpR5,p.Ile67Ser,bedaquiline,Assoc w R - Interim,0,2,0.0011,2,0,0.0023,0.0,999.0,0.219860662358643,1.0,95.5,0,0,0,0,0,2,0,0.42798499042767874,0
rpoB,c.1296_1304delATTCATGGA,rifampicin,Assoc w R,1,2,0.0011,0,2,0.0,0.002,0.0,0.5016491653204093,0.8587,102.5,0,0,0,0,0,2,0,0.5850790904696458,0
mmpR5,c.144delC,clofazimine,Assoc w R,0,2,0.0011,1,1,0.0011,0.001,1.132,1.0,0.9759,140.5,0,0,1,0,0,1,0,1.0,0
mmpR5,c.144delC,bedaquiline,Assoc w R,0,2,0.0011,1,1,0.0011,0.001,1.132,1.0,0.9759,140.5,0,0,1,0,0,1,0,1.0,0
mmpR5,c.412delG,clofazimine,Assoc w R,0,2,0.0011,2,0,0.0023,0.0,999.0,0.219860662358643,0.9885,188.5,0,0,0,0,0,2,0,0.42798499042767874,0
ethA,c.1341delC,ethionamide,Assoc w R,0,1,0.0005,1,0,0.0011,0.0,999.0,0.46903607969843836,0.9583,96.0,0,0,0,1,0,0,0,0.5726846776675129,0
katG,c.18_27delACCCATTACA,isoniazid,Assoc w R,0,1,0.0005,1,0,0.0011,0.0,999.0,0.46903607969843836,0.9545,132.0,0,0,0,0,0,1,0,0.5726846776675129,0
katG,c.120delC,isoniazid,Assoc w R,0,1,0.0005,1,0,0.0011,0.0,999.0,0.46903607969843836,0.4101,217.0,0,0,0,1,0,0,0,0.5726846776675129,0
katG,c.117delG,isoniazid,Assoc w R,0,1,0.0005,1,0,0.0011,0.0,999.0,0.46903607969843836,0.9651,86.0,0,0,0,1,0,0,0,0.5726846776675129,0
inhA,p.Ser94Ala,prothionamide,Assoc w R - Interim,0,1,0.0005,1,0,0.0011,0.0,999.0,0.46903607969843836,1.0,129.0,0,0,0,1,0,0,0,0.5726846776675129,0
inhA,p.Ser94Ala,isoniazid,Assoc w R - Interim,0,1,0.0005,1,0,0.0011,0.0,999.0,0.46903607969843836,1.0,129.0,0,0,0,1,0,0,0,0.5726846776675129,0
inhA,p.Ser94Ala,ethionamide,Assoc w R - Interim,0,1,0.0005,1,0,0.0011,0.0,999.0,0.46903607969843836,1.0,129.0,0,0,0,1,0,0,0,0.5726846776675129,0
ethA,c.1307delC,prothionamide,Assoc w R,0,1,0.0005,1,0,0.0011,0.0,999.0,0.46903607969843836,0.9231,78.0,0,0,0,0,1,0,0,0.5726846776675129,0
ethA,c.1307delC,ethionamide,Assoc w R,0,1,0.0005,1,0,0.0011,0.0,999.0,0.46903607969843836,0.9231,78.0,0,0,0,0,1,0,0,0.5726846776675129,0
rpoB,p.Asn438Lys,rifapentine,Assoc w R - Interim,1,1,0.0005,1,0,0.0011,0.0,999.0,0.46903607969843836,1.0,116.0,0,0,0,1,0,0,0,0.5726846776675129,0
rpoB,p.Asn438Lys,rifampicin,Assoc w R - Interim,1,1,0.0005,1,0,0.0011,0.0,999.0,0.46903607969843836,1.0,116.0,0,0,0,1,0,0,0,0.5726846776675129,0
rpoB,p.Ser441Leu,rifapentine,Assoc w R,1,1,0.0005,0,1,0.0,0.001,0.0,1.0,1.0,137.0,0,0,1,0,0,0,0,1.0,0
rpoB,p.Ser441Leu,rifampicin,Assoc w R,1,1,0.0005,0,1,0.0,0.001,0.0,1.0,1.0,137.0,0,0,1,0,0,0,0,1.0,0
rpoB,p.Ser441Ala,rifapentine,Assoc w R - Interim,1,1,0.0005,0,1,0.0,0.001,0.0,1.0,0.2522,115.0,0,0,1,0,0,0,0,1.0,0
rpoB,p.Ser441Ala,rifampicin,Assoc w R - Interim,1,1,0.0005,0,1,0.0,0.001,0.0,1.0,0.2522,115.0,0,0,1,0,0,0,0,1.0,0
rpoB,p.Ser431Thr,rifapentine,Assoc w R - Interim,1,1,0.0005,1,0,0.0011,0.0,999.0,0.46903607969843836,0.1695,118.0,0,0,0,1,0,0,0,0.5726846776675129,0
rpoB,c.1306_1308delCAG,rifampicin,Assoc w R - Interim,1,1,0.0005,0,1,0.0,0.001,0.0,1.0,0.9348,92.0,0,0,1,0,0,0,0,1.0,0
rpoB,c.1294_1299delCAATTC,rifapentine,Assoc w R - Interim,1,1,0.0005,0,1,0.0,0.001,0.0,1.0,0.6535,101.0,0,0,1,0,0,0,0,1.0,0
rpoB,c.1294_1299delCAATTC,rifampicin,Assoc w R - Interim,1,1,0.0005,0,1,0.0,0.001,0.0,1.0,0.6535,101.0,0,0,1,0,0,0,0,1.0,0
pncA,p.Val180Phe,pyrazinamide,Assoc w R,0,1,0.0005,1,0,0.0011,0.0,999.0,0.46903607969843836,1.0061,163.0,0,0,0,1,0,0,0,0.5726846776675129,0
rpoB,p.Asp435Asn,rifapentine,Assoc w R - Interim,1,1,0.0005,1,0,0.0011,0.0,999.0,0.46903607969843836,1.0,66.0,0,0,0,1,0,0,0,0.5726846776675129,0
rpoB,p.Asp435Asn,rifampicin,Assoc w R - Interim,1,1,0.0005,1,0,0.0011,0.0,999.0,0.46903607969843836,1.0,66.0,0,0,0,1,0,0,0,0.5726846776675129,0
rpoB,p.Asp435Ala,rifapentine,Assoc w R - Interim,1,1,0.0005,1,0,0.0011,0.0,999.0,0.46903607969843836,1.0,66.0,0,0,0,1,0,0,0,0.5726846776675129,0
rpoB,p.Asp435Ala,rifampicin,Assoc w R - Interim,1,1,0.0005,1,0,0.0011,0.0,999.0,0.46903607969843836,1.0,66.0,0,0,0,1,0,0,0,0.5726846776675129,0
ethA,c.777dupC,ethionamide,Assoc w R,0,1,0.0005,1,0,0.0011,0.0,999.0,0.46903607969843836,0.4919,124.0,0,0,0,0,0,1,0,0.5726846776675129,0
ethA,c.65delA,prothionamide,Assoc w R,0,1,0.0005,1,0,0.0011,0.0,999.0,0.46903607969843836,0.9891,92.0,0,0,0,1,0,0,0,0.5726846776675129,0
ethA,c.65delA,ethionamide,Assoc w R,0,1,0.0005,1,0,0.0011,0.0,999.0,0.46903607969843836,0.9891,92.0,0,0,0,1,0,0,0,0.5726846776675129,0
ethA,c.5_8delCCGA,prothionamide,Assoc w R,0,1,0.0005,1,0,0.0011,0.0,999.0,0.46903607969843836,0.9481,77.0,0,0,0,1,0,0,0,0.5726846776675129,0
ethA,c.5_8delCCGA,ethionamide,Assoc w R,0,1,0.0005,1,0,0.0011,0.0,999.0,0.46903607969843836,0.9481,77.0,0,0,0,1,0,0,0,0.5726846776675129,0
ethA,c.1341delC,prothionamide,Assoc w R,0,1,0.0005,1,0,0.0011,0.0,999.0,0.46903607969843836,0.9583,96.0,0,0,0,1,0,0,0,0.5726846776675129,0
rpoB,p.Ser431Thr,rifampicin,Assoc w R - Interim,1,1,0.0005,1,0,0.0011,0.0,999.0,0.46903607969843836,0.1695,118.0,0,0,0,1,0,0,0,0.5726846776675129,0
ethA,p.Tyr211*,prothionamide,Assoc w R,0,1,0.0005,1,0,0.0011,0.0,999.0,0.46903607969843836,1.0,122.0,0,0,0,0,1,0,0,0.5726846776675129,0
ddn,c.365_366insC,delamanid,Assoc w R - Interim,0,1,0.0005,1,0,0.0011,0.0,999.0,0.46903607969843836,0.9539,152.0,0,0,0,0,1,0,0,0.5726846776675129,0
embB,p.Gly406Ser,ethambutol,Assoc w R,0,1,0.0005,1,0,0.0011,0.0,999.0,0.46903607969843836,1.01,200.0,0,0,0,1,0,0,0,0.5726846776675129,0
gyrA,p.Asp89Asn,moxifloxacin,Assoc w R,0,1,0.0005,1,0,0.0011,0.0,999.0,0.46903607969843836,1.0,48.0,0,0,0,0,1,0,0,0.5726846776675129,0
gyrA,p.Asp89Asn,levofloxacin,Assoc w R,0,1,0.0005,1,0,0.0011,0.0,999.0,0.46903607969843836,1.0,48.0,0,0,0,0,1,0,0,0.5726846776675129,0
gid,p.Trp148*,streptomycin,Assoc w R,0,1,0.0005,1,0,0.0011,0.0,999.0,0.46903607969843836,1.0,154.0,0,0,0,1,0,0,0,0.5726846776675129,0
fbiC,c.181_191delAGCGCCGCGCG,pretomanid,Assoc w R - Interim,0,1,0.0005,1,0,0.0011,0.0,999.0,0.46903607969843836,0.7664,107.0,0,0,0,0,0,1,0,0.5726846776675129,0
fbiC,p.Trp198*,delamanid,Assoc w R - Interim,0,1,0.0005,1,0,0.0011,0.0,999.0,0.46903607969843836,0.4,80.0,0,0,0,1,0,0,0,0.5726846776675129,0
fbiC,p.Trp161*,pretomanid,Assoc w R - Interim,0,1,0.0005,1,0,0.0011,0.0,999.0,0.46903607969843836,1.0,64.0,0,0,0,0,1,0,0,0.5726846776675129,0
gid,c.61delC,streptomycin,Assoc w R,0,1,0.0005,1,0,0.0011,0.0,999.0,0.46903607969843836,0.9085,142.0,0,0,0,1,0,0,0,0.5726846776675129,0
gid,c.563delT,streptomycin,Assoc w R,0,1,0.0005,0,1,0.0,0.001,0.0,1.0,0.7203,118.0,0,0,0,0,0,0,1,1.0,0
gid,c.52dupC,streptomycin,Assoc w R,0,1,0.0005,1,0,0.0011,0.0,999.0,0.46903607969843836,0.9804,102.0,0,0,0,0,1,0,0,0.5726846776675129,0
gid,c.420dupC,streptomycin,Assoc w R,0,1,0.0005,1,0,0.0011,0.0,999.0,0.46903607969843836,0.9412,102.0,0,0,0,1,0,0,0,0.5726846776675129,0
gid,c.386delG,streptomycin,Assoc w R,0,1,0.0005,1,0,0.0011,0.0,999.0,0.46903607969843836,0.968,125.0,0,0,0,1,0,0,0,0.5726846776675129,0
ethA,c.1143dupC,ethionamide,Assoc w R,0,1,0.0005,0,1,0.0,0.001,0.0,1.0,0.9576,118.0,0,1,0,0,0,0,0,1.0,0
ethA,c.1112delG,prothionamide,Assoc w R,0,1,0.0005,1,0,0.0011,0.0,999.0,0.46903607969843836,0.9692,130.0,0,0,0,1,0,0,0,0.5726846776675129,0
ethA,c.1112delG,ethionamide,Assoc w R,0,1,0.0005,1,0,0.0011,0.0,999.0,0.46903607969843836,0.9692,130.0,0,0,0,1,0,0,0,0.5726846776675129,0
ethA,c.1047delT,prothionamide,Assoc w R,0,1,0.0005,1,0,0.0011,0.0,999.0,0.46903607969843836,0.975,80.0,0,0,0,1,0,0,0,0.5726846776675129,0
ethA,c.1047delT,ethionamide,Assoc w R,0,1,0.0005,1,0,0.0011,0.0,999.0,0.46903607969843836,0.975,80.0,0,0,0,1,0,0,0,0.5726846776675129,0
ethA,c.1029delG,prothionamide,Assoc w R,0,1,0.0005,1,0,0.0011,0.0,999.0,0.46903607969843836,0.9489,235.0,0,0,0,0,1,0,0,0.5726846776675129,0
ethA,c.1029delG,ethionamide,Assoc w R,0,1,0.0005,1,0,0.0011,0.0,999.0,0.46903607969843836,0.9489,235.0,0,0,0,0,1,0,0,0.5726846776675129,0
fbiC,c.181_191delAGCGCCGCGCG,delamanid,Assoc w R - Interim,0,1,0.0005,1,0,0.0011,0.0,999.0,0.46903607969843836,0.7664,107.0,0,0,0,0,0,1,0,0.5726846776675129,0
fbiC,p.Tyr104*,pretomanid,Assoc w R - Interim,0,1,0.0005,1,0,0.0011,0.0,999.0,0.46903607969843836,0.4516,93.0,0,0,0,0,1,0,0,0.5726846776675129,0
fbiC,p.Tyr104*,delamanid,Assoc w R - Interim,0,1,0.0005,1,0,0.0011,0.0,999.0,0.46903607969843836,0.4516,93.0,0,0,0,0,1,0,0,0.5726846776675129,0
fbiC,p.Trp444*,pretomanid,Assoc w R - Interim,0,1,0.0005,1,0,0.0011,0.0,999.0,0.46903607969843836,0.1351,148.0,0,0,0,0,0,1,0,0.5726846776675129,0
fbiC,p.Trp444*,delamanid,Assoc w R - Interim,0,1,0.0005,1,0,0.0011,0.0,999.0,0.46903607969843836,0.1351,148.0,0,0,0,0,0,1,0,0.5726846776675129,0
ddn,c.311delA,pretomanid,Assoc w R - Interim,0,1,0.0005,1,0,0.0011,0.0,999.0,0.46903607969843836,0.9649,114.0,0,0,0,0,0,1,0,0.5726846776675129,0
ddn,c.311delA,delamanid,Assoc w R - Interim,0,1,0.0005,1,0,0.0011,0.0,999.0,0.46903607969843836,0.9649,114.0,0,0,0,0,0,1,0,0.5726846776675129,0
ddn,c.274dupC,pretomanid,Assoc w R - Interim,0,1,0.0005,1,0,0.0011,0.0,999.0,0.46903607969843836,0.9769,173.0,0,0,0,0,1,0,0,0.5726846776675129,0
ddn,c.274dupC,delamanid,Assoc w R - Interim,0,1,0.0005,1,0,0.0011,0.0,999.0,0.46903607969843836,0.9769,173.0,0,0,0,0,1,0,0,0.5726846776675129,0
ddn,c.114_115dupCG,pretomanid,Assoc w R - Interim,0,1,0.0005,1,0,0.0011,0.0,999.0,0.46903607969843836,0.3725,102.0,0,0,0,1,0,0,0,0.5726846776675129,0
ddn,c.114_115dupCG,delamanid,Assoc w R - Interim,0,1,0.0005,1,0,0.0011,0.0,999.0,0.46903607969843836,0.3725,102.0,0,0,0,1,0,0,0,0.5726846776675129,0
atpE,p.Ile66Met,bedaquiline,Assoc w R - Interim,0,1,0.0005,0,1,0.0,0.001,0.0,1.0,0.98,100.0,0,0,1,0,0,0,0,1.0,0
atpE,p.Glu61Asp,bedaquiline,Assoc w R - Interim,0,1,0.0005,0,1,0.0,0.001,0.0,1.0,1.0,135.0,0,0,1,0,0,0,0,1.0,0
tlyA,c.388dupG,capreomycin,Assoc w R,0,1,0.0005,1,0,0.0011,0.0,999.0,0.46903607969843836,0.9697,99.0,0,0,0,0,0,1,0,0.5726846776675129,0
tlyA,c.311dupG,capreomycin,Assoc w R,0,1,0.0005,1,0,0.0011,0.0,999.0,0.46903607969843836,0.98,150.0,0,0,0,0,1,0,0,0.5726846776675129,0
ethA,c.777dupC,prothionamide,Assoc w R,0,1,0.0005,1,0,0.0011,0.0,999.0,0.46903607969843836,0.4919,124.0,0,0,0,0,0,1,0,0.5726846776675129,0
fbiC,c.1481_1511delATGTGCTTGCCGCCCTGCGATCGGCGGAGCG,pretomanid,Assoc w R - Interim,0,1,0.0005,1,0,0.0011,0.0,999.0,0.46903607969843836,0.2222,63.0,0,0,0,0,1,0,0,0.5726846776675129,0
fbiC,c.1481_1511delATGTGCTTGCCGCCCTGCGATCGGCGGAGCG,delamanid,Assoc w R - Interim,0,1,0.0005,1,0,0.0011,0.0,999.0,0.46903607969843836,0.2222,63.0,0,0,0,0,1,0,0,0.5726846776675129,0
fbiA,c.373dupC,pretomanid,Assoc w R - Interim,0,1,0.0005,1,0,0.0011,0.0,999.0,0.46903607969843836,0.229,131.0,0,0,0,0,0,1,0,0.5726846776675129,0
fbiA,c.373dupC,delamanid,Assoc w R - Interim,0,1,0.0005,1,0,0.0011,0.0,999.0,0.46903607969843836,0.229,131.0,0,0,0,0,0,1,0,0.5726846776675129,0
mmpR5,p.Gly121Arg,clofazimine,Assoc w R - Interim,0,1,0.0005,1,0,0.0011,0.0,999.0,0.46903607969843836,0.7005,187.0,0,0,0,0,0,1,0,0.5726846776675129,0
mmpR5,p.Gly121Arg,bedaquiline,Assoc w R,0,1,0.0005,1,0,0.0011,0.0,999.0,0.46903607969843836,0.7005,187.0,0,0,0,0,0,1,0,0.5726846776675129,0
pncA,c.314dupG,pyrazinamide,Assoc w R,0,1,0.0005,1,0,0.0011,0.0,999.0,0.46903607969843836,0.9412,102.0,0,0,0,0,1,0,0,0.5726846776675129,0
pncA,c.192_193insA,pyrazinamide,Assoc w R,0,1,0.0005,1,0,0.0011,0.0,999.0,0.46903607969843836,0.9703,101.0,0,0,0,1,0,0,0,0.5726846776675129,0
pncA,c.169delC,pyrazinamide,Assoc w R,0,1,0.0005,0,1,0.0,0.001,0.0,1.0,0.8683,167.0,0,1,0,0,0,0,0,1.0,0
pepQ,c.371dupC,clofazimine,Assoc w R - Interim,0,1,0.0005,1,0,0.0011,0.0,999.0,0.46903607969843836,0.2826,92.0,0,0,0,0,0,1,0,0.5726846776675129,0
pepQ,c.371dupC,bedaquiline,Assoc w R - Interim,0,1,0.0005,1,0,0.0011,0.0,999.0,0.46903607969843836,0.2826,92.0,0,0,0,0,0,1,0,0.5726846776675129,0
pepQ,c.221dupC,clofazimine,Assoc w R - Interim,0,1,0.0005,1,0,0.0011,0.0,999.0,0.46903607969843836,0.2214,140.0,0,0,0,0,0,1,0,0.5726846776675129,0
pepQ,c.221dupC,bedaquiline,Assoc w R - Interim,0,1,0.0005,1,0,0.0011,0.0,999.0,0.46903607969843836,0.2214,140.0,0,0,0,0,0,1,0,0.5726846776675129,0
pepQ,c.150dupC,clofazimine,Assoc w R - Interim,0,1,0.0005,1,0,0.0011,0.0,999.0,0.46903607969843836,0.4862,109.0,0,0,0,0,0,1,0,0.5726846776675129,0
pepQ,c.150dupC,bedaquiline,Assoc w R - Interim,0,1,0.0005,1,0,0.0011,0.0,999.0,0.46903607969843836,0.4862,109.0,0,0,0,0,0,1,0,0.5726846776675129,0
mmpR5,c.386delC,clofazimine,Assoc w R,0,1,0.0005,1,0,0.0011,0.0,999.0,0.46903607969843836,0.9221,77.0,0,0,0,0,0,1,0,0.5726846776675129,0
mmpR5,c.386delC,bedaquiline,Assoc w R,0,1,0.0005,1,0,0.0011,0.0,999.0,0.46903607969843836,0.9221,77.0,0,0,0,0,0,1,0,0.5726846776675129,0
mmpR5,c.366dupG,clofazimine,Assoc w R,0,1,0.0005,1,0,0.0011,0.0,999.0,0.46903607969843836,0.137,73.0,0,0,0,0,0,1,0,0.5726846776675129,0
mmpR5,p.Asn70Asp,clofazimine,Assoc w R - Interim,0,1,0.0005,1,0,0.0011,0.0,999.0,0.46903607969843836,0.9739,115.0,0,0,0,0,0,1,0,0.5726846776675129,0
mmpR5,p.Asn70Asp,bedaquiline,Assoc w R - Interim,0,1,0.0005,1,0,0.0011,0.0,999.0,0.46903607969843836,0.9739,115.0,0,0,0,0,0,1,0,0.5726846776675129,0
mmpR5,p.Arg134*,clofazimine,Assoc w R,0,1,0.0005,1,0,0.0011,0.0,999.0,0.46903607969843836,1.0116,86.0,0,0,0,0,0,1,0,0.5726846776675129,0
mmpR5,p.Arg134*,bedaquiline,Assoc w R,0,1,0.0005,1,0,0.0011,0.0,999.0,0.46903607969843836,1.0116,86.0,0,0,0,0,0,1,0,0.5726846776675129,0
mmpR5,c.282delG,clofazimine,Assoc w R,0,1,0.0005,0,1,0.0,0.001,0.0,1.0,0.225,120.0,0,0,0,0,0,1,0,1.0,0
mmpR5,c.282delG,bedaquiline,Assoc w R,0,1,0.0005,0,1,0.0,0.001,0.0,1.0,0.225,120.0,0,0,0,0,0,1,0,1.0,0
mmpR5,c.280_281insT,clofazimine,Assoc w R,0,1,0.0005,1,0,0.0011,0.0,999.0,0.46903607969843836,0.9431,123.0,0,0,0,0,0,1,0,0.5726846776675129,0
mmpR5,c.280_281insT,bedaquiline,Assoc w R,0,1,0.0005,1,0,0.0011,0.0,999.0,0.46903607969843836,0.9431,123.0,0,0,0,0,0,1,0,0.5726846776675129,0
mmpR5,c.244_245dupCG,clofazimine,Assoc w R,0,1,0.0005,1,0,0.0011,0.0,999.0,0.46903607969843836,0.9778,45.0,0,0,0,0,0,1,0,0.5726846776675129,0
mmpR5,c.429_430dupGG,clofazimine,Assoc w R,0,1,0.0005,0,1,0.0,0.001,0.0,1.0,0.9368,95.0,0,1,0,0,0,0,0,1.0,0
mmpR5,c.429_430dupGG,bedaquiline,Assoc w R,0,1,0.0005,0,1,0.0,0.001,0.0,1.0,0.9368,95.0,0,1,0,0,0,0,0,1.0,0
pncA,p.Asp12Gly,pyrazinamide,Assoc w R,0,1,0.0005,1,0,0.0011,0.0,999.0,0.46903607969843836,1.0,78.0,0,0,0,0,0,1,0,0.5726846776675129,0
pncA,p.Ala102Pro,pyrazinamide,Assoc w R,0,1,0.0005,1,0,0.0011,0.0,999.0,0.46903607969843836,1.0122,82.0,0,0,0,0,1,0,0,0.5726846776675129,0
pncA,c.62delT,pyrazinamide,Assoc w R,0,1,0.0005,1,0,0.0011,0.0,999.0,0.46903607969843836,1.0,89.0,0,0,0,1,0,0,0,0.5726846776675129,0
pncA,c.468_499delGGTGGACCTGACAGCGGGTGTGTCGGCCGATA,pyrazinamide,Assoc w R,0,1,0.0005,1,0,0.0011,0.0,999.0,0.46903607969843836,0.6441,118.0,0,0,0,1,0,0,0,0.5726846776675129,0
pncA,c.459_466delCAGGGTGC,pyrazinamide,Assoc w R,0,1,0.0005,1,0,0.0011,0.0,999.0,0.46903607969843836,0.8116,69.0,0,0,0,1,0,0,0,0.5726846776675129,0
pncA,c.407dupA,pyrazinamide,Assoc w R,0,1,0.0005,1,0,0.0011,0.0,999.0,0.46903607969843836,0.9435,124.0,0,0,0,1,0,0,0,0.5726846776675129,0
pncA,p.Ile31Ser,pyrazinamide,Assoc w R,0,1,0.0005,1,0,0.0011,0.0,999.0,0.46903607969843836,1.0,179.0,0,0,0,1,0,0,0,0.5726846776675129,0
pncA,p.Gly132Ser,pyrazinamide,Assoc w R,0,1,0.0005,1,0,0.0011,0.0,999.0,0.46903607969843836,1.0,67.0,0,0,0,1,0,0,0,0.5726846776675129,0
pncA,p.Gly105Asp,pyrazinamide,Assoc w R,0,1,0.0005,1,0,0.0011,0.0,999.0,0.46903607969843836,0.9145,117.0,0,0,0,0,1,0,0,0.5726846776675129,0
pncA,p.Glu111*,pyrazinamide,Assoc w R,0,1,0.0005,1,0,0.0011,0.0,999.0,0.46903607969843836,1.0,184.0,0,0,0,0,1,0,0,0.5726846776675129,0
pncA,p.Gln141Pro,pyrazinamide,Assoc w R,0,1,0.0005,0,1,0.0,0.001,0.0,1.0,1.0,75.0,0,0,0,0,0,0,1,1.0,0
ethA,c.1143dupC,prothionamide,Assoc w R,0,1,0.0005,0,1,0.0,0.001,0.0,1.0,0.9576,118.0,0,1,0,0,0,0,0,1.0,0
ethA,p.Gln206*,prothionamide,Assoc w R,0,1,0.0005,1,0,0.0011,0.0,999.0,0.46903607969843836,1.0109,92.0,0,0,0,1,0,0,0,0.5726846776675129,0
ethA,p.Gln206*,ethionamide,Assoc w R,0,1,0.0005,1,0,0.0011,0.0,999.0,0.46903607969843836,1.0109,92.0,0,0,0,1,0,0,0,0.5726846776675129,0
ethA,p.Gln165*,prothionamide,Assoc w R,0,1,0.0005,1,0,0.0011,0.0,999.0,0.46903607969843836,1.0,123.0,0,0,0,1,0,0,0,0.5726846776675129,0
ethA,p.Gln165*,ethionamide,Assoc w R,0,1,0.0005,1,0,0.0011,0.0,999.0,0.46903607969843836,1.0,123.0,0,0,0,1,0,0,0,0.5726846776675129,0
pncA,p.Cys72Arg,pyrazinamide,Assoc w R,0,1,0.0005,0,1,0.0,0.001,0.0,1.0,1.0091,110.0,0,1,0,0,0,0,0,1.0,0
mmpR5,c.151_152insT,clofazimine,Assoc w R,0,1,0.0005,1,0,0.0011,0.0,999.0,0.46903607969843836,0.1848,92.0,0,0,0,0,0,1,0,0.5726846776675129,0
mmpR5,c.151_152insT,bedaquiline,Assoc w R,0,1,0.0005,1,0,0.0011,0.0,999.0,0.46903607969843836,0.1848,92.0,0,0,0,0,0,1,0,0.5726846776675129,0
mmpR5,c.366dupG,bedaquiline,Assoc w R,0,1,0.0005,1,0,0.0011,0.0,999.0,0.46903607969843836,0.137,73.0,0,0,0,0,0,1,0,0.5726846776675129,0
mmpR5,c.321dupC,clofazimine,Assoc w R,0,1,0.0005,0,1,0.0,0.001,0.0,1.0,0.3028,109.0,0,0,1,0,0,0,0,1.0,0
mmpR5,c.321dupC,bedaquiline,Assoc w R,0,1,0.0005,0,1,0.0,0.001,0.0,1.0,0.3028,109.0,0,0,1,0,0,0,0,1.0,0
mmpR5,c.320_321dupGC,clofazimine,Assoc w R,0,1,0.0005,1,0,0.0011,0.0,999.0,0.46903607969843836,0.2371,194.0,0,0,0,0,0,1,0,0.5726846776675129,0
mmpR5,c.320_321dupGC,bedaquiline,Assoc w R,0,1,0.0005,1,0,0.0011,0.0,999.0,0.46903607969843836,0.2371,194.0,0,0,0,0,0,1,0,0.5726846776675129,0
mmpR5,c.291delC,clofazimine,Assoc w R,0,1,0.0005,1,0,0.0011,0.0,999.0,0.46903607969843836,0.4241,191.0,0,0,0,0,0,1,0,0.5726846776675129,0
mmpR5,c.291delC,bedaquiline,Assoc w R,0,1,0.0005,1,0,0.0011,0.0,999.0,0.46903607969843836,0.4241,191.0,0,0,0,0,0,1,0,0.5726846776675129,0
mmpR5,c.139_140dupGA,bedaquiline,Assoc w R,0,1,0.0005,0,1,0.0,0.001,0.0,1.0,0.8696,161.0,0,0,1,0,0,0,0,1.0,0
mmpR5,c.244_245dupCG,bedaquiline,Assoc w R,0,1,0.0005,1,0,0.0011,0.0,999.0,0.46903607969843836,0.9778,45.0,0,0,0,0,0,1,0,0.5726846776675129,0
mmpR5,c.240delT,clofazimine,Assoc w R,0,1,0.0005,1,0,0.0011,0.0,999.0,0.46903607969843836,0.1452,62.0,0,0,0,1,0,0,0,0.5726846776675129,0
mmpR5,c.240delT,bedaquiline,Assoc w R,0,1,0.0005,1,0,0.0011,0.0,999.0,0.46903607969843836,0.1452,62.0,0,0,0,1,0,0,0,0.5726846776675129,0
mmpR5,c.214delC,clofazimine,Assoc w R,0,1,0.0005,1,0,0.0011,0.0,999.0,0.46903607969843836,0.9556,180.0,0,0,0,1,0,0,0,0.5726846776675129,0
mmpR5,c.214delC,bedaquiline,Assoc w R,0,1,0.0005,1,0,0.0011,0.0,999.0,0.46903607969843836,0.9556,180.0,0,0,0,1,0,0,0,0.5726846776675129,0
mmpR5,c.19delG,clofazimine,Assoc w R,0,1,0.0005,0,1,0.0,0.001,0.0,1.0,0.9366,142.0,0,0,0,0,0,0,1,1.0,0
mmpR5,c.19delG,bedaquiline,Assoc w R,0,1,0.0005,0,1,0.0,0.001,0.0,1.0,0.9366,142.0,0,0,0,0,0,0,1,1.0,0
pncA,p.Val125Phe,pyrazinamide,Assoc w R - Interim,0,1,0.0005,1,0,0.0011,0.0,999.0,0.46903607969843836,1.0,85.0,0,0,0,1,0,0,0,0.5726846776675129,0
pncA,p.Thr61Pro,pyrazinamide,Assoc w R - Interim,0,1,0.0005,1,0,0.0011,0.0,999.0,0.46903607969843836,1.0,103.0,0,0,0,1,0,0,0,0.5726846776675129,0
pncA,p.Thr47Ala,pyrazinamide,Assoc w R,0,1,0.0005,1,0,0.0011,0.0,999.0,0.46903607969843836,1.0,101.0,0,0,0,1,0,0,0,0.5726846776675129,0
pncA,p.Thr142Met,pyrazinamide,Assoc w R,0,1,0.0005,0,1,0.0,0.001,0.0,1.0,0.198,202.0,0,1,0,0,0,0,0,1.0,0
mmpR5,c.139_140dupGA,clofazimine,Assoc w R,0,1,0.0005,0,1,0.0,0.001,0.0,1.0,0.8696,161.0,0,0,1,0,0,0,0,1.0,0
rpoB,p.Asn437Asp,rifapentine,Assoc w R - Interim,1,1,0.0005,0,1,0.0,0.001,0.0,1.0,0.3356,146.0,0,0,1,0,0,0,0,1.0,0
rpoB,p.Asn437Asp,rifampicin,Assoc w R - Interim,1,1,0.0005,0,1,0.0,0.001,0.0,1.0,0.3356,146.0,0,0,1,0,0,0,0,1.0,0
rpoB,c.1312_1314delAAC,rifapentine,Assoc w R - Interim,1,1,0.0005,0,1,0.0,0.001,0.0,1.0,0.6273,110.0,0,0,1,0,0,0,0,1.0,0
rpoB,c.1312_1314delAAC,rifampicin,Assoc w R - Interim,1,1,0.0005,0,1,0.0,0.001,0.0,1.0,0.6273,110.0,0,0,1,0,0,0,0,1.0,0
rpoB,c.1306_1308delCAG,rifapentine,Assoc w R - Interim,1,1,0.0005,0,1,0.0,0.001,0.0,1.0,0.9348,92.0,0,0,1,0,0,0,0,1.0,0
ethA,p.Tyr211*,ethionamide,Assoc w R,0,1,0.0005,1,0,0.0011,0.0,999.0,0.46903607969843836,1.0,122.0,0,0,0,0,1,0,0,0.5726846776675129,0
fbiC,p.Trp161*,delamanid,Assoc w R - Interim,0,1,0.0005,1,0,0.0011,0.0,999.0,0.46903607969843836,1.0,64.0,0,0,0,0,1,0,0,0.5726846776675129,0
fbiC,c.989_990dupGC,pretomanid,Assoc w R - Interim,0,1,0.0005,1,0,0.0011,0.0,999.0,0.46903607969843836,0.9545,44.0,0,0,0,0,0,1,0,0.5726846776675129,0
fbiC,c.989_990dupGC,delamanid,Assoc w R - Interim,0,1,0.0005,1,0,0.0011,0.0,999.0,0.46903607969843836,0.9545,44.0,0,0,0,0,0,1,0,0.5726846776675129,0
fbiC,c.930_931delAA,pretomanid,Assoc w R - Interim,0,1,0.0005,1,0,0.0011,0.0,999.0,0.46903607969843836,0.9342,76.0,0,0,0,0,0,1,0,0.5726846776675129,0
fbiC,c.930_931delAA,delamanid,Assoc w R - Interim,0,1,0.0005,1,0,0.0011,0.0,999.0,0.46903607969843836,0.9342,76.0,0,0,0,0,0,1,0,0.5726846776675129,0
fbiC,c.2547_2565dupCACATACGCCCTGCTTGCG,pretomanid,Assoc w R - Interim,0,1,0.0005,0,1,0.0,0.001,0.0,1.0,0.549,204.0,0,1,0,0,0,0,0,1.0,0
fbiC,c.2547_2565dupCACATACGCCCTGCTTGCG,delamanid,Assoc w R - Interim,0,1,0.0005,0,1,0.0,0.001,0.0,1.0,0.549,204.0,0,1,0,0,0,0,0,1.0,0
embB,p.Asp354Ala,ethambutol,Assoc w R,0,1,0.0005,1,0,0.0011,0.0,999.0,0.46903607969843836,0.2114,123.0,0,0,0,0,0,1,0,0.5726846776675129,0
fbiC,p.Trp198*,pretomanid,Assoc w R - Interim,0,1,0.0005,1,0,0.0011,0.0,999.0,0.46903607969843836,0.4,80.0,0,0,0,1,0,0,0,0.5726846776675129,0
ddn,p.Lys104*,delamanid,Assoc w R - Interim,0,1,0.0005,1,0,0.0011,0.0,999.0,0.46903607969843836,0.36,25.0,0,0,0,1,0,0,0,0.5726846776675129,0
ddn,c.365_366insC,pretomanid,Assoc w R - Interim,0,1,0.0005,1,0,0.0011,0.0,999.0,0.46903607969843836,0.9539,152.0,0,0,0,0,1,0,0,0.5726846776675129,0
ddn,p.Lys104*,pretomanid,Assoc w R - Interim,0,1,0.0005,1,0,0.0011,0.0,999.0,0.46903607969843836,0.36,25.0,0,0,0,1,0,0,0,0.5726846776675129,0
