feature_idx,variant_id,mean_abs_shap,mean_shap,max_shap,min_shap,pct_nonzero,rank,gene,is_compensatory,is_primary_DR,gene_source
46271,Chromosome_2155168_C_G,1.8224149,0.07756283,2.7234285,-2.037038,100.0,1,katG,0,1,tbprofiler
15759,Chromosome_761155_C_T,0.80604106,-0.16926965,1.9639335,-0.9320754,100.0,2,rpoB,0,1,tbprofiler
37606,Chromosome_1673425_C_T,0.46783558,-0.1328877,2.590272,-0.48383376,100.0,3,inhA,0,1,tbprofiler
91132,Chromosome_4247429_A_G,0.44875896,0.041650105,1.3356373,-0.3561418,100.0,4,embB,0,1,tbprofiler
91133,Chromosome_4247431_G_C,0.26412463,-0.002951003,1.0433835,-0.23521394,100.0,5,embB,0,1,tbprofiler
15755,Chromosome_761110_A_T,0.20916903,0.017977744,0.9340823,-0.17495212,100.0,6,rpoB,0,1,tbprofiler
18325,Chromosome_840217_C_G,0.1899356,-0.008834524,0.5079445,-0.21071628,100.0,7,PE_PGRS10,0,0,gff
1862,Chromosome_71584_C_CCGAGCGCTGTTCTGGCGCTAATCTGACGCTAGAATAG,0.17082748,0.042492628,0.19513932,-0.48629868,100.0,8,intergenic,0,0,none
273,Chromosome_7570_C_T,0.16641222,0.02341781,0.7601586,-0.12071951,100.0,9,gyrA,0,1,tbprofiler
91124,Chromosome_4247344_C_T,0.14854363,-0.08921422,0.9975475,-0.23973241,100.0,10,embB,0,1,gff
45970,Chromosome_2133475_A_G,0.13040657,0.016616533,0.19415395,-0.20722307,100.0,11,Rv1883c,0,0,gff
21143,Chromosome_976897_TGG_TTGGG,0.12845695,-0.018396417,0.1666871,-0.31302088,100.0,12,PPE13,0,0,gff
277,Chromosome_7582_A_G,0.12175808,-0.009733699,0.79929703,-0.11930497,100.0,13,gyrA,0,1,tbprofiler
82910,Chromosome_3947126_G_A,0.11490244,0.0030329053,0.1408195,-0.4120338,100.0,14,PE_PGRS57,0,0,gff
18296,Chromosome_839463_C_A,0.10624913,0.0036225743,0.09825688,-0.37741593,100.0,15,PE_PGRS10,0,0,gff
33790,Chromosome_1532777_T_C,0.10366843,0.02852569,0.41324225,-0.078965336,100.0,16,PPE19,0,0,gff
37654,Chromosome_1674048_G_A,0.09725644,-0.036069702,1.1864971,-0.09045416,100.0,17,inhA,0,1,tbprofiler
36389,Chromosome_1637207_C_A,0.09621828,0.0017057256,0.3837968,-0.11810356,100.0,18,PE_PGRS28,0,0,gff
7279,Chromosome_335885_T_G,0.09469138,0.0069683115,0.1236026,-0.21970668,100.0,19,Rv0278c,0,0,gff
36565,Chromosome_1644362_C_T,0.09176563,0.009725545,0.15325677,-0.14348708,100.0,20,intergenic,0,0,none
46494,Chromosome_2178251_A_C,0.08139931,-0.0054063676,0.3522299,-0.0909594,100.0,21,fadD31,0,0,gff
7218,Chromosome_333786_G_C,0.07459636,0.0031547665,0.12975998,-0.1672202,100.0,22,Rv0278c,0,0,gff
88188,Chromosome_4120983_A_G,0.07341271,-0.028929006,0.1813929,-0.16826373,100.0,23,intergenic,0,0,none
16469,Chromosome_781687_A_G,0.073117554,-0.002748128,0.5898823,-0.06078229,100.0,24,rpsL,0,1,tbprofiler
35699,Chromosome_1612603_G_T,0.07244769,-0.006584217,0.18203032,-0.0970037,100.0,25,Rv1435c,0,0,gff
18282,Chromosome_839129_C_G,0.07159877,-0.016440881,0.14060062,-0.10893001,100.0,26,PE_PGRS10,0,0,gff
7321,Chromosome_336405_A_G,0.07047143,0.0007322547,0.10003955,-0.17083336,100.0,27,intergenic,0,0,none
32660,Chromosome_1473246_A_G,0.06972205,0.0060257665,0.289379,-0.07312135,100.0,28,rrs,0,1,tbprofiler
36392,Chromosome_1637228_A_G,0.06764005,0.00408997,0.1810366,-0.082751535,100.0,29,PE_PGRS28,0,0,gff
36279,Chromosome_1634609_C_T,0.0666636,0.010806814,0.18693306,-0.06799626,100.0,30,PE_PGRS27,0,0,gff
2166,Chromosome_105045_G_C,0.06548215,0.0015287233,0.10260356,-0.17389725,100.0,31,Rv0095c,0,0,gff
82909,Chromosome_3947125_C_G,0.06513792,0.005924192,0.0881004,-0.19322978,100.0,32,PE_PGRS57,0,0,gff
29005,Chromosome_1313338_A_C,0.06463203,-0.011528585,0.0943794,-0.14709748,100.0,33,intergenic,0,0,none
78904,Chromosome_3732194_A_G,0.06284467,0.013508335,0.17406175,-0.08724886,100.0,34,PPE54,0,0,gff
7262,Chromosome_335657_G_A,0.062377654,0.0067445957,0.11422636,-0.10109387,100.0,35,Rv0278c,0,0,gff
82864,Chromosome_3941836_C_A,0.06195858,-0.00050340086,0.09583976,-0.13640682,100.0,36,intergenic,0,0,none
7260,Chromosome_335651_G_C,0.060964495,0.004995226,0.09980333,-0.12933533,100.0,37,Rv0278c,0,0,gff
82937,Chromosome_3949000_G_C,0.058770686,0.015854353,0.12824546,-0.07301887,100.0,38,PE_PGRS57,0,0,gff
7235,Chromosome_334751_G_A,0.057757154,0.02034538,0.13664323,-0.08352468,100.0,39,Rv0278c,0,0,gff
7256,Chromosome_335597_C_G,0.056925226,0.0072935643,0.107066974,-0.07932252,100.0,40,Rv0278c,0,0,gff
46255,Chromosome_2154724_C_A,0.054321013,-0.026131338,0.14677672,-0.14534932,100.0,41,katG,0,1,tbprofiler
49974,Chromosome_2439519_G_A,0.05277838,-0.001670763,0.11227729,-0.08505761,100.0,42,Rv2177c,0,0,gff
39543,Chromosome_1789446_C_T,0.052264784,0.0026485026,0.08427421,-0.08285343,100.0,43,Rv1588c,0,0,gff
72313,Chromosome_3478719_G_A,0.05163234,-0.0039854255,0.122444235,-0.10342695,100.0,44,moaA1,0,0,gff
68850,Chromosome_3336646_T_A,0.051305078,-0.00821723,0.049821265,-0.19508885,100.0,45,intergenic,0,0,none
7280,Chromosome_335906_T_C,0.049989693,-0.004116156,0.06297305,-0.19387937,100.0,46,Rv0278c,0,0,gff
36395,Chromosome_1637255_C_G,0.049707144,0.00074596965,0.19686994,-0.0655649,100.0,47,PE_PGRS28,0,0,gff
80880,Chromosome_3841662_T_C,0.0494988,-0.004100163,0.06412617,-0.10081555,100.0,48,intergenic,0,0,none
7299,Chromosome_336113_G_A,0.04904633,-0.0056112376,0.12513965,-0.07895193,100.0,49,Rv0278c,0,0,gff
77472,Chromosome_3685762_A_C,0.04871718,0.0021230346,0.17063572,-0.049747936,100.0,50,atsB,0,0,gff
37604,Chromosome_1673239_A_T,0.048261203,-0.023038676,0.36377335,-0.080890164,100.0,51,inhA,0,1,tbprofiler
81001,Chromosome_3847087_G_A,0.047818925,-0.0035264525,0.16628551,-0.06527888,100.0,52,intergenic,0,0,none
46753,Chromosome_2260214_G_C,0.047522847,-0.008703579,0.1840975,-0.0595503,100.0,53,intergenic,0,0,none
31035,Chromosome_1416234_A_C,0.04711578,-0.0047525233,0.15076026,-0.08663803,100.0,54,embR,1,0,tbprofiler
93422,Chromosome_4338595_GC_G,0.04647289,-0.020371683,0.09980262,-0.073688336,100.0,55,whiB6,0,0,tbprofiler
7288,Chromosome_336005_G_A,0.04627217,-0.0034473317,0.04325602,-0.25834596,100.0,56,Rv0278c,0,0,gff
29250,Chromosome_1342581_T_C,0.045480806,0.0008554735,0.07372703,-0.0811842,100.0,57,Rv1199c,0,0,gff
36280,Chromosome_1634610_C_T,0.04455345,-0.0022119777,0.12945472,-0.061477564,100.0,58,PE_PGRS27,0,0,gff
82860,Chromosome_3941723_ACC_AC,0.043996017,-0.010328006,0.07282885,-0.09365026,100.0,59,PE_PGRS55,0,0,gff
7295,Chromosome_336074_T_C,0.04386313,0.0025230842,0.06599691,-0.20363458,100.0,60,Rv0278c,0,0,gff
7259,Chromosome_335643_G_T,0.043677367,0.0027258084,0.0732491,-0.099857815,100.0,61,Rv0278c,0,0,gff
36394,Chromosome_1637249_G_A,0.043605693,0.0057122116,0.17029692,-0.0788053,100.0,62,PE_PGRS28,0,0,gff
18263,Chromosome_837911_T_G,0.04323153,-0.001977055,0.13671397,-0.05804147,100.0,63,PE_PGRS9,0,0,gff
72311,Chromosome_3478467_C_T,0.04150709,0.0013848133,0.14018774,-0.06440917,100.0,64,moaA1,0,0,gff
7320,Chromosome_336403_C_G,0.040915314,-0.004232707,0.046225928,-0.12449253,100.0,65,intergenic,0,0,none
39555,Chromosome_1789735_C_T,0.03962187,0.014518905,0.16976367,-0.023783622,100.0,66,Rv1588c,0,0,gff
62039,Chromosome_2983613_G_A,0.03898689,0.00110362,0.08129229,-0.0946082,100.0,67,intergenic,0,0,none
80996,Chromosome_3847022_T_C,0.038597994,0.005131595,0.05944024,-0.09480278,100.0,68,intergenic,0,0,none
45870,Chromosome_2123145_C_T,0.038557675,-0.0023559914,0.28747758,-0.040855713,100.0,69,lldD2,0,0,gff
7212,Chromosome_333584_G_C,0.03843601,0.0018530781,0.09971505,-0.14422125,100.0,70,Rv0278c,0,0,gff
36267,Chromosome_1634418_C_T,0.03812682,-0.0063236738,0.14809531,-0.081642814,100.0,71,PE_PGRS27,0,0,gff
7213,Chromosome_333637_A_G,0.03792689,-0.0095721,0.06309692,-0.06153965,100.0,72,Rv0278c,0,0,gff
80933,Chromosome_3843025_A_G,0.03772653,-0.008392119,0.10374373,-0.06131046,100.0,73,intergenic,0,0,none
82913,Chromosome_3947206_C_G,0.03748,-0.0076070116,0.0392389,-0.14620182,100.0,74,PE_PGRS57,0,0,gff
59766,Chromosome_2866551_C_G,0.03734919,-0.0082827145,0.091957405,-0.05620802,100.0,75,lppA,0,0,gff
46421,Chromosome_2163444_T_C,0.036947343,-0.004731145,0.107592575,-0.09047929,100.0,76,PPE34,0,0,gff
18289,Chromosome_839291_T_C,0.036641035,-0.0011596467,0.11076272,-0.048506446,100.0,77,PE_PGRS10,0,0,gff
7296,Chromosome_336081_A_G,0.036622103,-0.0024993243,0.06315145,-0.11757442,100.0,78,Rv0278c,0,0,gff
7324,Chromosome_336504_G_T,0.036153045,0.0024288897,0.041315433,-0.11863393,100.0,79,intergenic,0,0,none
14574,Chromosome_663410_A_C,0.035620384,-0.0031053082,0.045844056,-0.18332471,100.0,80,intergenic,0,0,none
259,Chromosome_7362_G_C,0.035595205,0.019634696,0.091893174,-0.10638163,100.0,81,gyrA,0,1,tbprofiler
85764,Chromosome_4028212_T_G,0.035328448,0.0024263375,0.12501444,-0.040651232,100.0,82,Rv3586,0,0,gff
9489,Chromosome_467497_C_CG,0.035306636,0.012248983,0.048267517,-0.13492662,100.0,83,intergenic,0,0,none
46580,Chromosome_2196715_G_C,0.035280313,0.0110639995,0.048961695,-0.073285855,100.0,84,Rv1945,0,0,gff
7369,Chromosome_338648_T_G,0.034519803,0.0038416665,0.07577028,-0.071193285,100.0,85,PE_PGRS4,0,0,gff
82755,Chromosome_3935771_C_G,0.034331415,5.4312684e-05,0.09937015,-0.04632835,100.0,86,PE_PGRS54,0,0,gff
80919,Chromosome_3842620_A_G,0.03329774,0.0045133275,0.068508305,-0.050801612,100.0,87,PPE57,0,0,gff
72312,Chromosome_3478698_G_A,0.033211768,-0.004127891,0.09211759,-0.07991192,100.0,88,moaA1,0,0,gff
7219,Chromosome_333789_G_T,0.032882415,0.0042294557,0.059216302,-0.05856321,100.0,89,Rv0278c,0,0,gff
82757,Chromosome_3935950_T_C,0.03200061,0.0073952754,0.11736894,-0.04346668,100.0,90,PE_PGRS54,0,0,gff
82911,Chromosome_3947127_C_T,0.03176534,0.002613924,0.051093455,-0.14189884,100.0,91,PE_PGRS57,0,0,gff
82912,Chromosome_3947128_C_G,0.031539466,0.0068646288,0.051912226,-0.07462697,100.0,92,PE_PGRS57,0,0,gff
36387,Chromosome_1637204_A_G,0.02964704,-0.0066216397,0.09282691,-0.059858035,100.0,93,PE_PGRS28,0,0,gff
48245,Chromosome_2362041_C_A,0.02952254,-0.012101283,0.065579906,-0.050310966,100.0,94,helZ,0,0,gff
18290,Chromosome_839295_T_C,0.029296352,9.977929e-05,0.11064223,-0.03526219,100.0,95,PE_PGRS10,0,0,gff
2157,Chromosome_104941_T_C,0.029254047,0.0032874085,0.05350547,-0.056993205,100.0,96,Rv0095c,0,0,gff
7214,Chromosome_333640_G_A,0.029243672,-0.009518415,0.057697397,-0.060626086,100.0,97,Rv0278c,0,0,gff
57932,Chromosome_2784617_A_G,0.029156128,-0.0026451673,0.120878644,-0.037149392,100.0,98,Rv2477c,0,0,tbprofiler
36421,Chromosome_1638238_A_T,0.02906342,0.0030188872,0.04008178,-0.08674635,100.0,99,intergenic,0,0,none
43586,Chromosome_1983291_C_T,0.02878503,-0.006104133,0.06869595,-0.050684847,100.0,100,PPE24,0,0,gff
