pos,group,n_calls,mean_qual,median_qual,mean_dp,median_dp,label
7362,Primary_DR,1680,222.6766213095238,225.417,132.69166666666666,124.0,"Chromosome_7362_G_C (gyrA, rank 67)"
7570,Primary_DR,337,220.31524688427302,225.417,129.67655786350147,124.0,"Chromosome_7570_C_T (gyrA, rank 6)"
7581,Primary_DR,100,216.40558099999998,225.417,134.6,132.0,"Chromosome_7581_G_C (gyrA, rank 22)"
7582,Primary_DR,215,219.66099348837207,225.417,127.74883720930232,123.0,"Chromosome_7582_A_G (gyrA, rank 59)"
337175,PE_PGRS_PPE,117,53.4333829059829,40.4148,26.076923076923077,10.0,"Chromosome_337175_G_A (PE_PGRS4, rank 96)"
338618,PE_PGRS_PPE,696,162.41823979885058,195.191,46.12931034482759,30.0,"Chromosome_338618_C_G (PE_PGRS4, rank 65)"
338648,PE_PGRS_PPE,973,136.02903751284686,125.734,70.08941418293936,58.0,"Chromosome_338648_T_G (PE_PGRS4, rank 16)"
338669,PE_PGRS_PPE,929,134.52942206673842,121.471,75.53821313240043,64.0,"Chromosome_338669_T_C (PE_PGRS4, rank 55)"
338690,PE_PGRS_PPE,685,140.43396744525546,145.735,84.89343065693431,75.0,"Chromosome_338690_A_G (PE_PGRS4, rank 98)"
338719,PE_PGRS_PPE,279,93.48831397849463,70.6677,84.93548387096774,71.0,"Chromosome_338719_T_C (PE_PGRS4, rank 75)"
338777,PE_PGRS_PPE,139,77.7241,69.4148,88.62589928057554,86.0,"Chromosome_338777_G_C (PE_PGRS4, rank 72)"
362466,PE_PGRS_PPE,216,91.07994490740741,89.262,15.092592592592593,14.0,"Chromosome_362466_A_C (PE_PGRS5, rank 68)"
424320,PE_PGRS_PPE,1567,226.4960773452457,228.355,122.743458838545,114.0,"Chromosome_424320_T_TC (PPE7, rank 99)"
761110,Primary_DR,329,222.96586930091183,225.421,133.95744680851064,127.0,"Chromosome_761110_A_T (rpoB, rank 25)"
761155,Primary_DR,449,222.56170779510023,225.417,139.12694877505567,128.0,"Chromosome_761155_C_T (rpoB, rank 3)"
839271,PE_PGRS_PPE,823,106.80271652490887,92.5437,90.11543134872419,77.0,"Chromosome_839271_C_A (PE_PGRS10, rank 45)"
839291,PE_PGRS_PPE,462,108.93588636363637,88.8976,106.34848484848484,91.5,"Chromosome_839291_T_C (PE_PGRS10, rank 87)"
839295,PE_PGRS_PPE,386,92.27736191709845,76.7981,101.11917098445596,87.5,"Chromosome_839295_T_C (PE_PGRS10, rank 66)"
839471,PE_PGRS_PPE,434,77.45512419354839,69.02065,68.71428571428571,56.0,"Chromosome_839471_T_C (PE_PGRS10, rank 80)"
839790,PE_PGRS_PPE,383,96.68651357702349,84.3599,98.01566579634465,91.0,"Chromosome_839790_C_A (PE_PGRS10, rank 35)"
839794,PE_PGRS_PPE,412,97.32185752427185,84.59344999999999,97.28398058252426,91.0,"Chromosome_839794_C_T (PE_PGRS10, rank 12)"
839821,PE_PGRS_PPE,617,122.0980946515397,113.072,99.11669367909238,88.0,"Chromosome_839821_G_C (PE_PGRS10, rank 42)"
840217,PE_PGRS_PPE,512,81.99638125,66.66895,60.2265625,42.0,"Chromosome_840217_C_G (PE_PGRS10, rank 56)"
840358,PE_PGRS_PPE,136,51.186207352941175,43.1473,46.88970588235294,36.0,"Chromosome_840358_C_G (PE_PGRS10, rank 79)"
840430,PE_PGRS_PPE,250,47.998657200000004,41.38285,52.676,41.0,"Chromosome_840430_A_C (PE_PGRS10, rank 90)"
1189773,PE_PGRS_PPE,211,99.68067630331754,82.3741,75.8909952606635,65.0,"Chromosome_1189773_T_A (PE_PGRS19, rank 29)"
1339741,PE_PGRS_PPE,169,162.705325443787,221.156,136.4852071005917,127.0,"Chromosome_1339741_C_G (PPE18, rank 100)"
1472895,Primary_DR,82,185.92234024390245,221.226,196.35365853658536,250.0,"Chromosome_1472895_C_T (rrs, rank 58)"
1473177,Primary_DR,95,186.01326315789473,220.985,191.45263157894738,249.0,"Chromosome_1473177_G_A (rrs, rank 51)"
1488434,PE_PGRS_PPE,944,136.64430264830509,137.7735,67.88135593220339,53.0,"Chromosome_1488434_T_G (PE_PGRS24, rank 81)"
1488435,PE_PGRS_PPE,892,128.43407533632288,120.6905,68.27802690582959,54.0,"Chromosome_1488435_C_A (PE_PGRS24, rank 95)"
1636143,PE_PGRS_PPE,306,136.13799542483662,134.216,119.64379084967321,105.5,"Chromosome_1636143_G_T (PE_PGRS28, rank 11)"
1637018,PE_PGRS_PPE,1004,171.1720515936255,221.49099999999999,105.66035856573706,98.0,"Chromosome_1637018_G_C (PE_PGRS28, rank 88)"
1637228,PE_PGRS_PPE,553,86.89958191681737,74.8611,145.750452079566,148.0,"Chromosome_1637228_A_G (PE_PGRS28, rank 44)"
1864424,PE_PGRS_PPE,84,38.1403130952381,32.8893,62.57142857142857,46.0,"Chromosome_1864424_G_C (PE_PGRS30, rank 78)"
2155168,Primary_DR,803,221.74869003735992,225.417,131.7920298879203,122.0,"Chromosome_2155168_C_G (katG, rank 1)"
3732194,PE_PGRS_PPE,665,135.01883639097744,126.243,129.31428571428572,121.0,"Chromosome_3732194_A_G (PPE54, rank 50)"
3738512,PE_PGRS_PPE,457,95.17885076586433,78.3216,57.098468271334795,39.0,"Chromosome_3738512_A_G (PE_PGRS50, rank 69)"
3738516,PE_PGRS_PPE,873,125.94929404352806,111.401,64.62657502863688,42.0,"Chromosome_3738516_C_CTGCCGCCGCTGCCGCCGT (PE_PGRS50, rank 18)"
3842452,PE_PGRS_PPE,742,189.92538517520214,221.0805,153.83423180592993,156.0,"Chromosome_3842452_C_A (PPE57, rank 89)"
3843678,PE_PGRS_PPE,429,99.12131561771561,92.156,160.1072261072261,163.0,"Chromosome_3843678_CACACCATGGTGA_C (PPE58, rank 27)"
3934699,PE_PGRS_PPE,1412,200.65254242209633,225.417,76.35623229461757,57.0,"Chromosome_3934699_G_A (PE_PGRS54, rank 61)"
3935771,PE_PGRS_PPE,557,84.35319030520647,75.2941,42.40394973070018,25.0,"Chromosome_3935771_C_G (PE_PGRS54, rank 5)"
3940802,PE_PGRS_PPE,1301,202.82668923904686,225.417,55.32744043043812,35.0,"Chromosome_3940802_A_G (PE_PGRS55, rank 30)"
3941516,PE_PGRS_PPE,307,132.58648631921824,128.385,97.42019543973942,80.0,"Chromosome_3941516_G_A (PE_PGRS55, rank 73)"
3941723,PE_PGRS_PPE,984,139.20453770325202,136.4775,58.6900406504065,42.0,"Chromosome_3941723_ACC_AC (PE_PGRS55, rank 24)"
3947125,PE_PGRS_PPE,463,70.40382613390929,59.4147,45.5658747300216,34.0,"Chromosome_3947125_C_G (PE_PGRS57, rank 14)"
3947128,PE_PGRS_PPE,496,75.33605524193548,64.3091,45.88306451612903,33.0,"Chromosome_3947128_C_G (PE_PGRS57, rank 63)"
3948347,PE_PGRS_PPE,474,128.27003101265822,121.415,28.666666666666668,17.0,"Chromosome_3948347_T_G (PE_PGRS57, rank 13)"
3948362,PE_PGRS_PPE,465,136.56615376344087,131.416,24.561290322580646,13.0,"Chromosome_3948362_T_G (PE_PGRS57, rank 15)"
3948417,PE_PGRS_PPE,624,161.01196442307693,179.416,32.11217948717949,17.0,"Chromosome_3948417_T_G (PE_PGRS57, rank 54)"
