gene,cds_length_bp,possible_N_sites,possible_S_sites,n_nonsyn_variants_observed,n_syn_variants_observed,N_events_fitch_sum,S_events_fitch_sum,dN,dS,dN_dS_event_based
rpoA,1044,774.3,266.7,10,68,21,131,0.02712,0.49125,0.055
rpoC,3951,2976.0,972.0,48,197,125,510,0.042,0.52469,0.08
ahpC,588,449.7,135.3,7,24,15,50,0.03336,0.36946,0.09
kasA,1251,927.7,320.3,16,59,39,116,0.04204,0.36212,0.116
ndh,1392,1028.7,360.3,17,54,29,100,0.02819,0.27752,0.102
gyrB,2028,1539.7,485.3,16,61,37,157,0.02403,0.32349,0.074
gid,675,488.3,183.7,9,8,48,25,0.09829,0.13612,0.722
mmpR5,498,369.7,125.3,0,0,0,0,0.0,0.0,undefined_dS_zero
mmpL5,2895,2180.0,712.0,13,20,71,76,0.03257,0.10674,0.305
embR,1167,862.3,301.7,4,1,138,68,0.16003,0.22541,0.71
whiB7,279,206.0,70.0,0,0,0,0,0.0,0.0,undefined_dS_zero
eis,1209,887.7,318.3,1,0,6,0,0.00676,0.0,undefined_dS_zero
