gene,change,variant_id,drug_context,overall_carriage_pct,lineage_restricted,coding_classification,n_independent_origins,n_losses,n_carriers_in_tree,convergence_pattern,gene_dN_dS_event_based
kasA,p.Gly269Ser,Chromosome_2518919_G_A,isoniazid,17.06135629709365,True,nonsynonymous,13,0,317,convergent,0.116
mmpL5,p.Ile948Val,Chromosome_775639_T_C,bedaquiline/clofazimine,86.11410118406889,True,nonsynonymous,25,1,1600,convergent,0.305
gid,p.Leu16Arg,Chromosome_4408156_A_C,streptomycin,23.2508073196986,True,nonsynonymous,16,3,432,convergent,0.722
rpoC,p.Val483Gly,Chromosome_764817_T_G,rifampicin,6.189451022604951,True,nonsynonymous,28,4,115,convergent,0.08
rpoC,c.1626C>G,Chromosome_764995_C_G,rifampicin,24.65016146393972,True,synonymous,22,1,458,convergent,0.08
whiB7,c.-350A>G,Chromosome_3569029_T_C,multiple,4.413347685683531,True,noncoding_upstream,2,0,82,convergent,undefined_dS_zero
rpoC,p.Val1039Ala,Chromosome_766485_T_C,rifampicin,2.906350914962325,True,nonsynonymous,6,2,54,convergent,0.08
gyrB,p.His302Arg,Chromosome_6144_A_G,fluoroquinolones,2.4219590958019377,True,nonsynonymous,2,0,45,convergent,0.074
rpoC,p.Pro1040Ser,Chromosome_766487_C_T,rifampicin,1.991388589881593,True,nonsynonymous,5,1,37,convergent,0.08
ahpC,c.-88G>A,Chromosome_2726105_G_A,isoniazid,6.350914962325081,True,noncoding_upstream,2,0,118,convergent,0.09
gid,p.Ala119Thr,Chromosome_4407848_C_T,streptomycin,2.744886975242196,True,nonsynonymous,2,0,51,convergent,0.722
rpoC,c.183C>T,Chromosome_763552_C_T,rifampicin,2.744886975242196,True,synonymous,2,0,51,convergent,0.08
gid,p.Glu92Asp,Chromosome_4407927_T_G,streptomycin,20.721205597416578,True,nonsynonymous,13,3,385,convergent,0.722
ndh,p.Arg268His,Chromosome_2102240_C_T,isoniazid,2.744886975242196,True,nonsynonymous,2,0,51,convergent,0.102
rpoC,c.3627C>T,Chromosome_766996_C_T,rifampicin,1.829924650161464,False,synonymous,1,3,34,single_origin_clonal,0.08
rpoA,c.-371T>C,Chromosome_3878878_A_G,rifampicin,2.4219590958019377,False,noncoding_upstream,3,0,45,convergent,0.055
rpoC,c.1542A>G,Chromosome_764911_A_G,rifampicin,1.776103336921421,False,synonymous,5,2,33,convergent,0.08
kasA,c.750G>C,Chromosome_2518864_G_C,isoniazid,2.4757804090419806,False,synonymous,10,0,46,convergent,0.116
rpoC,c.2598C>T,Chromosome_765967_C_T,rifampicin,1.776103336921421,False,synonymous,3,2,33,convergent,0.08
rpoC,c.333C>G,Chromosome_763702_C_G,rifampicin,1.7222820236813776,False,synonymous,3,3,32,convergent,0.08
gyrB,c.-165C>T,Chromosome_5075_C_T,fluoroquinolones,2.960172228202368,True,noncoding_upstream,2,0,55,convergent,0.074
rpoC,c.1089G>C,Chromosome_764458_G_C,rifampicin,1.991388589881593,False,synonymous,2,1,37,convergent,0.08
rpoC,c.3912C>G,Chromosome_767281_C_G,rifampicin,1.991388589881593,False,synonymous,1,0,37,single_origin_clonal,0.08
embR,p.Leu313Arg,Chromosome_1416410_A_C,ethambutol,1.7222820236813776,True,nonsynonymous,1,0,32,single_origin_clonal,0.71
rpoC,c.1128A>G,Chromosome_764497_A_G,rifampicin,1.9375672766415502,False,synonymous,1,1,36,single_origin_clonal,0.08
rpoA,c.390T>C,Chromosome_3878118_A_G,rifampicin,1.9375672766415502,False,synonymous,1,1,36,single_origin_clonal,0.055
rpoA,c.237T>C,Chromosome_3878271_A_G,rifampicin,1.9375672766415502,False,synonymous,1,1,36,single_origin_clonal,0.055
rpoC,c.1672T>C,Chromosome_765041_T_C,rifampicin,1.9375672766415502,False,synonymous,1,1,36,single_origin_clonal,0.08
rpoC,c.1599T>C,Chromosome_764968_T_C,rifampicin,2.1528525296017222,False,synonymous,5,1,40,convergent,0.08
rpoC,c.3852C>G,Chromosome_767221_C_G,rifampicin,1.9375672766415502,False,synonymous,1,1,36,single_origin_clonal,0.08
rpoA,c.-653A>G,Chromosome_3879160_T_C,rifampicin,1.9375672766415502,False,noncoding_upstream,1,1,36,single_origin_clonal,0.055
rpoA,c.-587T>C,Chromosome_3879094_A_G,rifampicin,1.9375672766415502,False,noncoding_upstream,1,1,36,single_origin_clonal,0.055
rpoA,c.171T>C,Chromosome_3878337_A_G,rifampicin,1.9375672766415502,False,synonymous,1,1,36,single_origin_clonal,0.055
rpoA,c.291A>G,Chromosome_3878217_T_C,rifampicin,1.9375672766415502,False,synonymous,1,1,36,single_origin_clonal,0.055
rpoA,c.438T>C,Chromosome_3878070_A_G,rifampicin,1.9375672766415502,False,synonymous,1,1,36,single_origin_clonal,0.055
rpoC,c.3864T>C,Chromosome_767233_T_C,rifampicin,1.991388589881593,False,synonymous,1,0,37,single_origin_clonal,0.08
rpoC,c.1650A>G,Chromosome_765019_A_G,rifampicin,1.883745963401507,False,synonymous,1,2,35,single_origin_clonal,0.08
rpoC,c.1395T>C,Chromosome_764764_T_C,rifampicin,2.099031216361679,False,synonymous,3,0,39,convergent,0.08
gyrB,p.Val301Leu,Chromosome_6140_G_T,fluoroquinolones,2.1528525296017222,True,nonsynonymous,3,0,40,convergent,0.074
rpoC,c.1446A>G,Chromosome_764815_A_G,rifampicin,2.099031216361679,False,synonymous,3,0,39,convergent,0.08
rpoC,c.1158C>T,Chromosome_764527_C_T,rifampicin,1.883745963401507,False,synonymous,2,1,35,convergent,0.08
gyrB,c.1602T>C,Chromosome_6841_T_C,fluoroquinolones,1.829924650161464,False,synonymous,3,0,34,convergent,0.074
rpoC,c.627T>C,Chromosome_763996_T_C,rifampicin,1.883745963401507,False,synonymous,1,2,35,single_origin_clonal,0.08
rpoA,c.-491C>G,Chromosome_3878998_G_C,rifampicin,1.883745963401507,False,noncoding_upstream,1,2,35,single_origin_clonal,0.055
rpoA,c.-461T>C,Chromosome_3878968_A_G,rifampicin,1.829924650161464,False,noncoding_upstream,2,0,34,convergent,0.055
rpoA,c.477T>C,Chromosome_3878031_A_G,rifampicin,1.9375672766415502,False,synonymous,1,1,36,single_origin_clonal,0.055
rpoA,c.210A>G,Chromosome_3878298_T_C,rifampicin,1.829924650161464,False,synonymous,1,3,34,single_origin_clonal,0.055
rpoA,c.-581A>C,Chromosome_3879088_T_G,rifampicin,1.9375672766415502,False,noncoding_upstream,1,1,36,single_origin_clonal,0.055
rpoA,c.732T>C,Chromosome_3877776_A_G,rifampicin,1.883745963401507,False,synonymous,1,2,35,single_origin_clonal,0.055
rpoC,c.-789T>C,Chromosome_762581_T_C,rifampicin,1.7222820236813776,False,noncoding_upstream,1,5,32,single_origin_clonal,0.08
rpoC,c.1707A>G,Chromosome_765076_A_G,rifampicin,1.991388589881593,False,synonymous,2,1,37,convergent,0.08
rpoC,c.3729T>C,Chromosome_767098_T_C,rifampicin,2.045209903121636,False,synonymous,2,0,38,convergent,0.08
rpoC,c.1065A>G,Chromosome_764434_A_G,rifampicin,2.045209903121636,False,synonymous,2,0,38,convergent,0.08
rpoC,c.1383G>C,Chromosome_764752_G_C,rifampicin,1.991388589881593,False,synonymous,3,2,37,convergent,0.08
rpoC,c.1092A>G,Chromosome_764461_A_G,rifampicin,2.045209903121636,False,synonymous,3,1,38,convergent,0.08
rpoC,p.Ile1080Leu,Chromosome_766607_A_C,rifampicin,1.9375672766415502,False,nonsynonymous,1,1,36,single_origin_clonal,0.08
rpoC,c.3435A>G,Chromosome_766804_A_G,rifampicin,1.991388589881593,False,synonymous,1,0,37,single_origin_clonal,0.08
rpoC,c.1678T>C,Chromosome_765047_T_C,rifampicin,1.991388589881593,False,synonymous,1,0,37,single_origin_clonal,0.08
rpoA,c.315T>C,Chromosome_3878193_A_G,rifampicin,1.991388589881593,False,synonymous,1,0,37,single_origin_clonal,0.055
rpoA,c.519A>G,Chromosome_3877989_T_C,rifampicin,1.991388589881593,False,synonymous,1,0,37,single_origin_clonal,0.055
rpoC,c.1704G>C,Chromosome_765073_G_C,rifampicin,1.6146393972012916,False,synonymous,3,3,30,convergent,0.08
rpoC,c.3894T>C,Chromosome_767263_T_C,rifampicin,1.6684607104413347,False,synonymous,1,3,31,single_origin_clonal,0.08
rpoC,c.3909T>C,Chromosome_767278_T_C,rifampicin,1.6146393972012916,False,synonymous,2,0,30,convergent,0.08
rpoC,c.-834T>C,Chromosome_762536_T_C,rifampicin,1.9375672766415502,False,noncoding_upstream,1,1,36,single_origin_clonal,0.08
gyrB,c.1977G>C,Chromosome_7216_G_C,fluoroquinolones,1.6684607104413347,False,synonymous,2,5,31,convergent,0.074
rpoA,c.726T>C,Chromosome_3877782_A_G,rifampicin,2.045209903121636,False,synonymous,2,0,38,convergent,0.055
kasA,c.633C>G,Chromosome_2518747_C_G,isoniazid,1.5608180839612487,False,synonymous,1,3,29,single_origin_clonal,0.116
rpoA,c.-647T>C,Chromosome_3879154_A_G,rifampicin,1.829924650161464,False,noncoding_upstream,1,1,34,single_origin_clonal,0.055
rpoC,c.-837T>C,Chromosome_762533_T_C,rifampicin,1.9375672766415502,False,noncoding_upstream,1,1,36,single_origin_clonal,0.08
rpoC,c.-833T>C,Chromosome_762537_T_C,rifampicin,1.883745963401507,False,noncoding_upstream,1,2,35,single_origin_clonal,0.08
rpoA,c.690A>G,Chromosome_3877818_T_C,rifampicin,1.776103336921421,False,synonymous,1,2,33,single_origin_clonal,0.055
rpoA,c.177A>G,Chromosome_3878331_T_C,rifampicin,1.9375672766415502,False,synonymous,1,1,36,single_origin_clonal,0.055
rpoA,c.840A>G,Chromosome_3877668_T_C,rifampicin,1.829924650161464,False,synonymous,1,1,34,single_origin_clonal,0.055
rpoA,c.744C>G,Chromosome_3877764_G_C,rifampicin,1.6684607104413347,False,synonymous,4,3,31,convergent,0.055
gyrB,c.876A>G,Chromosome_6115_A_G,fluoroquinolones,1.829924650161464,False,synonymous,2,2,34,convergent,0.074
rpoA,c.447G>C,Chromosome_3878061_C_G,rifampicin,1.829924650161464,False,synonymous,1,2,34,single_origin_clonal,0.055
rpoC,c.576T>C,Chromosome_763945_T_C,rifampicin,1.7222820236813776,False,synonymous,2,1,32,convergent,0.08
rpoA,c.-440G>C,Chromosome_3878947_C_G,rifampicin,1.776103336921421,False,noncoding_upstream,2,1,33,convergent,0.055
ahpC,c.504C>G,Chromosome_2726696_C_G,isoniazid,1.829924650161464,False,synonymous,1,3,34,single_origin_clonal,0.09
rpoC,c.1440C>T,Chromosome_764809_C_T,rifampicin,1.7222820236813776,False,synonymous,3,1,32,convergent,0.08
rpoC,p.Val1252Leu,Chromosome_767123_G_T,rifampicin,1.1840688912809472,True,nonsynonymous,1,4,22,single_origin_clonal,0.08
rpoC,c.1077T>C,Chromosome_764446_T_C,rifampicin,1.7222820236813776,False,synonymous,2,1,32,convergent,0.08
rpoC,c.1080G>C,Chromosome_764449_G_C,rifampicin,1.776103336921421,False,synonymous,2,0,33,convergent,0.08
mmpL5,p.Leu834Met,Chromosome_775981_A_T,bedaquiline/clofazimine,1.776103336921421,False,nonsynonymous,2,0,33,convergent,0.305
ahpC,c.483A>G,Chromosome_2726675_A_G,isoniazid,1.7222820236813776,False,synonymous,2,3,32,convergent,0.09
rpoA,c.486T>C,Chromosome_3878022_A_G,rifampicin,1.829924650161464,False,synonymous,1,3,34,single_origin_clonal,0.055
rpoA,c.822A>G,Chromosome_3877686_T_C,rifampicin,1.776103336921421,False,synonymous,1,2,33,single_origin_clonal,0.055
kasA,c.558G>C,Chromosome_2518672_G_C,isoniazid,1.5608180839612487,False,synonymous,1,2,29,single_origin_clonal,0.116
ndh,p.Val18Ala,Chromosome_2102990_A_G,isoniazid,8.772874058127018,True,nonsynonymous,4,0,163,convergent,0.102
rpoC,c.1062G>C,Chromosome_764431_G_C,rifampicin,1.9375672766415502,False,synonymous,1,1,36,single_origin_clonal,0.08
rpoC,c.3015A>G,Chromosome_766384_A_G,rifampicin,1.991388589881593,False,synonymous,2,1,37,convergent,0.08
whiB7,c.-586C>G,Chromosome_3569265_G_C,multiple,1.3993541442411195,False,noncoding_upstream,1,1,26,single_origin_clonal,undefined_dS_zero
gyrB,c.1623C>G,Chromosome_6862_C_G,fluoroquinolones,1.6684607104413347,False,synonymous,2,4,31,convergent,0.074
rpoA,c.-346G>A,Chromosome_3878853_C_T,rifampicin,1.991388589881593,False,noncoding_upstream,1,0,37,single_origin_clonal,0.055
rpoA,c.186A>G,Chromosome_3878322_T_C,rifampicin,1.991388589881593,False,synonymous,1,0,37,single_origin_clonal,0.055
rpoC,c.675T>C,Chromosome_764044_T_C,rifampicin,1.991388589881593,False,synonymous,1,0,37,single_origin_clonal,0.08
rpoA,c.921A>G,Chromosome_3877587_T_C,rifampicin,1.991388589881593,False,synonymous,1,0,37,single_origin_clonal,0.055
rpoA,c.603A>G,Chromosome_3877905_T_C,rifampicin,1.991388589881593,False,synonymous,1,0,37,single_origin_clonal,0.055
gyrB,c.1572C>T,Chromosome_6811_C_T,fluoroquinolones,1.3993541442411195,False,synonymous,4,4,26,convergent,0.074
ndh,c.1131G>C,Chromosome_2101912_C_G,isoniazid,1.3455328310010763,False,synonymous,1,2,25,single_origin_clonal,0.102
rpoC,c.909A>G,Chromosome_764278_A_G,rifampicin,1.883745963401507,False,synonymous,2,0,35,convergent,0.08
kasA,c.711T>C,Chromosome_2518825_T_C,isoniazid,1.991388589881593,False,synonymous,1,0,37,single_origin_clonal,0.116
rpoC,c.1686C>G,Chromosome_765055_C_G,rifampicin,1.3993541442411195,False,synonymous,3,3,26,convergent,0.08
rpoC,c.522G>C,Chromosome_763891_G_C,rifampicin,1.9375672766415502,False,synonymous,1,1,36,single_origin_clonal,0.08
rpoC,c.582G>C,Chromosome_763951_G_C,rifampicin,1.6146393972012916,False,synonymous,4,2,30,convergent,0.08
ndh,c.636T>C,Chromosome_2102407_A_G,isoniazid,1.4531754574811624,False,synonymous,3,3,27,convergent,0.102
rpoC,c.348T>C,Chromosome_763717_T_C,rifampicin,1.9375672766415502,False,synonymous,7,3,36,convergent,0.08
ndh,c.1269T>C,Chromosome_2101774_A_G,isoniazid,1.4531754574811624,False,synonymous,1,0,27,single_origin_clonal,0.102
ndh,c.1152C>G,Chromosome_2101891_G_C,isoniazid,1.3993541442411195,False,synonymous,1,3,26,single_origin_clonal,0.102
gyrB,c.1536G>C,Chromosome_6775_G_C,fluoroquinolones,1.776103336921421,False,synonymous,2,2,33,convergent,0.074
rpoA,c.507A>G,Chromosome_3878001_T_C,rifampicin,1.9375672766415502,False,synonymous,1,1,36,single_origin_clonal,0.055
rpoC,c.1489T>C,Chromosome_764858_T_C,rifampicin,1.9375672766415502,False,synonymous,3,1,36,convergent,0.08
rpoA,c.216T>C,Chromosome_3878292_A_G,rifampicin,1.883745963401507,False,synonymous,3,1,35,convergent,0.055
rpoC,p.Glu169Asp,Chromosome_763876_A_C,rifampicin,1.9375672766415502,False,nonsynonymous,1,1,36,single_origin_clonal,0.08
rpoC,c.3012C>T,Chromosome_766381_C_T,rifampicin,1.9375672766415502,False,synonymous,2,2,36,convergent,0.08
rpoA,c.-407T>C,Chromosome_3878914_A_G,rifampicin,1.883745963401507,False,noncoding_upstream,2,0,35,convergent,0.055
rpoC,c.2130C>G,Chromosome_765499_C_G,rifampicin,1.9375672766415502,False,synonymous,1,1,36,single_origin_clonal,0.08
rpoC,c.438T>C,Chromosome_763807_T_C,rifampicin,1.991388589881593,False,synonymous,1,0,37,single_origin_clonal,0.08
rpoC,c.3822C>G,Chromosome_767191_C_G,rifampicin,1.9375672766415502,False,synonymous,1,1,36,single_origin_clonal,0.08
rpoC,c.2187G>C,Chromosome_765556_G_C,rifampicin,1.9375672766415502,False,synonymous,1,1,36,single_origin_clonal,0.08
gyrB,c.888G>C,Chromosome_6127_G_C,fluoroquinolones,1.883745963401507,False,synonymous,2,1,35,convergent,0.074
rpoA,c.480G>C,Chromosome_3878028_C_G,rifampicin,1.9375672766415502,False,synonymous,1,1,36,single_origin_clonal,0.055
rpoC,c.636G>C,Chromosome_764005_G_C,rifampicin,1.776103336921421,False,synonymous,1,2,33,single_origin_clonal,0.08
rpoC,c.489A>G,Chromosome_763858_A_G,rifampicin,1.829924650161464,False,synonymous,2,0,34,convergent,0.08
gyrB,p.Met291Ile,Chromosome_6112_G_C,fluoroquinolones,3.4445640473627552,True,nonsynonymous,2,0,64,convergent,0.074
embR,c.-446C>T,Chromosome_1417793_G_A,ethambutol,3.3907427341227128,True,noncoding_upstream,1,0,63,single_origin_clonal,0.71
ahpC,c.-142G>A,Chromosome_2726051_G_A,isoniazid,3.3907427341227128,True,noncoding_upstream,1,0,63,single_origin_clonal,0.09
gid,c.330G>T,Chromosome_4407873_C_A,streptomycin,3.4445640473627552,True,synonymous,2,0,64,convergent,0.722
rpoA,c.852T>G,Chromosome_3877656_A_C,rifampicin,1.9375672766415502,False,synonymous,1,1,36,single_origin_clonal,0.055
embR,p.Cys110Tyr,Chromosome_1417019_C_T,ethambutol,3.3907427341227128,True,nonsynonymous,1,0,63,single_origin_clonal,0.71
rpoA,c.453A>G,Chromosome_3878055_T_C,rifampicin,1.776103336921421,False,synonymous,1,2,33,single_origin_clonal,0.055
rpoC,c.2442T>C,Chromosome_765811_T_C,rifampicin,1.776103336921421,False,synonymous,1,0,33,single_origin_clonal,0.08
rpoA,c.816G>C,Chromosome_3877692_C_G,rifampicin,1.7222820236813776,False,synonymous,2,1,32,convergent,0.055
rpoC,c.2979A>G,Chromosome_766348_A_G,rifampicin,1.7222820236813776,False,synonymous,1,3,32,single_origin_clonal,0.08
rpoC,c.1638T>G,Chromosome_765007_T_G,rifampicin,1.7222820236813776,False,synonymous,1,3,32,single_origin_clonal,0.08
gyrB,c.1617T>C,Chromosome_6856_T_C,fluoroquinolones,1.6684607104413347,False,synonymous,3,2,31,convergent,0.074
rpoA,c.162T>C,Chromosome_3878346_A_G,rifampicin,1.6684607104413347,False,synonymous,1,4,31,single_origin_clonal,0.055
rpoA,c.660C>T,Chromosome_3877848_G_A,rifampicin,1.6684607104413347,False,synonymous,1,3,31,single_origin_clonal,0.055
rpoC,c.3861G>C,Chromosome_767230_G_C,rifampicin,1.7222820236813776,False,synonymous,1,3,32,single_origin_clonal,0.08
rpoC,c.618C>T,Chromosome_763987_C_T,rifampicin,1.6146393972012916,False,synonymous,2,4,30,convergent,0.08
rpoA,c.-620T>C,Chromosome_3879127_A_G,rifampicin,1.776103336921421,False,noncoding_upstream,1,2,33,single_origin_clonal,0.055
rpoC,c.1083T>C,Chromosome_764452_T_C,rifampicin,1.6684607104413347,False,synonymous,3,0,31,convergent,0.08
rpoC,c.517C>A,Chromosome_763886_C_A,rifampicin,3.3907427341227128,True,synonymous,1,0,63,single_origin_clonal,0.08
rpoC,p.Ala172Val,Chromosome_763884_C_T,rifampicin,3.3907427341227128,True,nonsynonymous,1,0,63,single_origin_clonal,0.08
rpoA,c.405A>G,Chromosome_3878103_T_C,rifampicin,1.829924650161464,False,synonymous,1,1,34,single_origin_clonal,0.055
rpoC,c.2466C>T,Chromosome_765835_C_T,rifampicin,1.829924650161464,False,synonymous,1,3,34,single_origin_clonal,0.08
rpoA,c.765T>C,Chromosome_3877743_A_G,rifampicin,1.829924650161464,False,synonymous,2,1,34,convergent,0.055
rpoC,c.1579T>C,Chromosome_764948_T_C,rifampicin,2.2066738428417656,False,synonymous,4,2,41,convergent,0.08
rpoC,c.1671T>C,Chromosome_765040_T_C,rifampicin,1.991388589881593,False,synonymous,1,0,37,single_origin_clonal,0.08
rpoC,c.291T>G,Chromosome_763660_T_G,rifampicin,2.3681377825618943,False,synonymous,7,0,44,convergent,0.08
rpoC,c.3750A>G,Chromosome_767119_A_G,rifampicin,2.045209903121636,False,synonymous,3,1,38,convergent,0.08
rpoC,c.3594T>C,Chromosome_766963_T_C,rifampicin,1.991388589881593,False,synonymous,2,1,37,convergent,0.08
rpoC,c.2517C>G,Chromosome_765886_C_G,rifampicin,1.883745963401507,False,synonymous,1,2,35,single_origin_clonal,0.08
rpoC,c.3357T>C,Chromosome_766726_T_C,rifampicin,1.829924650161464,False,synonymous,1,0,34,single_origin_clonal,0.08
kasA,c.333T>G,Chromosome_2518447_T_G,isoniazid,1.4531754574811624,False,synonymous,1,2,27,single_origin_clonal,0.116
kasA,c.1233T>C,Chromosome_2519347_T_C,isoniazid,1.5608180839612487,False,synonymous,1,2,29,single_origin_clonal,0.116
whiB7,c.-529T>C,Chromosome_3569208_A_G,multiple,1.3993541442411195,False,noncoding_upstream,1,3,26,single_origin_clonal,undefined_dS_zero
rpoA,c.-218A>G,Chromosome_3878725_T_C,rifampicin,1.829924650161464,False,noncoding_upstream,3,1,34,convergent,0.055
rpoC,c.1242G>T,Chromosome_764611_G_T,rifampicin,1.829924650161464,False,synonymous,4,4,34,convergent,0.08
kasA,c.1224T>C,Chromosome_2519338_T_C,isoniazid,1.3993541442411195,False,synonymous,2,5,26,convergent,0.116
gyrB,c.1680T>C,Chromosome_6919_T_C,fluoroquinolones,1.3455328310010763,False,synonymous,3,1,25,convergent,0.074
gyrB,c.585A>G,Chromosome_5824_A_G,fluoroquinolones,1.5069967707212055,False,synonymous,1,3,28,single_origin_clonal,0.074
rpoA,c.-572A>G,Chromosome_3879079_T_C,rifampicin,1.776103336921421,False,noncoding_upstream,1,2,33,single_origin_clonal,0.055
ndh,c.114T>C,Chromosome_2102929_A_G,isoniazid,1.6684607104413347,False,synonymous,1,1,31,single_origin_clonal,0.102
rpoC,c.2976T>C,Chromosome_766345_T_C,rifampicin,1.5608180839612487,False,synonymous,2,2,29,convergent,0.08
kasA,c.669T>C,Chromosome_2518783_T_C,isoniazid,1.776103336921421,False,synonymous,1,4,33,single_origin_clonal,0.116
rpoC,c.1206T>G,Chromosome_764575_T_G,rifampicin,2.099031216361679,False,synonymous,4,1,39,convergent,0.08
rpoA,c.174T>C,Chromosome_3878334_A_G,rifampicin,1.5608180839612487,False,synonymous,2,1,29,convergent,0.055
kasA,c.366T>C,Chromosome_2518480_T_C,isoniazid,1.5608180839612487,False,synonymous,1,0,29,single_origin_clonal,0.116
rpoA,c.-302T>C,Chromosome_3878809_A_G,rifampicin,1.5608180839612487,False,noncoding_upstream,1,0,29,single_origin_clonal,0.055
kasA,p.Ala131Glu,Chromosome_2518506_C_A,isoniazid,1.5608180839612487,False,nonsynonymous,1,0,29,single_origin_clonal,0.116
rpoC,c.1639T>C,Chromosome_765008_T_C,rifampicin,1.6684607104413347,False,synonymous,1,4,31,single_origin_clonal,0.08
rpoC,c.2427C>T,Chromosome_765796_C_T,rifampicin,1.776103336921421,False,synonymous,1,0,33,single_origin_clonal,0.08
rpoA,c.-281G>C,Chromosome_3878788_C_G,rifampicin,1.6146393972012916,False,noncoding_upstream,2,0,30,convergent,0.055
rpoC,c.3405T>C,Chromosome_766774_T_C,rifampicin,1.829924650161464,False,synonymous,1,0,34,single_origin_clonal,0.08
rpoA,c.195G>C,Chromosome_3878313_C_G,rifampicin,1.776103336921421,False,synonymous,1,2,33,single_origin_clonal,0.055
rpoC,c.2331T>C,Chromosome_765700_T_C,rifampicin,1.883745963401507,False,synonymous,2,0,35,convergent,0.08
rpoC,c.714A>G,Chromosome_764083_A_G,rifampicin,1.883745963401507,False,synonymous,1,2,35,single_origin_clonal,0.08
rpoA,c.345C>T,Chromosome_3878163_G_A,rifampicin,1.776103336921421,False,synonymous,2,2,33,convergent,0.055
rpoC,c.2184C>T,Chromosome_765553_C_T,rifampicin,1.883745963401507,False,synonymous,1,1,35,single_origin_clonal,0.08
rpoC,c.-936T>C,Chromosome_762434_T_G,rifampicin,8.127018299246501,True,noncoding_upstream,3,1,151,convergent,0.08
rpoC,c.3531T>C,Chromosome_766900_T_C,rifampicin,1.883745963401507,False,synonymous,1,2,35,single_origin_clonal,0.08
rpoA,c.738A>G,Chromosome_3877770_T_C,rifampicin,1.829924650161464,False,synonymous,2,1,34,convergent,0.055
rpoC,c.3303T>C,Chromosome_766672_T_C,rifampicin,1.829924650161464,False,synonymous,2,0,34,convergent,0.08
rpoC,c.1950A>G,Chromosome_765319_A_G,rifampicin,1.9375672766415502,False,synonymous,1,1,36,single_origin_clonal,0.08
rpoC,c.375G>C,Chromosome_763744_G_C,rifampicin,1.829924650161464,False,synonymous,3,4,34,convergent,0.08
gyrB,c.1554T>C,Chromosome_6793_T_C,fluoroquinolones,1.829924650161464,False,synonymous,2,1,34,convergent,0.074
rpoC,c.-969G>C,Chromosome_762401_G_C,rifampicin,1.776103336921421,False,noncoding_upstream,1,0,33,single_origin_clonal,0.08
gyrB,c.1047T>C,Chromosome_6286_T_C,fluoroquinolones,1.776103336921421,False,synonymous,1,0,33,single_origin_clonal,0.074
rpoA,c.-165A>T,Chromosome_3878672_T_A,rifampicin,1.829924650161464,False,noncoding_upstream,1,3,34,single_origin_clonal,0.055
rpoA,c.-158A>G,Chromosome_3878665_T_C,rifampicin,1.829924650161464,False,noncoding_upstream,1,3,34,single_origin_clonal,0.055
rpoC,c.3492G>C,Chromosome_766861_G_C,rifampicin,1.776103336921421,False,synonymous,1,2,33,single_origin_clonal,0.08
kasA,c.330T>C,Chromosome_2518444_T_C,isoniazid,1.3993541442411195,False,synonymous,1,3,26,single_origin_clonal,0.116
ndh,c.741G>C,Chromosome_2102302_C_G,isoniazid,1.2917115177610334,False,synonymous,5,2,24,convergent,0.102
rpoC,c.3159T>C,Chromosome_766528_T_C,rifampicin,1.776103336921421,False,synonymous,1,4,33,single_origin_clonal,0.08
rpoC,c.633C>G,Chromosome_764002_C_G,rifampicin,1.5608180839612487,False,synonymous,3,4,29,convergent,0.08
rpoC,c.2481G>C,Chromosome_765850_G_C,rifampicin,1.2378902045209903,False,synonymous,3,2,23,convergent,0.08
ndh,c.270C>G,Chromosome_2102773_G_C,isoniazid,1.2378902045209903,False,synonymous,4,2,23,convergent,0.102
rpoC,c.2523T>C,Chromosome_765892_T_C,rifampicin,1.2378902045209903,False,synonymous,3,2,23,convergent,0.08
mmpL5,c.1311T>C,Chromosome_777170_A_G,bedaquiline/clofazimine,1.2917115177610334,False,synonymous,3,3,24,convergent,0.305
whiB7,c.-472A>G,Chromosome_3569151_T_C,multiple,1.2378902045209903,False,noncoding_upstream,1,3,23,single_origin_clonal,undefined_dS_zero
gyrB,c.852G>C,Chromosome_6091_G_C,fluoroquinolones,1.3455328310010763,False,synonymous,3,3,25,convergent,0.074
ndh,c.1119T>G,Chromosome_2101924_A_C,isoniazid,1.5608180839612487,False,synonymous,1,0,29,single_origin_clonal,0.102
rpoC,c.531G>C,Chromosome_763900_G_C,rifampicin,1.776103336921421,False,synonymous,1,2,33,single_origin_clonal,0.08
rpoC,c.525A>G,Chromosome_763894_A_G,rifampicin,1.776103336921421,False,synonymous,1,2,33,single_origin_clonal,0.08
rpoC,c.-972T>C,Chromosome_762398_T_C,rifampicin,1.829924650161464,False,noncoding_upstream,2,0,34,convergent,0.08
rpoC,c.-144A>G,Chromosome_763226_A_G,rifampicin,1.7222820236813776,False,noncoding_upstream,2,2,32,convergent,0.08
rpoC,c.732C>G,Chromosome_764101_C_G,rifampicin,1.776103336921421,False,synonymous,2,1,33,convergent,0.08
ndh,c.399A>G,Chromosome_2102644_T_C,isoniazid,1.7222820236813776,False,synonymous,1,2,32,single_origin_clonal,0.102
rpoC,c.2424C>G,Chromosome_765793_C_G,rifampicin,1.7222820236813776,False,synonymous,1,1,32,single_origin_clonal,0.08
gyrB,c.891T>C,Chromosome_6130_T_C,fluoroquinolones,1.5608180839612487,False,synonymous,2,3,29,convergent,0.074
rpoA,p.Gly122Asp,Chromosome_3878143_C_T,rifampicin,1.776103336921421,False,nonsynonymous,2,3,33,convergent,0.055
ndh,c.549T>C,Chromosome_2102494_A_G,isoniazid,1.7222820236813776,False,synonymous,2,0,32,convergent,0.102
kasA,p.Met165Ile,Chromosome_2518609_G_C,isoniazid,1.5069967707212055,False,nonsynonymous,1,1,28,single_origin_clonal,0.116
kasA,c.390T>C,Chromosome_2518504_T_C,isoniazid,1.5069967707212055,False,synonymous,1,0,28,single_origin_clonal,0.116
rpoA,c.651G>A,Chromosome_3877857_C_T,rifampicin,1.5069967707212055,False,synonymous,1,1,28,single_origin_clonal,0.055
rpoC,c.225C>T,Chromosome_763594_C_T,rifampicin,1.991388589881593,False,synonymous,3,1,37,convergent,0.08
rpoC,c.306C>G,Chromosome_763675_C_G,rifampicin,1.776103336921421,False,synonymous,4,1,33,convergent,0.08
rpoA,c.261G>C,Chromosome_3878247_C_G,rifampicin,1.7222820236813776,False,synonymous,1,1,32,single_origin_clonal,0.055
rpoC,c.1734G>T,Chromosome_765103_G_T,rifampicin,1.9375672766415502,False,synonymous,2,2,36,convergent,0.08
rpoC,c.3288A>G,Chromosome_766657_A_G,rifampicin,1.776103336921421,False,synonymous,2,2,33,convergent,0.08
rpoC,c.372C>T,Chromosome_763741_C_T,rifampicin,1.776103336921421,False,synonymous,4,1,33,convergent,0.08
kasA,c.405G>C,Chromosome_2518519_G_C,isoniazid,1.5608180839612487,False,synonymous,1,0,29,single_origin_clonal,0.116
ahpC,c.408T>C,Chromosome_2726600_T_C,isoniazid,1.776103336921421,False,synonymous,2,2,33,convergent,0.09
rpoC,c.996C>T,Chromosome_764365_C_T,rifampicin,2.099031216361679,False,synonymous,4,1,39,convergent,0.08
rpoC,c.1152T>C,Chromosome_764521_T_C,rifampicin,1.991388589881593,False,synonymous,6,0,37,convergent,0.08
rpoC,c.2457T>C,Chromosome_765826_T_C,rifampicin,1.9375672766415502,False,synonymous,1,1,36,single_origin_clonal,0.08
rpoC,c.1458G>C,Chromosome_764827_G_C,rifampicin,1.7222820236813776,False,synonymous,2,1,32,convergent,0.08
gyrB,c.1068T>G,Chromosome_6307_T_G,fluoroquinolones,1.776103336921421,False,synonymous,1,0,33,single_origin_clonal,0.074
rpoC,c.2652G>C,Chromosome_766021_G_C,rifampicin,1.829924650161464,False,synonymous,2,1,34,convergent,0.08
rpoA,c.141C>G,Chromosome_3878367_G_C,rifampicin,1.829924650161464,False,synonymous,2,1,34,convergent,0.055
rpoC,c.201G>C,Chromosome_763570_G_C,rifampicin,2.045209903121636,False,synonymous,6,2,38,convergent,0.08
rpoA,c.588G>C,Chromosome_3877920_C_G,rifampicin,1.7222820236813776,False,synonymous,3,1,32,convergent,0.055
rpoC,c.3396A>C,Chromosome_766765_A_C,rifampicin,1.829924650161464,False,synonymous,1,0,34,single_origin_clonal,0.08
rpoC,c.897T>C,Chromosome_764266_T_C,rifampicin,1.991388589881593,False,synonymous,1,0,37,single_origin_clonal,0.08
ndh,c.363T>C,Chromosome_2102680_A_G,isoniazid,1.991388589881593,False,synonymous,2,1,37,convergent,0.102
rpoC,c.2578T>C,Chromosome_765947_T_C,rifampicin,1.1840688912809472,False,synonymous,4,4,22,convergent,0.08
gyrB,c.634A>C,Chromosome_5873_A_C,fluoroquinolones,1.3455328310010763,False,synonymous,3,2,25,convergent,0.074
kasA,c.570C>G,Chromosome_2518684_C_G,isoniazid,1.3993541442411195,False,synonymous,3,3,26,convergent,0.116
kasA,c.597A>G,Chromosome_2518711_A_G,isoniazid,1.2378902045209903,False,synonymous,4,0,23,convergent,0.116
rpoA,c.84G>C,Chromosome_3878424_C_G,rifampicin,1.1840688912809472,False,synonymous,5,1,22,convergent,0.055
rpoC,c.1980T>C,Chromosome_765349_T_C,rifampicin,1.3993541442411195,False,synonymous,1,6,26,single_origin_clonal,0.08
kasA,c.954C>T,Chromosome_2519068_C_T,isoniazid,1.1840688912809472,False,synonymous,3,2,22,convergent,0.116
gyrB,c.1713C>G,Chromosome_6952_C_G,fluoroquinolones,1.4531754574811624,False,synonymous,2,1,27,convergent,0.074
rpoA,c.351C>G,Chromosome_3878157_G_C,rifampicin,1.1840688912809472,False,synonymous,5,1,22,convergent,0.055
ndh,c.252A>G,Chromosome_2102791_T_C,isoniazid,1.3455328310010763,False,synonymous,1,5,25,single_origin_clonal,0.102
gyrB,c.786A>G,Chromosome_6025_A_G,fluoroquinolones,1.3455328310010763,False,synonymous,6,2,25,convergent,0.074
rpoC,c.2773C>T,Chromosome_766142_C_T,rifampicin,1.1840688912809472,False,synonymous,3,1,22,convergent,0.08
mmpL5,p.Met456Leu,Chromosome_777115_T_G,bedaquiline/clofazimine,1.3455328310010763,False,nonsynonymous,3,1,25,convergent,0.305
rpoC,c.-117G>C,Chromosome_763253_G_C,rifampicin,1.2378902045209903,False,noncoding_upstream,3,1,23,convergent,0.08
rpoA,c.-722A>G,Chromosome_3879229_T_C,rifampicin,1.3455328310010763,False,noncoding_upstream,1,3,25,single_origin_clonal,0.055
rpoC,c.87A>G,Chromosome_763456_A_G,rifampicin,2.1528525296017222,False,synonymous,4,0,40,convergent,0.08
eis,p.Val163Ile,Chromosome_2714846_C_T,amikacin/kanamycin,2.4757804090419806,True,nonsynonymous,6,0,46,convergent,undefined_dS_zero
rpoC,c.159G>A,Chromosome_763528_G_A,rifampicin,2.045209903121636,False,synonymous,5,1,38,convergent,0.08
kasA,c.477G>C,Chromosome_2518591_G_C,isoniazid,1.6684607104413347,False,synonymous,1,0,31,single_origin_clonal,0.116
rpoA,p.Glu338Asp,Chromosome_3877494_C_G,rifampicin,1.4531754574811624,False,nonsynonymous,1,0,27,single_origin_clonal,0.055
rpoC,c.819A>G,Chromosome_764188_A_G,rifampicin,1.6684607104413347,False,synonymous,2,2,31,convergent,0.08
rpoC,c.2415C>G,Chromosome_765784_C_G,rifampicin,1.6684607104413347,False,synonymous,1,2,31,single_origin_clonal,0.08
kasA,c.-96A>G,Chromosome_2518019_A_G,isoniazid,1.776103336921421,False,noncoding_upstream,2,1,33,convergent,0.116
rpoA,c.-235G>A,Chromosome_3878742_C_T,rifampicin,1.7222820236813776,False,noncoding_upstream,2,2,32,convergent,0.055
kasA,c.48G>A,Chromosome_2518162_G_A,isoniazid,1.4531754574811624,False,synonymous,1,0,27,single_origin_clonal,0.116
ndh,c.1023A>G,Chromosome_2102020_T_C,isoniazid,1.4531754574811624,False,synonymous,1,1,27,single_origin_clonal,0.102
gyrB,c.1312T>C,Chromosome_6551_T_C,fluoroquinolones,1.776103336921421,False,synonymous,4,2,33,convergent,0.074
gyrB,p.Glu604Asp,Chromosome_7051_A_C,fluoroquinolones,1.4531754574811624,False,nonsynonymous,3,3,27,convergent,0.074
rpoC,p.Ala969Thr,Chromosome_766274_G_A,rifampicin,1.4531754574811624,False,nonsynonymous,1,0,27,single_origin_clonal,0.08
whiB7,c.-577T>C,Chromosome_3569256_A_G,multiple,1.4531754574811624,False,noncoding_upstream,1,0,27,single_origin_clonal,undefined_dS_zero
rpoA,c.-317G>C,Chromosome_3878824_C_G,rifampicin,1.5069967707212055,False,noncoding_upstream,3,1,28,convergent,0.055
rpoC,c.3204T>C,Chromosome_766573_T_C,rifampicin,1.9375672766415502,False,synonymous,1,1,36,single_origin_clonal,0.08
rpoC,c.729A>G,Chromosome_764098_A_G,rifampicin,1.7222820236813776,False,synonymous,2,2,32,convergent,0.08
rpoC,c.2382C>G,Chromosome_765751_C_G,rifampicin,1.776103336921421,False,synonymous,1,2,33,single_origin_clonal,0.08
gyrB,c.1639T>C,Chromosome_6878_T_C,fluoroquinolones,1.4531754574811624,False,synonymous,3,1,27,convergent,0.074
kasA,c.564C>T,Chromosome_2518678_C_T,isoniazid,1.5069967707212055,False,synonymous,1,2,28,single_origin_clonal,0.116
kasA,c.447T>C,Chromosome_2518561_T_C,isoniazid,1.4531754574811624,False,synonymous,2,1,27,convergent,0.116
ndh,c.561A>G,Chromosome_2102482_T_C,isoniazid,1.6146393972012916,False,synonymous,2,0,30,convergent,0.102
rpoC,c.3495G>C,Chromosome_766864_G_C,rifampicin,1.6684607104413347,False,synonymous,1,2,31,single_origin_clonal,0.08
rpoC,c.45T>C,Chromosome_763414_T_C,rifampicin,1.9375672766415502,False,synonymous,1,1,36,single_origin_clonal,0.08
rpoC,c.1665T>C,Chromosome_765034_T_C,rifampicin,1.776103336921421,False,synonymous,1,0,33,single_origin_clonal,0.08
rpoC,c.2040T>C,Chromosome_765409_T_C,rifampicin,1.991388589881593,False,synonymous,1,0,37,single_origin_clonal,0.08
rpoA,c.522G>C,Chromosome_3877986_C_G,rifampicin,1.6684607104413347,False,synonymous,3,1,31,convergent,0.055
rpoC,c.-960T>C,Chromosome_762410_T_C,rifampicin,1.883745963401507,False,noncoding_upstream,2,0,35,convergent,0.08
rpoC,c.1983G>C,Chromosome_765352_G_C,rifampicin,1.883745963401507,False,synonymous,1,2,35,single_origin_clonal,0.08
rpoC,c.2109T>C,Chromosome_765478_T_C,rifampicin,1.9375672766415502,False,synonymous,1,1,36,single_origin_clonal,0.08
rpoC,c.1519T>C,Chromosome_764888_T_C,rifampicin,1.9375672766415502,False,synonymous,1,1,36,single_origin_clonal,0.08
gid,c.615A>G,Chromosome_4407588_T_C,streptomycin,30.731969860064584,True,synonymous,12,4,571,convergent,0.722
rpoC,c.2514C>G,Chromosome_765883_C_G,rifampicin,1.2378902045209903,False,synonymous,4,1,23,convergent,0.08
mmpL5,p.Asn466Asp,Chromosome_777085_T_C,bedaquiline/clofazimine,1.2378902045209903,False,nonsynonymous,3,0,23,convergent,0.305
rpoA,c.612G>C,Chromosome_3877896_C_G,rifampicin,1.1840688912809472,False,synonymous,4,1,22,convergent,0.055
ndh,c.831G>C,Chromosome_2102212_C_G,isoniazid,1.1840688912809472,False,synonymous,3,0,22,convergent,0.102
mmpL5,c.1275A>G,Chromosome_777206_T_C,bedaquiline/clofazimine,1.2378902045209903,False,synonymous,3,3,23,convergent,0.305
gyrB,c.120C>T,Chromosome_5359_C_T,fluoroquinolones,1.2917115177610334,False,synonymous,1,3,24,single_origin_clonal,0.074
gid,c.549G>C,Chromosome_4407654_C_G,streptomycin,1.2378902045209903,False,synonymous,2,0,23,convergent,0.722
rpoA,c.582G>C,Chromosome_3877926_C_G,rifampicin,1.1840688912809472,False,synonymous,3,1,22,convergent,0.055
kasA,c.1059C>G,Chromosome_2519173_C_G,isoniazid,1.1840688912809472,False,synonymous,5,1,22,convergent,0.116
gyrB,c.1947C>G,Chromosome_7186_C_G,fluoroquinolones,1.2378902045209903,False,synonymous,5,1,23,convergent,0.074
gyrB,p.Thr283Pro,Chromosome_6086_A_C,fluoroquinolones,1.2378902045209903,False,nonsynonymous,5,1,23,convergent,0.074
rpoC,c.903G>C,Chromosome_764272_G_C,rifampicin,1.3455328310010763,False,synonymous,4,3,25,convergent,0.08
rpoC,p.Asp795Ala,Chromosome_765753_A_C,rifampicin,1.883745963401507,False,nonsynonymous,1,2,35,single_origin_clonal,0.08
whiB7,c.-502C>T,Chromosome_3569181_G_A,multiple,1.1840688912809472,False,noncoding_upstream,1,5,22,single_origin_clonal,undefined_dS_zero
ndh,c.243T>C,Chromosome_2102800_A_G,isoniazid,1.2378902045209903,False,synonymous,1,5,23,single_origin_clonal,0.102
kasA,c.807T>C,Chromosome_2518921_T_C,isoniazid,1.4531754574811624,False,synonymous,2,1,27,convergent,0.116
rpoC,c.2904T>C,Chromosome_766273_T_C,rifampicin,1.1302475780409043,False,synonymous,2,2,21,convergent,0.08
rpoC,c.1851A>G,Chromosome_765220_A_G,rifampicin,1.1302475780409043,False,synonymous,2,4,21,convergent,0.08
embR,c.-207C>G,Chromosome_1417554_G_C,ethambutol,3.606027987082885,True,noncoding_upstream,2,0,67,convergent,0.71
rpoC,c.363C>G,Chromosome_763732_C_G,rifampicin,2.045209903121636,False,synonymous,5,3,38,convergent,0.08
rpoC,c.354G>C,Chromosome_763723_G_C,rifampicin,1.883745963401507,False,synonymous,5,1,35,convergent,0.08
ahpC,c.174G>C,Chromosome_2726366_G_C,isoniazid,1.7222820236813776,False,synonymous,1,2,32,single_origin_clonal,0.09
gyrB,c.1620T>C,Chromosome_6859_T_C,fluoroquinolones,1.4531754574811624,False,synonymous,1,3,27,single_origin_clonal,0.074
gyrB,c.138T>C,Chromosome_5377_T_C,fluoroquinolones,1.4531754574811624,False,synonymous,2,3,27,convergent,0.074
kasA,p.Val398Ile,Chromosome_2519306_G_A,isoniazid,1.4531754574811624,False,nonsynonymous,2,1,27,convergent,0.116
gyrB,c.861G>C,Chromosome_6100_G_C,fluoroquinolones,1.5608180839612487,False,synonymous,3,3,29,convergent,0.074
rpoA,c.-326C>G,Chromosome_3878833_G_C,rifampicin,1.6146393972012916,False,noncoding_upstream,2,0,30,convergent,0.055
ahpC,p.Ser69Gly,Chromosome_2726397_A_G,isoniazid,1.6684607104413347,False,nonsynonymous,1,1,31,single_origin_clonal,0.09
kasA,c.-90G>C,Chromosome_2518025_G_C,isoniazid,1.829924650161464,False,noncoding_upstream,1,0,34,single_origin_clonal,0.116
ahpC,c.216T>C,Chromosome_2726408_T_C,isoniazid,1.6684607104413347,False,synonymous,1,1,31,single_origin_clonal,0.09
gyrB,c.999G>A,Chromosome_6238_G_A,fluoroquinolones,1.3993541442411195,False,synonymous,1,1,26,single_origin_clonal,0.074
rpoC,c.3843G>C,Chromosome_767212_G_C,rifampicin,1.7222820236813776,False,synonymous,2,1,32,convergent,0.08
rpoC,c.519G>C,Chromosome_763888_G_C,rifampicin,1.776103336921421,False,synonymous,2,3,33,convergent,0.08
rpoA,c.402G>C,Chromosome_3878106_C_G,rifampicin,1.6684607104413347,False,synonymous,2,0,31,convergent,0.055
ndh,c.1239T>G,Chromosome_2101804_A_C,isoniazid,1.4531754574811624,False,synonymous,1,0,27,single_origin_clonal,0.102
rpoC,c.-861T>G,Chromosome_762509_T_G,rifampicin,1.829924650161464,False,noncoding_upstream,2,2,34,convergent,0.08
mmpL5,c.2472A>G,Chromosome_776009_T_C,bedaquiline/clofazimine,1.6146393972012916,False,synonymous,1,2,30,single_origin_clonal,0.305
rpoA,c.669G>C,Chromosome_3877839_C_G,rifampicin,1.7222820236813776,False,synonymous,2,2,32,convergent,0.055
rpoC,c.1197C>G,Chromosome_764566_C_G,rifampicin,1.6146393972012916,False,synonymous,4,2,30,convergent,0.08
rpoA,c.378C>G,Chromosome_3878130_G_C,rifampicin,1.6146393972012916,False,synonymous,3,2,30,convergent,0.055
rpoC,p.Gly168Ala,Chromosome_763872_G_C,rifampicin,1.9375672766415502,False,nonsynonymous,1,1,36,single_origin_clonal,0.08
rpoC,c.-788T>C,Chromosome_762582_T_C,rifampicin,1.776103336921421,False,noncoding_upstream,1,1,33,single_origin_clonal,0.08
rpoC,p.Asp221Glu,Chromosome_764032_C_G,rifampicin,1.6684607104413347,False,nonsynonymous,2,1,31,convergent,0.08
gyrB,c.2007T>C,Chromosome_7246_T_C,fluoroquinolones,1.6684607104413347,False,synonymous,1,2,31,single_origin_clonal,0.074
rpoC,c.834G>C,Chromosome_764203_G_C,rifampicin,1.883745963401507,False,synonymous,2,0,35,convergent,0.08
gyrB,c.897G>A,Chromosome_6136_G_A,fluoroquinolones,1.4531754574811624,False,synonymous,2,3,27,convergent,0.074
embR,p.Phe376Leu,Chromosome_1416222_A_G,ethambutol,27.933261571582346,True,nonsynonymous,68,111,519,convergent,0.71
kasA,c.1215C>T,Chromosome_2519329_C_T,isoniazid,1.5608180839612487,False,synonymous,3,4,29,convergent,0.116
ahpC,c.399C>G,Chromosome_2726591_C_G,isoniazid,1.5608180839612487,False,synonymous,2,1,29,convergent,0.09
rpoC,c.1720T>C,Chromosome_765089_T_C,rifampicin,2.045209903121636,False,synonymous,3,1,38,convergent,0.08
kasA,c.855T>G,Chromosome_2518969_T_G,isoniazid,1.0764262648008611,False,synonymous,3,0,20,convergent,0.116
rpoC,p.Asp1057Glu,Chromosome_766540_C_G,rifampicin,1.1840688912809472,False,nonsynonymous,3,2,22,convergent,0.08
gyrB,c.624G>C,Chromosome_5863_G_C,fluoroquinolones,1.2917115177610334,False,synonymous,4,0,24,convergent,0.074
gyrB,c.564A>G,Chromosome_5803_A_G,fluoroquinolones,1.3455328310010763,False,synonymous,2,3,25,convergent,0.074
mmpL5,c.855C>T,Chromosome_777626_G_A,bedaquiline/clofazimine,1.2378902045209903,False,synonymous,6,2,23,convergent,0.305
mmpL5,c.1386T>C,Chromosome_777095_A_G,bedaquiline/clofazimine,1.1302475780409043,False,synonymous,3,4,21,convergent,0.305
rpoA,c.468T>C,Chromosome_3878040_A_G,rifampicin,1.2917115177610334,False,synonymous,5,2,24,convergent,0.055
kasA,c.1113G>C,Chromosome_2519227_G_C,isoniazid,1.3455328310010763,False,synonymous,3,4,25,convergent,0.116
mmpL5,c.834C>G,Chromosome_777647_G_C,bedaquiline/clofazimine,1.3455328310010763,False,synonymous,5,0,25,convergent,0.305
rpoC,c.177A>G,Chromosome_763546_A_G,rifampicin,2.045209903121636,False,synonymous,5,1,38,convergent,0.08
rpoC,c.1878C>G,Chromosome_765247_C_G,rifampicin,1.0764262648008611,False,synonymous,2,3,20,convergent,0.08
mmpL5,c.1227G>C,Chromosome_777254_C_G,bedaquiline/clofazimine,1.1302475780409043,False,synonymous,4,1,21,convergent,0.305
ahpC,c.351A>G,Chromosome_2726543_A_G,isoniazid,1.1302475780409043,False,synonymous,3,0,21,convergent,0.09
kasA,c.849T>C,Chromosome_2518963_T_C,isoniazid,1.0764262648008611,False,synonymous,3,0,20,convergent,0.116
kasA,c.894C>G,Chromosome_2519008_C_G,isoniazid,1.1302475780409043,False,synonymous,3,1,21,convergent,0.116
ahpC,p.Ala149Val,Chromosome_2726638_C_T,isoniazid,1.5069967707212055,False,nonsynonymous,3,3,28,convergent,0.09
ahpC,c.372C>G,Chromosome_2726564_C_G,isoniazid,1.3455328310010763,False,synonymous,1,4,25,single_origin_clonal,0.09
gyrB,c.384T>C,Chromosome_5623_T_C,fluoroquinolones,1.2917115177610334,False,synonymous,3,5,24,convergent,0.074
whiB7,c.-518C>A,Chromosome_3569197_G_T,multiple,1.1840688912809472,False,noncoding_upstream,1,3,22,single_origin_clonal,undefined_dS_zero
kasA,c.903G>C,Chromosome_2519017_G_C,isoniazid,1.1302475780409043,False,synonymous,3,1,21,convergent,0.116
rpoC,p.Ile937Val,Chromosome_766178_A_G,rifampicin,1.1302475780409043,False,nonsynonymous,3,2,21,convergent,0.08
gyrB,c.1692A>G,Chromosome_6931_A_G,fluoroquinolones,1.5069967707212055,False,synonymous,1,3,28,single_origin_clonal,0.074
rpoA,c.24C>A,Chromosome_3878484_G_T,rifampicin,1.1302475780409043,False,synonymous,3,1,21,convergent,0.055
kasA,c.906G>C,Chromosome_2519020_G_C,isoniazid,1.1302475780409043,False,synonymous,3,1,21,convergent,0.116
kasA,c.663C>T,Chromosome_2518777_C_T,isoniazid,1.1302475780409043,False,synonymous,4,0,21,convergent,0.116
ndh,c.177C>G,Chromosome_2102866_G_C,isoniazid,1.1840688912809472,False,synonymous,3,3,22,convergent,0.102
ahpC,c.480G>A,Chromosome_2726672_G_A,isoniazid,1.0764262648008611,True,synonymous,3,0,20,convergent,0.09
ndh,c.1080G>A,Chromosome_2101963_C_T,isoniazid,1.0764262648008611,False,synonymous,4,0,20,convergent,0.102
mmpL5,p.Leu500Gln,Chromosome_776982_A_T,bedaquiline/clofazimine,1.4531754574811624,False,nonsynonymous,2,2,27,convergent,0.305
gyrB,c.663A>G,Chromosome_5902_A_G,fluoroquinolones,1.2917115177610334,False,synonymous,3,3,24,convergent,0.074
rpoA,c.12A>T,Chromosome_3878496_T_A,rifampicin,1.9375672766415502,False,synonymous,6,1,36,convergent,0.055
rpoA,c.-257A>G,Chromosome_3878764_T_C,rifampicin,1.776103336921421,False,noncoding_upstream,3,2,33,convergent,0.055
rpoC,c.2766G>A,Chromosome_766135_G_A,rifampicin,1.6684607104413347,False,synonymous,4,1,31,convergent,0.08
rpoA,c.93C>T,Chromosome_3878415_G_A,rifampicin,1.5608180839612487,False,synonymous,1,2,29,single_origin_clonal,0.055
rpoA,c.-719G>C,Chromosome_3879226_C_G,rifampicin,1.5608180839612487,False,noncoding_upstream,2,0,29,convergent,0.055
ndh,c.132G>C,Chromosome_2102911_C_G,isoniazid,1.6684607104413347,False,synonymous,1,2,31,single_origin_clonal,0.102
rpoA,c.-715T>C,Chromosome_3879222_A_G,rifampicin,1.5608180839612487,False,noncoding_upstream,2,0,29,convergent,0.055
rpoA,c.-239A>G,Chromosome_3878746_T_C,rifampicin,1.5608180839612487,False,noncoding_upstream,2,3,29,convergent,0.055
rpoC,c.3837C>G,Chromosome_767206_C_G,rifampicin,1.776103336921421,False,synonymous,2,1,33,convergent,0.08
rpoC,c.75T>C,Chromosome_763444_T_C,rifampicin,1.9375672766415502,False,synonymous,1,1,36,single_origin_clonal,0.08
rpoC,c.-18T>A,Chromosome_763352_T_A,rifampicin,1.6684607104413347,False,noncoding_upstream,4,0,31,convergent,0.08
rpoA,p.Ile299Val,Chromosome_3877613_T_C,rifampicin,1.6146393972012916,False,nonsynonymous,2,1,30,convergent,0.055
rpoC,c.2403C>G,Chromosome_765772_C_G,rifampicin,1.5608180839612487,False,synonymous,1,2,29,single_origin_clonal,0.08
rpoC,c.-19T>C,Chromosome_763351_T_C,rifampicin,1.6684607104413347,False,noncoding_upstream,4,0,31,convergent,0.08
rpoC,c.510A>G,Chromosome_763879_A_G,rifampicin,1.9375672766415502,False,synonymous,1,1,36,single_origin_clonal,0.08
rpoC,c.3180G>C,Chromosome_766549_G_C,rifampicin,1.7222820236813776,False,synonymous,2,3,32,convergent,0.08
rpoC,c.-86C>T,Chromosome_763284_C_T,rifampicin,1.5608180839612487,False,noncoding_upstream,2,2,29,convergent,0.08
rpoC,c.3840T>C,Chromosome_767209_T_C,rifampicin,1.776103336921421,False,synonymous,2,1,33,convergent,0.08
rpoC,c.1059G>C,Chromosome_764428_G_C,rifampicin,1.776103336921421,False,synonymous,6,2,33,convergent,0.08
rpoC,c.3690T>G,Chromosome_767059_T_G,rifampicin,1.7222820236813776,False,synonymous,3,1,32,convergent,0.08
rpoC,c.3603G>C,Chromosome_766972_G_C,rifampicin,1.5608180839612487,False,synonymous,3,1,29,convergent,0.08
rpoC,c.2994G>C,Chromosome_766363_G_C,rifampicin,1.5069967707212055,False,synonymous,3,1,28,convergent,0.08
whiB7,c.-571T>C,Chromosome_3569250_A_G,multiple,1.4531754574811624,False,noncoding_upstream,1,0,27,single_origin_clonal,undefined_dS_zero
kasA,c.414C>G,Chromosome_2518528_C_G,isoniazid,1.3993541442411195,False,synonymous,1,1,26,single_origin_clonal,0.116
kasA,p.Leu266Met,Chromosome_2518910_C_A,isoniazid,1.7222820236813776,False,nonsynonymous,1,0,32,single_origin_clonal,0.116
mmpL5,p.Leu858Phe,Chromosome_775909_G_A,bedaquiline/clofazimine,1.6684607104413347,False,nonsynonymous,1,1,31,single_origin_clonal,0.305
kasA,c.1191A>G,Chromosome_2519305_A_G,isoniazid,1.5608180839612487,False,synonymous,2,0,29,convergent,0.116
ahpC,c.165A>G,Chromosome_2726357_A_G,isoniazid,1.6146393972012916,False,synonymous,2,0,30,convergent,0.09
gyrB,c.102T>C,Chromosome_5341_T_C,fluoroquinolones,1.4531754574811624,False,synonymous,2,3,27,convergent,0.074
rpoA,c.642G>C,Chromosome_3877866_C_G,rifampicin,1.3455328310010763,False,synonymous,3,2,25,convergent,0.055
ndh,c.171A>G,Chromosome_2102872_T_C,isoniazid,1.3993541442411195,False,synonymous,2,2,26,convergent,0.102
ndh,c.1071G>C,Chromosome_2101972_C_G,isoniazid,1.5069967707212055,False,synonymous,1,0,28,single_origin_clonal,0.102
ndh,c.1266C>G,Chromosome_2101777_G_C,isoniazid,1.4531754574811624,False,synonymous,1,0,27,single_origin_clonal,0.102
kasA,p.Ser26Ala,Chromosome_2518190_T_G,isoniazid,1.3455328310010763,False,nonsynonymous,1,2,25,single_origin_clonal,0.116
kasA,c.348A>C,Chromosome_2518462_A_C,isoniazid,1.5608180839612487,False,synonymous,1,0,29,single_origin_clonal,0.116
ndh,c.1053G>C,Chromosome_2101990_C_G,isoniazid,1.3993541442411195,False,synonymous,1,2,26,single_origin_clonal,0.102
ahpC,c.156T>C,Chromosome_2726348_T_C,isoniazid,1.6146393972012916,False,synonymous,2,0,30,convergent,0.09
rpoC,c.1170C>G,Chromosome_764539_C_G,rifampicin,2.099031216361679,False,synonymous,5,1,39,convergent,0.08
rpoC,c.1879T>C,Chromosome_765248_T_C,rifampicin,1.0764262648008611,False,synonymous,2,3,20,convergent,0.08
ndh,c.186T>C,Chromosome_2102857_A_G,isoniazid,1.3455328310010763,False,synonymous,4,3,25,convergent,0.102
whiB7,c.-490T>C,Chromosome_3569169_A_G,multiple,1.1840688912809472,False,noncoding_upstream,3,1,22,convergent,undefined_dS_zero
ahpC,c.336C>G,Chromosome_2726528_C_G,isoniazid,1.0764262648008611,False,synonymous,3,0,20,convergent,0.09
ndh,c.231T>C,Chromosome_2102812_A_G,isoniazid,1.1302475780409043,False,synonymous,3,2,21,convergent,0.102
whiB7,c.-589C>G,Chromosome_3569268_G_C,multiple,1.1302475780409043,False,noncoding_upstream,1,0,21,single_origin_clonal,undefined_dS_zero
ndh,c.183G>C,Chromosome_2102860_C_G,isoniazid,1.3455328310010763,False,synonymous,5,4,25,convergent,0.102
kasA,c.600A>C,Chromosome_2518714_A_C,isoniazid,1.6146393972012916,False,synonymous,1,3,30,single_origin_clonal,0.116
gyrB,c.87T>C,Chromosome_5326_T_C,fluoroquinolones,1.1840688912809472,False,synonymous,4,2,22,convergent,0.074
rpoC,c.3057C>T,Chromosome_766426_C_T,rifampicin,1.7222820236813776,False,synonymous,2,2,32,convergent,0.08
rpoC,c.2772C>T,Chromosome_766141_C_T,rifampicin,1.5608180839612487,False,synonymous,2,1,29,convergent,0.08
rpoC,c.2760C>G,Chromosome_766129_C_G,rifampicin,1.6146393972012916,False,synonymous,3,1,30,convergent,0.08
ndh,c.144T>C,Chromosome_2102899_A_G,isoniazid,1.5069967707212055,False,synonymous,2,3,28,convergent,0.102
rpoC,c.204G>C,Chromosome_763573_G_C,rifampicin,1.6146393972012916,False,synonymous,4,1,30,convergent,0.08
ndh,c.642T>C,Chromosome_2102401_A_G,isoniazid,1.776103336921421,False,synonymous,2,1,33,convergent,0.102
rpoC,c.405G>C,Chromosome_763774_G_C,rifampicin,1.5069967707212055,False,synonymous,3,1,28,convergent,0.08
rpoC,c.900G>C,Chromosome_764269_G_C,rifampicin,1.6146393972012916,False,synonymous,2,1,30,convergent,0.08
ndh,c.726A>G,Chromosome_2102317_T_C,isoniazid,1.6146393972012916,False,synonymous,2,0,30,convergent,0.102
rpoC,c.2052C>G,Chromosome_765421_C_G,rifampicin,1.6146393972012916,False,synonymous,2,2,30,convergent,0.08
rpoA,c.66G>C,Chromosome_3878442_C_G,rifampicin,1.829924650161464,False,synonymous,2,0,34,convergent,0.055
rpoC,p.Met672Leu,Chromosome_765383_A_C,rifampicin,1.883745963401507,False,nonsynonymous,2,1,35,convergent,0.08
rpoA,c.546G>T,Chromosome_3877962_C_A,rifampicin,1.883745963401507,False,synonymous,2,1,35,convergent,0.055
rpoC,c.762T>C,Chromosome_764131_T_C,rifampicin,1.5608180839612487,False,synonymous,2,2,29,convergent,0.08
kasA,c.120G>A,Chromosome_2518234_G_A,isoniazid,1.5608180839612487,False,synonymous,1,2,29,single_origin_clonal,0.116
kasA,c.784T>C,Chromosome_2518898_T_C,isoniazid,1.5069967707212055,False,synonymous,1,3,28,single_origin_clonal,0.116
ndh,c.1017G>C,Chromosome_2102026_C_G,isoniazid,1.4531754574811624,False,synonymous,1,1,27,single_origin_clonal,0.102
gyrB,c.1311A>G,Chromosome_6550_A_G,fluoroquinolones,1.7222820236813776,False,synonymous,1,3,32,single_origin_clonal,0.074
kasA,p.Tyr394Phe,Chromosome_2519295_A_T,isoniazid,1.2917115177610334,False,nonsynonymous,1,1,24,single_origin_clonal,0.116
kasA,c.1023T>G,Chromosome_2519137_T_G,isoniazid,1.6146393972012916,False,synonymous,1,4,30,single_origin_clonal,0.116
ndh,p.Ile405Val,Chromosome_2101830_T_C,isoniazid,1.4531754574811624,False,nonsynonymous,1,0,27,single_origin_clonal,0.102
kasA,c.828T>C,Chromosome_2518942_T_C,isoniazid,1.5069967707212055,False,synonymous,1,2,28,single_origin_clonal,0.116
rpoA,c.441C>G,Chromosome_3878067_G_C,rifampicin,1.3455328310010763,False,synonymous,2,1,25,convergent,0.055
kasA,c.465T>C,Chromosome_2518579_T_C,isoniazid,1.3455328310010763,False,synonymous,1,3,25,single_origin_clonal,0.116
whiB7,c.-547G>C,Chromosome_3569226_C_G,multiple,1.2917115177610334,False,noncoding_upstream,2,1,24,convergent,undefined_dS_zero
rpoC,c.2934C>T,Chromosome_766303_C_T,rifampicin,1.2917115177610334,False,synonymous,1,1,24,single_origin_clonal,0.08
kasA,c.1152C>T,Chromosome_2519266_C_T,isoniazid,1.4531754574811624,False,synonymous,1,1,27,single_origin_clonal,0.116
kasA,c.1173T>C,Chromosome_2519287_T_C,isoniazid,1.3455328310010763,False,synonymous,1,1,25,single_origin_clonal,0.116
rpoA,c.204G>C,Chromosome_3878304_C_G,rifampicin,1.4531754574811624,False,synonymous,2,3,27,convergent,0.055
kasA,p.Phe11Tyr,Chromosome_2518146_T_A,isoniazid,1.3455328310010763,False,nonsynonymous,2,1,25,convergent,0.116
rpoC,p.Ser971Gly,Chromosome_766280_A_G,rifampicin,1.5608180839612487,False,nonsynonymous,2,0,29,convergent,0.08
kasA,c.825T>C,Chromosome_2518939_T_C,isoniazid,1.5069967707212055,False,synonymous,1,2,28,single_origin_clonal,0.116
gyrB,c.1506T>C,Chromosome_6745_T_C,fluoroquinolones,1.9375672766415502,False,synonymous,1,1,36,single_origin_clonal,0.074
ahpC,p.Glu42Asp,Chromosome_2726318_A_C,isoniazid,1.5608180839612487,False,nonsynonymous,1,0,29,single_origin_clonal,0.09
ndh,c.1020G>C,Chromosome_2102023_C_G,isoniazid,1.3993541442411195,False,synonymous,1,1,26,single_origin_clonal,0.102
gyrB,c.610C>T,Chromosome_5849_C_T,fluoroquinolones,1.1302475780409043,False,synonymous,1,0,21,single_origin_clonal,0.074
gyrB,c.1302C>T,Chromosome_6541_C_T,fluoroquinolones,1.1840688912809472,False,synonymous,5,2,22,convergent,0.074
rpoA,c.-469A>G,Chromosome_3878976_T_C,rifampicin,1.829924650161464,False,noncoding_upstream,1,3,34,single_origin_clonal,0.055
mmpL5,c.2428T>C,Chromosome_776053_A_G,bedaquiline/clofazimine,1.2917115177610334,False,synonymous,3,4,24,convergent,0.305
kasA,c.865A>C,Chromosome_2518979_A_C,isoniazid,1.0764262648008611,False,synonymous,3,0,20,convergent,0.116
gyrB,c.543A>G,Chromosome_5782_A_G,fluoroquinolones,1.0764262648008611,False,synonymous,2,0,20,convergent,0.074
gid,p.Val184Ala,Chromosome_4407652_A_G,streptomycin,1.1302475780409043,False,nonsynonymous,1,0,21,single_origin_clonal,0.722
ndh,c.1311T>C,Chromosome_2101732_A_G,isoniazid,1.3993541442411195,False,synonymous,1,1,26,single_origin_clonal,0.102
gyrB,c.549G>C,Chromosome_5788_G_C,fluoroquinolones,1.1840688912809472,False,synonymous,1,2,22,single_origin_clonal,0.074
gyrB,c.1041T>C,Chromosome_6280_T_C,fluoroquinolones,1.6146393972012916,False,synonymous,1,2,30,single_origin_clonal,0.074
rpoC,p.Gln892Glu,Chromosome_766043_C_G,rifampicin,1.6146393972012916,False,nonsynonymous,2,1,30,convergent,0.08
gyrB,c.1080G>C,Chromosome_6319_G_C,fluoroquinolones,1.6684607104413347,True,synonymous,5,1,31,convergent,0.074
kasA,c.765A>G,Chromosome_2518879_A_G,isoniazid,1.7222820236813776,False,synonymous,2,1,32,convergent,0.116
rpoC,c.3222A>G,Chromosome_766591_A_G,rifampicin,1.4531754574811624,False,synonymous,2,1,27,convergent,0.08
gyrB,c.783G>C,Chromosome_6022_G_C,fluoroquinolones,1.5608180839612487,False,synonymous,4,3,29,convergent,0.074
rpoA,c.123C>G,Chromosome_3878385_G_C,rifampicin,1.5069967707212055,False,synonymous,1,3,28,single_origin_clonal,0.055
rpoC,c.3693C>A,Chromosome_767062_C_A,rifampicin,1.5608180839612487,False,synonymous,4,1,29,convergent,0.08
rpoC,c.-165G>C,Chromosome_763205_G_C,rifampicin,1.5069967707212055,False,noncoding_upstream,3,1,28,convergent,0.08
rpoC,c.3021C>T,Chromosome_766390_C_T,rifampicin,1.5069967707212055,False,synonymous,3,4,28,convergent,0.08
rpoC,c.447C>G,Chromosome_763816_C_G,rifampicin,1.5069967707212055,False,synonymous,2,4,28,convergent,0.08
rpoC,c.186C>T,Chromosome_763555_C_T,rifampicin,1.1302475780409043,True,synonymous,4,1,21,convergent,0.08
kasA,c.1158C>G,Chromosome_2519272_C_G,isoniazid,1.5069967707212055,False,synonymous,1,0,28,single_origin_clonal,0.116
kasA,c.1122G>A,Chromosome_2519236_G_A,isoniazid,1.2917115177610334,False,synonymous,2,0,24,convergent,0.116
kasA,c.1167G>T,Chromosome_2519281_G_T,isoniazid,1.5069967707212055,False,synonymous,1,0,28,single_origin_clonal,0.116
gyrB,p.Ala295Gly,Chromosome_6123_C_G,fluoroquinolones,1.3993541442411195,False,nonsynonymous,2,1,26,convergent,0.074
ndh,c.1123A>C,Chromosome_2101920_T_G,isoniazid,1.5069967707212055,False,synonymous,1,1,28,single_origin_clonal,0.102
ndh,c.534T>C,Chromosome_2102509_A_G,isoniazid,1.6146393972012916,False,synonymous,2,0,30,convergent,0.102
kasA,c.618C>G,Chromosome_2518732_C_G,isoniazid,1.2917115177610334,False,synonymous,2,6,24,convergent,0.116
rpoA,c.-299C>G,Chromosome_3878806_G_C,rifampicin,1.3993541442411195,False,noncoding_upstream,2,2,26,convergent,0.055
rpoC,c.1710T>G,Chromosome_765079_T_G,rifampicin,1.991388589881593,False,synonymous,2,1,37,convergent,0.08
kasA,p.Gln3Lys,Chromosome_2518121_C_A,isoniazid,1.1302475780409043,False,nonsynonymous,3,1,21,convergent,0.116
ndh,c.198A>C,Chromosome_2102845_T_G,isoniazid,1.2378902045209903,False,synonymous,3,4,23,convergent,0.102
rpoC,c.1036A>C,Chromosome_764405_A_C,rifampicin,2.2604951560818085,False,synonymous,6,0,42,convergent,0.08
ndh,p.Asn88Asp,Chromosome_2102781_T_C,isoniazid,1.0764262648008611,False,nonsynonymous,5,0,20,convergent,0.102
mmpL5,c.1287A>G,Chromosome_777194_T_C,bedaquiline/clofazimine,1.2378902045209903,False,synonymous,3,3,23,convergent,0.305
mmpL5,p.Lys152Asn,Chromosome_778025_T_G,bedaquiline/clofazimine,1.3993541442411195,False,nonsynonymous,1,4,26,single_origin_clonal,0.305
gyrB,c.393A>G,Chromosome_5632_A_G,fluoroquinolones,1.2917115177610334,False,synonymous,3,4,24,convergent,0.074
rpoC,c.327T>C,Chromosome_763696_T_C,rifampicin,1.776103336921421,False,synonymous,6,5,33,convergent,0.08
rpoA,c.-725A>G,Chromosome_3879232_T_C,rifampicin,1.3993541442411195,False,noncoding_upstream,2,1,26,convergent,0.055
rpoC,c.1167G>C,Chromosome_764536_G_C,rifampicin,1.991388589881593,False,synonymous,6,3,37,convergent,0.08
rpoC,c.-612G>C,Chromosome_762758_G_C,rifampicin,1.5608180839612487,False,noncoding_upstream,2,0,29,convergent,0.08
rpoC,c.3228C>G,Chromosome_766597_C_G,rifampicin,1.4531754574811624,False,synonymous,3,0,27,convergent,0.08
rpoA,c.321C>G,Chromosome_3878187_G_C,rifampicin,1.4531754574811624,False,synonymous,1,4,27,single_origin_clonal,0.055
rpoC,c.837T>C,Chromosome_764206_T_C,rifampicin,1.883745963401507,False,synonymous,2,0,35,convergent,0.08
rpoC,c.2160C>T,Chromosome_765529_C_T,rifampicin,1.4531754574811624,False,synonymous,2,2,27,convergent,0.08
rpoC,p.Ser654Asn,Chromosome_765330_G_A,rifampicin,1.4531754574811624,False,nonsynonymous,2,5,27,convergent,0.08
rpoA,c.72A>G,Chromosome_3878436_T_C,rifampicin,1.5069967707212055,False,synonymous,3,1,28,convergent,0.055
ndh,c.510A>G,Chromosome_2102533_T_C,isoniazid,1.3993541442411195,False,synonymous,1,1,26,single_origin_clonal,0.102
kasA,c.1044C>T,Chromosome_2519158_C_T,isoniazid,1.2378902045209903,False,synonymous,3,3,23,convergent,0.116
rpoA,c.-506A>G,Chromosome_3879013_T_C,rifampicin,1.2917115177610334,False,noncoding_upstream,3,0,24,convergent,0.055
ahpC,c.201G>C,Chromosome_2726393_G_C,isoniazid,1.3993541442411195,False,synonymous,2,2,26,convergent,0.09
rpoC,c.2889T>C,Chromosome_766258_T_C,rifampicin,1.1302475780409043,False,synonymous,1,1,21,single_origin_clonal,0.08
kasA,c.369C>G,Chromosome_2518483_C_G,isoniazid,1.1840688912809472,False,synonymous,1,0,22,single_origin_clonal,0.116
ndh,c.546T>C,Chromosome_2102497_A_G,isoniazid,1.3455328310010763,False,synonymous,1,0,25,single_origin_clonal,0.102
ndh,p.Asp37Asn,Chromosome_2102934_C_T,isoniazid,1.1840688912809472,False,nonsynonymous,1,0,22,single_origin_clonal,0.102
rpoC,c.2259G>C,Chromosome_765628_G_C,rifampicin,1.1302475780409043,False,synonymous,1,4,21,single_origin_clonal,0.08
ndh,c.1077T>G,Chromosome_2101966_A_C,isoniazid,1.2917115177610334,False,synonymous,1,2,24,single_origin_clonal,0.102
whiB7,c.-556C>G,Chromosome_3569235_G_C,multiple,1.3993541442411195,False,noncoding_upstream,2,0,26,convergent,undefined_dS_zero
rpoA,c.1026C>G,Chromosome_3877482_G_C,rifampicin,1.3455328310010763,False,synonymous,1,2,25,single_origin_clonal,0.055
gyrB,c.108G>C,Chromosome_5347_G_C,fluoroquinolones,1.2917115177610334,False,synonymous,4,1,24,convergent,0.074
kasA,c.354A>C,Chromosome_2518468_A_C,isoniazid,1.5608180839612487,False,synonymous,1,0,29,single_origin_clonal,0.116
gyrB,c.1854T>C,Chromosome_7093_T_C,fluoroquinolones,1.883745963401507,False,synonymous,1,2,35,single_origin_clonal,0.074
ndh,c.810G>A,Chromosome_2102233_C_T,isoniazid,1.3455328310010763,False,synonymous,3,2,25,convergent,0.102
rpoC,c.1281G>T,Chromosome_764650_G_T,rifampicin,1.991388589881593,False,synonymous,5,2,37,convergent,0.08
rpoC,c.2943T>G,Chromosome_766312_T_G,rifampicin,1.7222820236813776,False,synonymous,4,1,32,convergent,0.08
ahpC,c.198G>C,Chromosome_2726390_G_C,isoniazid,1.5069967707212055,False,synonymous,2,3,28,convergent,0.09
ahpC,p.Asp41Glu,Chromosome_2726315_C_G,isoniazid,1.2917115177610334,False,nonsynonymous,1,1,24,single_origin_clonal,0.09
ndh,p.Leu239Met,Chromosome_2102328_G_T,isoniazid,1.3993541442411195,False,nonsynonymous,1,2,26,single_origin_clonal,0.102
ahpC,c.525A>G,Chromosome_2726717_A_G,isoniazid,1.829924650161464,False,synonymous,1,3,34,single_origin_clonal,0.09
ahpC,c.495C>G,Chromosome_2726687_C_G,isoniazid,1.2378902045209903,False,synonymous,2,3,23,convergent,0.09
rpoA,p.Asp12Glu,Chromosome_3878472_G_T,rifampicin,1.6146393972012916,False,nonsynonymous,3,1,30,convergent,0.055
rpoC,c.-819C>G,Chromosome_762551_C_T,rifampicin,1.9375672766415502,False,noncoding_upstream,1,1,36,single_origin_clonal,0.08
ndh,c.706T>C,Chromosome_2102337_A_G,isoniazid,1.3455328310010763,False,synonymous,1,3,25,single_origin_clonal,0.102
rpoA,c.1005G>C,Chromosome_3877503_C_G,rifampicin,1.5069967707212055,False,synonymous,1,0,28,single_origin_clonal,0.055
ndh,c.471A>G,Chromosome_2102572_T_C,isoniazid,1.4531754574811624,False,synonymous,2,2,27,convergent,0.102
rpoC,c.1185C>T,Chromosome_764554_C_T,rifampicin,1.3455328310010763,False,synonymous,2,1,25,convergent,0.08
rpoC,c.1224C>T,Chromosome_764593_C_T,rifampicin,1.3455328310010763,False,synonymous,2,1,25,convergent,0.08
ahpC,c.144G>C,Chromosome_2726336_G_C,isoniazid,1.4531754574811624,False,synonymous,2,1,27,convergent,0.09
rpoC,c.3078T>C,Chromosome_766447_T_C,rifampicin,1.3455328310010763,False,synonymous,2,3,25,convergent,0.08
kasA,c.106C>T,Chromosome_2518220_C_T,isoniazid,1.3455328310010763,False,synonymous,2,1,25,convergent,0.116
kasA,c.-122G>T,Chromosome_2517993_G_T,isoniazid,1.5608180839612487,False,noncoding_upstream,3,1,29,convergent,0.116
rpoC,c.2172C>G,Chromosome_765541_C_G,rifampicin,1.5069967707212055,False,synonymous,2,0,28,convergent,0.08
rpoC,c.2658G>C,Chromosome_766027_G_C,rifampicin,1.6684607104413347,False,synonymous,2,1,31,convergent,0.08
rpoC,c.1563C>A,Chromosome_764932_C_A,rifampicin,1.6146393972012916,False,synonymous,2,1,30,convergent,0.08
gyrB,c.1995C>T,Chromosome_7234_C_T,fluoroquinolones,1.5608180839612487,False,synonymous,3,3,29,convergent,0.074
ndh,p.Val176Ile,Chromosome_2102517_C_T,isoniazid,1.2917115177610334,False,nonsynonymous,1,1,24,single_origin_clonal,0.102
gyrB,c.105C>G,Chromosome_5344_C_G,fluoroquinolones,1.1840688912809472,False,synonymous,3,1,22,convergent,0.074
kasA,c.510C>G,Chromosome_2518624_C_G,isoniazid,1.1840688912809472,False,synonymous,3,3,22,convergent,0.116
ahpC,p.Val134Ala,Chromosome_2726593_T_C,isoniazid,1.4531754574811624,False,nonsynonymous,3,4,27,convergent,0.09
ndh,p.Thr412Ser,Chromosome_2101808_G_C,isoniazid,1.3455328310010763,False,nonsynonymous,1,0,25,single_origin_clonal,0.102
ahpC,c.195C>T,Chromosome_2726387_C_T,isoniazid,1.1840688912809472,False,synonymous,1,0,22,single_origin_clonal,0.09
rpoC,c.-819C>T,Chromosome_762551_C_T,rifampicin,1.9375672766415502,False,noncoding_upstream,1,1,36,single_origin_clonal,0.08
kasA,c.822C>G,Chromosome_2518936_C_G,isoniazid,1.2378902045209903,False,synonymous,2,0,23,convergent,0.116
rpoA,c.18C>A,Chromosome_3878490_G_T,rifampicin,1.829924650161464,False,synonymous,4,1,34,convergent,0.055
rpoC,c.1011G>C,Chromosome_764380_G_C,rifampicin,1.6684607104413347,False,synonymous,5,4,31,convergent,0.08
ndh,c.1320G>C,Chromosome_2101723_C_G,isoniazid,1.1840688912809472,False,synonymous,1,2,22,single_origin_clonal,0.102
rpoC,c.1281G>C,Chromosome_764650_G_T,rifampicin,1.991388589881593,False,synonymous,5,2,37,convergent,0.08
kasA,c.1146T>G,Chromosome_2519260_T_G,isoniazid,1.3993541442411195,False,synonymous,1,1,26,single_origin_clonal,0.116
ndh,p.Gln109Glu,Chromosome_2102718_G_C,isoniazid,1.5069967707212055,False,nonsynonymous,1,0,28,single_origin_clonal,0.102
ndh,c.666A>G,Chromosome_2102377_T_C,isoniazid,1.4531754574811624,False,synonymous,1,4,27,single_origin_clonal,0.102
rpoC,c.-975G>C,Chromosome_762395_G_C,rifampicin,1.3455328310010763,False,noncoding_upstream,3,5,25,convergent,0.08
kasA,c.771T>C,Chromosome_2518885_T_C,isoniazid,1.3993541442411195,False,synonymous,2,3,26,convergent,0.116
gyrB,c.1029C>G,Chromosome_6268_C_G,fluoroquinolones,1.3455328310010763,False,synonymous,4,2,25,convergent,0.074
rpoA,c.-671T>C,Chromosome_3879178_A_G,rifampicin,1.4531754574811624,False,noncoding_upstream,1,4,27,single_origin_clonal,0.055
rpoC,c.267T>C,Chromosome_763636_T_C,rifampicin,1.6146393972012916,False,synonymous,6,1,30,convergent,0.08
ahpC,c.111T>C,Chromosome_2726303_T_C,isoniazid,1.5608180839612487,False,synonymous,2,0,29,convergent,0.09
rpoC,c.888G>C,Chromosome_764257_G_C,rifampicin,1.3455328310010763,False,synonymous,2,4,25,convergent,0.08
rpoA,c.432C>T,Chromosome_3878076_G_A,rifampicin,1.2917115177610334,False,synonymous,4,1,24,convergent,0.055
rpoC,c.2370G>T,Chromosome_765739_G_T,rifampicin,1.2917115177610334,False,synonymous,3,0,24,convergent,0.08
rpoA,c.414C>G,Chromosome_3878094_G_C,rifampicin,1.3455328310010763,False,synonymous,2,2,25,convergent,0.055
rpoC,c.1050C>G,Chromosome_764419_C_G,rifampicin,1.1302475780409043,False,synonymous,5,0,21,convergent,0.08
rpoA,c.30C>G,Chromosome_3878478_G_C,rifampicin,1.4531754574811624,False,synonymous,3,0,27,convergent,0.055
rpoA,p.Gly334Ala,Chromosome_3877507_C_G,rifampicin,1.1840688912809472,False,nonsynonymous,1,0,22,single_origin_clonal,0.055
mmpR5,c.-971C>G,Chromosome_778019_C_G,bedaquiline/clofazimine,1.2378902045209903,False,noncoding_upstream,1,4,23,single_origin_clonal,undefined_dS_zero
gyrB,c.1506T>G,Chromosome_6745_T_C,fluoroquinolones,1.9375672766415502,False,synonymous,1,1,36,single_origin_clonal,0.074
rpoC,c.3039C>G,Chromosome_766408_C_T,rifampicin,1.9375672766415502,False,synonymous,3,1,36,convergent,0.08
gyrB,p.Lys526Gln,Chromosome_6815_A_C,fluoroquinolones,1.2378902045209903,False,nonsynonymous,4,2,23,convergent,0.074
ndh,c.420C>G,Chromosome_2102623_G_C,isoniazid,1.2917115177610334,False,synonymous,3,0,24,convergent,0.102
rpoA,c.132G>C,Chromosome_3878376_C_G,rifampicin,1.3993541442411195,False,synonymous,2,0,26,convergent,0.055
rpoC,c.2211G>C,Chromosome_765580_G_C,rifampicin,1.2378902045209903,False,synonymous,2,0,23,convergent,0.08
ndh,c.150G>C,Chromosome_2102893_C_G,isoniazid,1.2378902045209903,False,synonymous,3,1,23,convergent,0.102
gid,c.600G>A,Chromosome_4407603_C_T,streptomycin,1.2378902045209903,False,synonymous,2,0,23,convergent,0.722
rpoA,c.-209C>G,Chromosome_3878716_G_C,rifampicin,1.3455328310010763,False,noncoding_upstream,4,0,25,convergent,0.055
rpoC,c.72C>T,Chromosome_763441_C_T,rifampicin,1.2378902045209903,False,synonymous,2,0,23,convergent,0.08
rpoA,p.Met123Leu,Chromosome_3878141_T_G,rifampicin,1.2378902045209903,False,nonsynonymous,2,0,23,convergent,0.055
rpoA,c.-230G>C,Chromosome_3878737_C_G,rifampicin,1.2378902045209903,False,noncoding_upstream,2,0,23,convergent,0.055
kasA,p.Ala320Thr,Chromosome_2519072_G_A,isoniazid,1.5069967707212055,False,nonsynonymous,1,3,28,single_origin_clonal,0.116
rpoC,c.2727G>C,Chromosome_766096_G_C,rifampicin,1.2917115177610334,False,synonymous,2,2,24,convergent,0.08
gid,c.594G>C,Chromosome_4407609_C_G,streptomycin,1.2378902045209903,False,synonymous,2,0,23,convergent,0.722
mmpL5,p.Thr794Ile,Chromosome_776100_G_A,bedaquiline/clofazimine,31.86221743810549,True,nonsynonymous,17,6,592,convergent,0.305
kasA,c.60A>G,Chromosome_2518174_A_G,isoniazid,1.3455328310010763,False,synonymous,1,2,25,single_origin_clonal,0.116
ndh,c.525T>G,Chromosome_2102518_A_C,isoniazid,1.4531754574811624,False,synonymous,2,1,27,convergent,0.102
gyrB,c.132T>C,Chromosome_5371_T_C,fluoroquinolones,1.3455328310010763,False,synonymous,4,2,25,convergent,0.074
rpoC,p.Val644Ala,Chromosome_765300_T_C,rifampicin,1.883745963401507,False,nonsynonymous,1,2,35,single_origin_clonal,0.08
rpoC,c.2988C>T,Chromosome_766357_C_T,rifampicin,1.2917115177610334,False,synonymous,3,0,24,convergent,0.08
rpoA,p.Glu319Gln,Chromosome_3877553_C_T,rifampicin,2.852529601722282,True,nonsynonymous,5,0,53,convergent,0.055
rpoC,c.2685C>G,Chromosome_766054_C_G,rifampicin,1.1840688912809472,False,synonymous,2,1,22,convergent,0.08
rpoC,c.2568T>C,Chromosome_765937_T_C,rifampicin,1.1840688912809472,False,synonymous,3,3,22,convergent,0.08
rpoC,c.2256C>G,Chromosome_765625_C_G,rifampicin,1.3455328310010763,False,synonymous,2,3,25,convergent,0.08
rpoC,c.1929G>C,Chromosome_765298_G_C,rifampicin,1.3455328310010763,False,synonymous,2,2,25,convergent,0.08
mmpL5,c.2763C>G,Chromosome_775718_G_C,bedaquiline/clofazimine,1.4531754574811624,False,synonymous,5,1,27,convergent,0.305
rpoC,p.Val162Ile,Chromosome_763853_G_A,rifampicin,1.1840688912809472,False,nonsynonymous,1,0,22,single_origin_clonal,0.08
rpoA,c.54A>C,Chromosome_3878454_T_G,rifampicin,1.829924650161464,False,synonymous,2,0,34,convergent,0.055
rpoC,c.1191T>C,Chromosome_764560_T_C,rifampicin,1.3993541442411195,False,synonymous,5,1,26,convergent,0.08
rpoC,c.-222G>C,Chromosome_763148_G_C,rifampicin,1.3455328310010763,False,noncoding_upstream,4,0,25,convergent,0.08
ahpC,c.18T>C,Chromosome_2726210_T_C,isoniazid,1.829924650161464,False,synonymous,3,1,34,convergent,0.09
rpoC,c.3526T>C,Chromosome_766895_T_C,rifampicin,1.1840688912809472,False,synonymous,2,2,22,convergent,0.08
rpoC,c.3525T>C,Chromosome_766894_T_C,rifampicin,1.1840688912809472,False,synonymous,2,2,22,convergent,0.08
rpoC,p.His748Gln,Chromosome_765613_C_G,rifampicin,1.2917115177610334,False,nonsynonymous,3,0,24,convergent,0.08
rpoA,p.Ser203Asn,Chromosome_3877900_C_T,rifampicin,1.6684607104413347,False,nonsynonymous,2,2,31,convergent,0.055
rpoC,c.846A>G,Chromosome_764215_A_G,rifampicin,1.6146393972012916,False,synonymous,3,2,30,convergent,0.08
rpoC,p.Asp279Glu,Chromosome_764206_T_C,rifampicin,1.883745963401507,False,synonymous,2,0,35,convergent,0.08
rpoA,p.Asn200Ser,Chromosome_3877909_T_C,rifampicin,1.4531754574811624,False,nonsynonymous,1,0,27,single_origin_clonal,0.055
kasA,c.-80C>G,Chromosome_2518035_C_G,isoniazid,1.1840688912809472,False,noncoding_upstream,4,2,22,convergent,0.116
kasA,c.-81T>C,Chromosome_2518034_T_C,isoniazid,1.1840688912809472,False,noncoding_upstream,4,2,22,convergent,0.116
kasA,c.-74T>C,Chromosome_2518041_T_C,isoniazid,1.1840688912809472,False,noncoding_upstream,4,2,22,convergent,0.116
ndh,c.699T>C,Chromosome_2102344_A_G,isoniazid,1.4531754574811624,False,synonymous,1,1,27,single_origin_clonal,0.102
rpoC,c.-212C>T,Chromosome_763158_C_T,rifampicin,1.3993541442411195,False,noncoding_upstream,4,1,26,convergent,0.08
gyrB,c.1983C>T,Chromosome_7222_C_T,fluoroquinolones,2.744886975242196,True,synonymous,4,0,51,convergent,0.074
rpoA,c.-229A>G,Chromosome_3878736_T_C,rifampicin,1.2917115177610334,False,noncoding_upstream,4,3,24,convergent,0.055
rpoA,p.Glu75Ala,Chromosome_3878284_T_G,rifampicin,1.2378902045209903,False,nonsynonymous,2,0,23,convergent,0.055
mmpL5,p.Asp767Asn,Chromosome_776182_C_T,bedaquiline/clofazimine,11.248654467168999,True,nonsynonymous,4,2,209,convergent,0.305
rpoC,c.3039C>T,Chromosome_766408_C_T,rifampicin,1.9375672766415502,False,synonymous,3,1,36,convergent,0.08
ndh,c.684C>G,Chromosome_2102359_G_C,isoniazid,1.1840688912809472,False,synonymous,2,2,22,convergent,0.102
gyrB,c.762G>C,Chromosome_6001_G_C,fluoroquinolones,1.1302475780409043,False,synonymous,3,1,21,convergent,0.074
kasA,c.-66G>C,Chromosome_2518049_G_C,isoniazid,1.2378902045209903,False,noncoding_upstream,1,4,23,single_origin_clonal,0.116
ahpC,c.525A>C,Chromosome_2726717_A_G,isoniazid,1.829924650161464,False,synonymous,1,3,34,single_origin_clonal,0.09
rpoC,c.117T>C,Chromosome_763486_T_G,rifampicin,3.3907427341227128,False,synonymous,19,1,63,convergent,0.08
gyrB,p.Pro94Leu,Chromosome_5520_C_T,fluoroquinolones,2.63724434876211,True,nonsynonymous,2,0,49,convergent,0.074
rpoC,c.1018T>C,Chromosome_764387_T_C,rifampicin,2.2066738428417656,False,synonymous,5,0,41,convergent,0.08
gid,c.441A>G,Chromosome_4407762_T_C,streptomycin,1.2917115177610334,False,synonymous,1,2,24,single_origin_clonal,0.722
mmpL5,c.1737C>G,Chromosome_776744_G_C,bedaquiline/clofazimine,2.4757804090419806,True,synonymous,11,2,46,convergent,0.305
rpoA,c.54A>G,Chromosome_3878454_T_G,rifampicin,1.829924650161464,False,synonymous,2,0,34,convergent,0.055
mmpL5,c.2625T>C,Chromosome_775856_A_G,bedaquiline/clofazimine,1.3993541442411195,False,synonymous,4,2,26,convergent,0.305
mmpL5,c.2326T>C,Chromosome_776155_A_G,bedaquiline/clofazimine,1.2917115177610334,False,synonymous,2,1,24,convergent,0.305
rpoC,c.3216T>C,Chromosome_766585_T_C,rifampicin,1.883745963401507,False,synonymous,1,0,35,single_origin_clonal,0.08
rpoA,c.-90G>C,Chromosome_3878597_C_G,rifampicin,5.166846071044134,True,noncoding_upstream,62,18,96,convergent,0.055
ndh,c.6T>C,Chromosome_2103037_A_G,isoniazid,1.3455328310010763,False,synonymous,1,2,25,single_origin_clonal,0.102
mmpL5,c.2745C>G,Chromosome_775736_G_C,bedaquiline/clofazimine,1.4531754574811624,False,synonymous,3,2,27,convergent,0.305
rpoC,c.834G>T,Chromosome_764203_G_C,rifampicin,1.883745963401507,False,synonymous,2,0,35,convergent,0.08
eis,c.805_806delAC,Chromosome_2714526_GGT_G,amikacin/kanamycin,2.099031216361679,True,indel_not_classified,1,1,39,single_origin_clonal,undefined_dS_zero
gyrB,c.753T>C,Chromosome_5992_T_C,fluoroquinolones,1.3455328310010763,False,synonymous,3,1,25,convergent,0.074
mmpR5,p.Asp47Glu,Chromosome_779130_TC_TCC,bedaquiline/clofazimine,3.552206673842842,False,indel_not_classified,58,2,66,convergent,undefined_dS_zero
