rank,term_idx,term_type,n_features,feature_a,feature_b,importance,gene_a,gene_b,is_compensatory,is_primary_DR,gene_source_a,gene_source_b
1,2472,main_effect,1,Chromosome_2155168_C_G,,1.4118662956783345,katG,,0,1,tbprofiler,
2,981,main_effect,1,Chromosome_761155_C_T,,0.5682450120258821,rpoB,,0,1,tbprofiler,
3,980,main_effect,1,Chromosome_761110_A_T,,0.48152558168545545,rpoB,,0,1,tbprofiler,
4,2010,main_effect,1,Chromosome_1673425_C_T,,0.31707895529433033,inhA,,0,1,tbprofiler,
5,4781,main_effect,1,Chromosome_4247429_A_G,,0.2842116870790465,embB,,0,1,tbprofiler,
6,36,main_effect,1,Chromosome_7570_C_T,,0.2263159358742426,gyrA,,0,1,tbprofiler,
7,4782,main_effect,1,Chromosome_4247431_G_C,,0.2078678245630706,embB,,0,1,tbprofiler,
8,39,main_effect,1,Chromosome_7582_A_G,,0.1985024715663051,gyrA,,0,1,tbprofiler,
9,2012,main_effect,1,Chromosome_1674048_G_A,,0.18363436252329599,inhA,,0,1,tbprofiler,
13,1982,main_effect,1,Chromosome_1644362_C_T,,0.1471363548036155,intergenic,,0,0,none,
16,1138,main_effect,1,Chromosome_840217_C_G,,0.12975899971381194,PE_PGRS10,,0,0,gff,
17,1026,main_effect,1,Chromosome_781687_A_G,,0.1271080874480982,rpsL,,0,1,tbprofiler,
23,173,main_effect,1,Chromosome_71584_C_CCGAGCGCTGTTCTGGCGCTAATCTGACGCTAGAATAG,,0.10499246135975109,intergenic,,0,0,none,
24,1961,main_effect,1,Chromosome_1637228_A_G,,0.10461652355997156,PE_PGRS28,,0,0,gff,
25,3626,main_effect,1,Chromosome_3336646_T_A,,0.10383621191308139,intergenic,,0,0,none,
31,2777,main_effect,1,Chromosome_2439519_G_A,,0.09597680514588094,Rv2177c,,0,0,gff,
39,1626,main_effect,1,Chromosome_1342581_T_C,,0.09026457479831346,Rv1199c,,0,0,gff,
52,1794,main_effect,1,Chromosome_1532777_T_C,,0.0872667390677229,PPE19,,0,0,gff,
64,882,main_effect,1,Chromosome_663410_A_C,,0.08147146398872959,intergenic,,0,0,none,
70,1740,main_effect,1,Chromosome_1473246_A_G,,0.07944928998065436,rrs,,0,1,tbprofiler,
73,2448,main_effect,1,Chromosome_2133475_A_G,,0.0759320647138279,Rv1883c,,0,0,gff,
75,449,main_effect,1,Chromosome_333786_G_C,,0.07522232209818988,Rv0278c,,0,0,gff,
81,1127,main_effect,1,Chromosome_839463_C_A,,0.07200877192305884,PE_PGRS10,,0,0,gff,
89,455,main_effect,1,Chromosome_334751_G_A,,0.06992926607529092,Rv0278c,,0,0,gff,
