variant_id,CHROM,POS,REF,ALT,mdr_alt_count,susc_alt_count,mdr_ref_count,susc_ref_count,mdr_frequency,susc_frequency,freq_diff,odds_ratio,pvalue,padj_BH,neg_log10_padj,significant_005,significant_001,enriched_in,gene,is_compensatory_gene,is_primary_DR_gene,is_rpoB_nonRRDR
Chromosome_763123_T_C,Chromosome,763123,T,C,168,26,703,960,0.192882,0.026369,0.166513,8.8237,5.6789166752623614e-34,1.9967619921797025e-31,30.69967369859609,1,1,MDR,rpoB,0,1,1
Chromosome_763031_T_C,Chromosome,763031,T,C,336,269,535,717,0.385763,0.272819,0.112944,1.674,2.3972222609207344e-07,6.035040540448917e-06,5.219319808179039,1,1,MDR,rpoB,0,1,1
Chromosome_762889_A_G,Chromosome,762889,A,G,19,0,852,986,0.021814,0.0,0.021814,999.0,5.095306816226175e-07,1.254371172824363e-05,4.901573935229761,1,1,MDR,rpoB,0,1,1
Chromosome_762285_C_T,Chromosome,762285,C,T,25,2,846,984,0.028703,0.002028,0.026674,14.539,5.754407606683781e-07,1.397712210228485e-05,4.854582240876553,1,1,MDR,rpoB,0,1,1
Chromosome_761489_G_A,Chromosome,761489,G,A,4,34,867,952,0.004592,0.034483,-0.02989,0.1292,1.75888502202055e-06,3.8509403249483725e-05,4.4144332112516995,1,1,Susceptible,rpoB,0,1,1
Chromosome_760724_T_C,Chromosome,760724,T,C,29,6,842,980,0.033295,0.006085,0.02721,5.6255,1.824278212930132e-05,0.00023938083547942658,3.620910621593312,1,1,MDR,rpoB,0,1,1
Chromosome_761648_T_C,Chromosome,761648,T,C,29,6,842,980,0.033295,0.006085,0.02721,5.6255,1.824278212930132e-05,0.00023938083547942658,3.620910621593312,1,1,MDR,rpoB,0,1,1
Chromosome_761408_G_C,Chromosome,761408,G,C,28,6,843,980,0.032147,0.006085,0.026062,5.4251,3.2113116081117275e-05,0.00028429004663986474,3.5462383452517097,1,1,MDR,rpoB,0,1,1
Chromosome_760547_G_C,Chromosome,760547,G,C,25,5,846,981,0.028703,0.005071,0.023632,5.7979,5.3828845408836456e-05,0.0003069828270439372,3.5128859187529757,1,1,MDR,rpoB,0,1,1
Chromosome_760424_C_G,Chromosome,760424,C,G,27,6,844,980,0.030999,0.006085,0.024914,5.2251,5.62762360901518e-05,0.0003069828270439372,3.5128859187529757,1,1,MDR,rpoB,0,1,1
Chromosome_760730_T_C,Chromosome,760730,T,C,30,8,841,978,0.034443,0.008114,0.02633,4.3609,5.5719458519977744e-05,0.0003069828270439372,3.5128859187529757,1,1,MDR,rpoB,0,1,1
Chromosome_762789_C_A,Chromosome,762789,C,A,23,4,848,982,0.026406,0.004057,0.02235,6.6586,4.9733830351518236e-05,0.0003069828270439372,3.5128859187529757,1,1,MDR,rpoB,0,1,1
Chromosome_761606_C_G,Chromosome,761606,C,G,27,6,844,980,0.030999,0.006085,0.024914,5.2251,5.62762360901518e-05,0.0003069828270439372,3.5128859187529757,1,1,MDR,rpoB,0,1,1
Chromosome_762434_T_G,Chromosome,762434,T,G,47,104,824,882,0.053961,0.105477,-0.051516,0.4837,5.6480269970146405e-05,0.00030804251958172976,3.5113893330280854,1,1,Susceptible,rpoB,0,1,1
Chromosome_761354_C_T,Chromosome,761354,C,T,29,7,842,979,0.033295,0.007099,0.026196,4.8169,5.7395738546204365e-05,0.0003101737595083789,3.508394945989697,1,1,MDR,rpoB,0,1,1
Chromosome_760118_T_G,Chromosome,760118,T,G,29,8,842,978,0.033295,0.008114,0.025181,4.2105,9.539559824981797e-05,0.00032273921595873733,3.4911482603794624,1,1,MDR,rpoB,0,1,1
Chromosome_760340_G_T,Chromosome,760340,G,T,29,8,842,978,0.033295,0.008114,0.025181,4.2105,9.539559824981797e-05,0.00032273921595873733,3.4911482603794624,1,1,MDR,rpoB,0,1,1
Chromosome_760223_T_C,Chromosome,760223,T,C,24,5,847,981,0.027555,0.005071,0.022484,5.5594,9.611535714307578e-05,0.00032273921595873733,3.4911482603794624,1,1,MDR,rpoB,0,1,1
Chromosome_760235_T_C,Chromosome,760235,T,C,29,8,842,978,0.033295,0.008114,0.025181,4.2105,9.539559824981797e-05,0.00032273921595873733,3.4911482603794624,1,1,MDR,rpoB,0,1,1
Chromosome_760361_T_C,Chromosome,760361,T,C,29,8,842,978,0.033295,0.008114,0.025181,4.2105,9.539559824981797e-05,0.00032273921595873733,3.4911482603794624,1,1,MDR,rpoB,0,1,1
Chromosome_761423_T_C,Chromosome,761423,T,C,29,8,842,978,0.033295,0.008114,0.025181,4.2105,9.539559824981797e-05,0.00032273921595873733,3.4911482603794624,1,1,MDR,rpoB,0,1,1
Chromosome_761444_T_C,Chromosome,761444,T,C,24,5,847,981,0.027555,0.005071,0.022484,5.5594,9.611535714307578e-05,0.00032273921595873733,3.4911482603794624,1,1,MDR,rpoB,0,1,1
Chromosome_761180_A_C,Chromosome,761180,A,C,29,8,842,978,0.033295,0.008114,0.025181,4.2105,9.539559824981797e-05,0.00032273921595873733,3.4911482603794624,1,1,MDR,rpoB,0,1,1
Chromosome_761360_T_C,Chromosome,761360,T,C,26,6,845,980,0.029851,0.006085,0.023766,5.0256,9.813922787593166e-05,0.00032273921595873733,3.4911482603794624,1,1,MDR,rpoB,0,1,1
Chromosome_760475_A_G,Chromosome,760475,A,G,29,8,842,978,0.033295,0.008114,0.025181,4.2105,9.539559824981797e-05,0.00032273921595873733,3.4911482603794624,1,1,MDR,rpoB,0,1,1
Chromosome_760184_A_G,Chromosome,760184,A,G,29,8,842,978,0.033295,0.008114,0.025181,4.2105,9.539559824981797e-05,0.00032273921595873733,3.4911482603794624,1,1,MDR,rpoB,0,1,1
Chromosome_760484_A_G,Chromosome,760484,A,G,29,8,842,978,0.033295,0.008114,0.025181,4.2105,9.539559824981797e-05,0.00032273921595873733,3.4911482603794624,1,1,MDR,rpoB,0,1,1
Chromosome_760522_G_A,Chromosome,760522,G,A,26,6,845,980,0.029851,0.006085,0.023766,5.0256,9.813922787593166e-05,0.00032273921595873733,3.4911482603794624,1,1,MDR,rpoB,0,1,1
Chromosome_760532_T_C,Chromosome,760532,T,C,29,8,842,978,0.033295,0.008114,0.025181,4.2105,9.539559824981797e-05,0.00032273921595873733,3.4911482603794624,1,1,MDR,rpoB,0,1,1
Chromosome_760430_T_C,Chromosome,760430,T,C,29,8,842,978,0.033295,0.008114,0.025181,4.2105,9.539559824981797e-05,0.00032273921595873733,3.4911482603794624,1,1,MDR,rpoB,0,1,1
Chromosome_760591_T_C,Chromosome,760591,T,C,29,8,842,978,0.033295,0.008114,0.025181,4.2105,9.539559824981797e-05,0.00032273921595873733,3.4911482603794624,1,1,MDR,rpoB,0,1,1
Chromosome_760611_T_C,Chromosome,760611,T,C,29,8,842,978,0.033295,0.008114,0.025181,4.2105,9.539559824981797e-05,0.00032273921595873733,3.4911482603794624,1,1,MDR,rpoB,0,1,1
Chromosome_760655_A_G,Chromosome,760655,A,G,29,8,842,978,0.033295,0.008114,0.025181,4.2105,9.539559824981797e-05,0.00032273921595873733,3.4911482603794624,1,1,MDR,rpoB,0,1,1
Chromosome_760661_A_C,Chromosome,760661,A,C,29,8,842,978,0.033295,0.008114,0.025181,4.2105,9.539559824981797e-05,0.00032273921595873733,3.4911482603794624,1,1,MDR,rpoB,0,1,1
Chromosome_760142_C_G,Chromosome,760142,C,G,26,6,845,980,0.029851,0.006085,0.023766,5.0256,9.813922787593166e-05,0.00032273921595873733,3.4911482603794624,1,1,MDR,rpoB,0,1,1
Chromosome_760683_T_C,Chromosome,760683,T,C,29,8,842,978,0.033295,0.008114,0.025181,4.2105,9.539559824981797e-05,0.00032273921595873733,3.4911482603794624,1,1,MDR,rpoB,0,1,1
Chromosome_760674_T_C,Chromosome,760674,T,C,29,8,842,978,0.033295,0.008114,0.025181,4.2105,9.539559824981797e-05,0.00032273921595873733,3.4911482603794624,1,1,MDR,rpoB,0,1,1
Chromosome_762083_T_C,Chromosome,762083,T,C,29,8,842,978,0.033295,0.008114,0.025181,4.2105,9.539559824981797e-05,0.00032273921595873733,3.4911482603794624,1,1,MDR,rpoB,0,1,1
Chromosome_762131_C_G,Chromosome,762131,C,G,29,8,842,978,0.033295,0.008114,0.025181,4.2105,9.539559824981797e-05,0.00032273921595873733,3.4911482603794624,1,1,MDR,rpoB,0,1,1
Chromosome_762818_C_G,Chromosome,762818,C,G,24,5,847,981,0.027555,0.005071,0.022484,5.5594,9.611535714307578e-05,0.00032273921595873733,3.4911482603794624,1,1,MDR,rpoB,0,1,1
Chromosome_762753_T_C,Chromosome,762753,T,C,22,4,849,982,0.025258,0.004057,0.021202,6.3616,9.117875593338474e-05,0.00032273921595873733,3.4911482603794624,1,1,MDR,rpoB,0,1,1
Chromosome_762416_A_G,Chromosome,762416,A,G,29,8,842,978,0.033295,0.008114,0.025181,4.2105,9.539559824981797e-05,0.00032273921595873733,3.4911482603794624,1,1,MDR,rpoB,0,1,1
Chromosome_761636_G_T,Chromosome,761636,G,T,29,8,842,978,0.033295,0.008114,0.025181,4.2105,9.539559824981797e-05,0.00032273921595873733,3.4911482603794624,1,1,MDR,rpoB,0,1,1
Chromosome_761765_T_C,Chromosome,761765,T,C,29,8,842,978,0.033295,0.008114,0.025181,4.2105,9.539559824981797e-05,0.00032273921595873733,3.4911482603794624,1,1,MDR,rpoB,0,1,1
Chromosome_761778_A_G,Chromosome,761778,A,G,29,8,842,978,0.033295,0.008114,0.025181,4.2105,9.539559824981797e-05,0.00032273921595873733,3.4911482603794624,1,1,MDR,rpoB,0,1,1
Chromosome_761813_T_C,Chromosome,761813,T,C,29,8,842,978,0.033295,0.008114,0.025181,4.2105,9.539559824981797e-05,0.00032273921595873733,3.4911482603794624,1,1,MDR,rpoB,0,1,1
Chromosome_761834_T_C,Chromosome,761834,T,C,29,8,842,978,0.033295,0.008114,0.025181,4.2105,9.539559824981797e-05,0.00032273921595873733,3.4911482603794624,1,1,MDR,rpoB,0,1,1
Chromosome_761852_C_G,Chromosome,761852,C,G,26,6,845,980,0.029851,0.006085,0.023766,5.0256,9.813922787593166e-05,0.00032273921595873733,3.4911482603794624,1,1,MDR,rpoB,0,1,1
Chromosome_761885_T_C,Chromosome,761885,T,C,26,6,845,980,0.029851,0.006085,0.023766,5.0256,9.813922787593166e-05,0.00032273921595873733,3.4911482603794624,1,1,MDR,rpoB,0,1,1
Chromosome_761912_T_C,Chromosome,761912,T,C,29,8,842,978,0.033295,0.008114,0.025181,4.2105,9.539559824981797e-05,0.00032273921595873733,3.4911482603794624,1,1,MDR,rpoB,0,1,1
Chromosome_761916_G_A,Chromosome,761916,G,A,29,8,842,978,0.033295,0.008114,0.025181,4.2105,9.539559824981797e-05,0.00032273921595873733,3.4911482603794624,1,1,MDR,rpoB,0,1,1
Chromosome_761747_G_C,Chromosome,761747,G,C,23,5,848,981,0.026406,0.005071,0.021335,5.3215,0.0001706640142818345,0.0003755767808189756,3.425301264845479,1,1,MDR,rpoB,0,1,1
Chromosome_761909_T_C,Chromosome,761909,T,C,27,7,844,979,0.030999,0.007099,0.023899,4.4741,0.0001664483104307351,0.0003755767808189756,3.425301264845479,1,1,MDR,rpoB,0,1,1
Chromosome_760412_C_G,Chromosome,760412,C,G,21,4,850,982,0.02411,0.004057,0.020053,6.0653,0.00016620153054650282,0.0003755767808189756,3.425301264845479,1,1,MDR,rpoB,0,1,1
Chromosome_760406_G_C,Chromosome,760406,G,C,25,6,846,980,0.028703,0.006085,0.022617,4.8266,0.00017023373499540332,0.0003755767808189756,3.425301264845479,1,1,MDR,rpoB,0,1,1
Chromosome_760331_G_C,Chromosome,760331,G,C,25,6,846,980,0.028703,0.006085,0.022617,4.8266,0.00017023373499540332,0.0003755767808189756,3.425301264845479,1,1,MDR,rpoB,0,1,1
Chromosome_760328_G_C,Chromosome,760328,G,C,25,6,846,980,0.028703,0.006085,0.022617,4.8266,0.00017023373499540332,0.0003755767808189756,3.425301264845479,1,1,MDR,rpoB,0,1,1
Chromosome_760769_C_G,Chromosome,760769,C,G,25,6,846,980,0.028703,0.006085,0.022617,4.8266,0.00017023373499540332,0.0003755767808189756,3.425301264845479,1,1,MDR,rpoB,0,1,1
Chromosome_760757_T_C,Chromosome,760757,T,C,23,5,848,981,0.026406,0.005071,0.021335,5.3215,0.0001706640142818345,0.0003755767808189756,3.425301264845479,1,1,MDR,rpoB,0,1,1
Chromosome_762729_C_A,Chromosome,762729,C,A,21,4,850,982,0.02411,0.004057,0.020053,6.0653,0.00016620153054650282,0.0003755767808189756,3.425301264845479,1,1,MDR,rpoB,0,1,1
Chromosome_762799_C_G,Chromosome,762799,C,G,23,5,848,981,0.026406,0.005071,0.021335,5.3215,0.0001706640142818345,0.0003755767808189756,3.425301264845479,1,1,MDR,rpoB,0,1,1
Chromosome_762362_G_C,Chromosome,762362,G,C,27,7,844,979,0.030999,0.007099,0.023899,4.4741,0.0001664483104307351,0.0003755767808189756,3.425301264845479,1,1,MDR,rpoB,0,1,1
Chromosome_762369_T_C,Chromosome,762369,T,C,27,7,844,979,0.030999,0.007099,0.023899,4.4741,0.0001664483104307351,0.0003755767808189756,3.425301264845479,1,1,MDR,rpoB,0,1,1
Chromosome_762347_T_C,Chromosome,762347,T,C,27,7,844,979,0.030999,0.007099,0.023899,4.4741,0.0001664483104307351,0.0003755767808189756,3.425301264845479,1,1,MDR,rpoB,0,1,1
Chromosome_759914_T_C,Chromosome,759914,T,C,23,5,848,981,0.026406,0.005071,0.021335,5.3215,0.0001706640142818345,0.0003755767808189756,3.425301264845479,1,1,MDR,rpoB,0,1,1
Chromosome_759817_C_T,Chromosome,759817,C,T,23,5,848,981,0.026406,0.005071,0.021335,5.3215,0.0001706640142818345,0.0003755767808189756,3.425301264845479,1,1,MDR,rpoB,0,1,1
Chromosome_761492_G_C,Chromosome,761492,G,C,24,6,847,980,0.027555,0.006085,0.021469,4.6281,0.00029358210903800467,0.0004782957411118791,3.320303486198587,1,1,MDR,rpoB,0,1,1
Chromosome_761954_C_G,Chromosome,761954,C,G,28,8,843,978,0.032147,0.008114,0.024033,4.0605,0.00026600092691900354,0.0004782957411118791,3.320303486198587,1,1,MDR,rpoB,0,1,1
Chromosome_761915_C_G,Chromosome,761915,C,G,28,8,843,978,0.032147,0.008114,0.024033,4.0605,0.00026600092691900354,0.0004782957411118791,3.320303486198587,1,1,MDR,rpoB,0,1,1
Chromosome_761858_G_C,Chromosome,761858,G,C,20,4,851,982,0.022962,0.004057,0.018905,5.7697,0.0003010585155969111,0.0004782957411118791,3.320303486198587,1,1,MDR,rpoB,0,1,1
Chromosome_761036_G_C,Chromosome,761036,G,C,28,8,843,978,0.032147,0.008114,0.024033,4.0605,0.00026600092691900354,0.0004782957411118791,3.320303486198587,1,1,MDR,rpoB,0,1,1
Chromosome_760928_G_C,Chromosome,760928,G,C,29,9,842,977,0.033295,0.009128,0.024167,3.7388,0.00023674338873915172,0.0004782957411118791,3.320303486198587,1,1,MDR,rpoB,0,1,1
Chromosome_760946_A_G,Chromosome,760946,A,G,29,9,842,977,0.033295,0.009128,0.024167,3.7388,0.00023674338873915172,0.0004782957411118791,3.320303486198587,1,1,MDR,rpoB,0,1,1
Chromosome_760805_G_C,Chromosome,760805,G,C,28,8,843,978,0.032147,0.008114,0.024033,4.0605,0.00026600092691900354,0.0004782957411118791,3.320303486198587,1,1,MDR,rpoB,0,1,1
Chromosome_760670_G_C,Chromosome,760670,G,C,28,8,843,978,0.032147,0.008114,0.024033,4.0605,0.00026600092691900354,0.0004782957411118791,3.320303486198587,1,1,MDR,rpoB,0,1,1
Chromosome_760679_A_G,Chromosome,760679,A,G,28,8,843,978,0.032147,0.008114,0.024033,4.0605,0.00026600092691900354,0.0004782957411118791,3.320303486198587,1,1,MDR,rpoB,0,1,1
Chromosome_760751_G_C,Chromosome,760751,G,C,24,6,847,980,0.027555,0.006085,0.021469,4.6281,0.00029358210903800467,0.0004782957411118791,3.320303486198587,1,1,MDR,rpoB,0,1,1
Chromosome_761362_G_C,Chromosome,761362,G,C,26,7,845,979,0.029851,0.007099,0.022751,4.3033,0.00028119152168612943,0.0004782957411118791,3.320303486198587,1,1,MDR,rpoB,0,1,1
Chromosome_761327_A_G,Chromosome,761327,A,G,29,9,842,977,0.033295,0.009128,0.024167,3.7388,0.00023674338873915172,0.0004782957411118791,3.320303486198587,1,1,MDR,rpoB,0,1,1
Chromosome_761255_T_G,Chromosome,761255,T,G,29,9,842,977,0.033295,0.009128,0.024167,3.7388,0.00023674338873915172,0.0004782957411118791,3.320303486198587,1,1,MDR,rpoB,0,1,1
Chromosome_761579_G_C,Chromosome,761579,G,C,29,9,842,977,0.033295,0.009128,0.024167,3.7388,0.00023674338873915172,0.0004782957411118791,3.320303486198587,1,1,MDR,rpoB,0,1,1
Chromosome_761573_C_G,Chromosome,761573,C,G,29,9,842,977,0.033295,0.009128,0.024167,3.7388,0.00023674338873915172,0.0004782957411118791,3.320303486198587,1,1,MDR,rpoB,0,1,1
Chromosome_761537_C_G,Chromosome,761537,C,G,29,9,842,977,0.033295,0.009128,0.024167,3.7388,0.00023674338873915172,0.0004782957411118791,3.320303486198587,1,1,MDR,rpoB,0,1,1
Chromosome_762449_C_A,Chromosome,762449,C,A,26,7,845,979,0.029851,0.007099,0.022751,4.3033,0.00028119152168612943,0.0004782957411118791,3.320303486198587,1,1,MDR,rpoB,0,1,1
Chromosome_762813_A_G,Chromosome,762813,A,G,22,5,849,981,0.025258,0.005071,0.020187,5.0841,0.0003011933712862209,0.0004782957411118791,3.320303486198587,1,1,MDR,rpoB,0,1,1
Chromosome_762812_C_G,Chromosome,762812,C,G,24,6,847,980,0.027555,0.006085,0.021469,4.6281,0.00029358210903800467,0.0004782957411118791,3.320303486198587,1,1,MDR,rpoB,0,1,1
Chromosome_762788_G_C,Chromosome,762788,G,C,20,4,851,982,0.022962,0.004057,0.018905,5.7697,0.0003010585155969111,0.0004782957411118791,3.320303486198587,1,1,MDR,rpoB,0,1,1
Chromosome_762857_C_G,Chromosome,762857,C,G,28,8,843,978,0.032147,0.008114,0.024033,4.0605,0.00026600092691900354,0.0004782957411118791,3.320303486198587,1,1,MDR,rpoB,0,1,1
Chromosome_763238_T_C,Chromosome,763238,T,C,26,7,845,979,0.029851,0.007099,0.022751,4.3033,0.00028119152168612943,0.0004782957411118791,3.320303486198587,1,1,MDR,rpoB,0,1,1
Chromosome_762053_T_C,Chromosome,762053,T,C,29,9,842,977,0.033295,0.009128,0.024167,3.7388,0.00023674338873915172,0.0004782957411118791,3.320303486198587,1,1,MDR,rpoB,0,1,1
Chromosome_762062_T_C,Chromosome,762062,T,C,24,6,847,980,0.027555,0.006085,0.021469,4.6281,0.00029358210903800467,0.0004782957411118791,3.320303486198587,1,1,MDR,rpoB,0,1,1
Chromosome_762065_T_C,Chromosome,762065,T,C,29,9,842,977,0.033295,0.009128,0.024167,3.7388,0.00023674338873915172,0.0004782957411118791,3.320303486198587,1,1,MDR,rpoB,0,1,1
Chromosome_762086_G_C,Chromosome,762086,G,C,29,9,842,977,0.033295,0.009128,0.024167,3.7388,0.00023674338873915172,0.0004782957411118791,3.320303486198587,1,1,MDR,rpoB,0,1,1
Chromosome_762114_A_G,Chromosome,762114,A,G,29,9,842,977,0.033295,0.009128,0.024167,3.7388,0.00023674338873915172,0.0004782957411118791,3.320303486198587,1,1,MDR,rpoB,0,1,1
Chromosome_760130_T_G,Chromosome,760130,T,G,28,8,843,978,0.032147,0.008114,0.024033,4.0605,0.00026600092691900354,0.0004782957411118791,3.320303486198587,1,1,MDR,rpoB,0,1,1
Chromosome_760181_T_C,Chromosome,760181,T,C,26,7,845,979,0.029851,0.007099,0.022751,4.3033,0.00028119152168612943,0.0004782957411118791,3.320303486198587,1,1,MDR,rpoB,0,1,1
Chromosome_759905_C_T,Chromosome,759905,C,T,20,4,851,982,0.022962,0.004057,0.018905,5.7697,0.0003010585155969111,0.0004782957411118791,3.320303486198587,1,1,MDR,rpoB,0,1,1
Chromosome_759932_T_C,Chromosome,759932,T,C,20,4,851,982,0.022962,0.004057,0.018905,5.7697,0.0003010585155969111,0.0004782957411118791,3.320303486198587,1,1,MDR,rpoB,0,1,1
Chromosome_760091_G_C,Chromosome,760091,G,C,26,7,845,979,0.029851,0.007099,0.022751,4.3033,0.00028119152168612943,0.0004782957411118791,3.320303486198587,1,1,MDR,rpoB,0,1,1
Chromosome_760101_T_C,Chromosome,760101,T,C,28,8,843,978,0.032147,0.008114,0.024033,4.0605,0.00026600092691900354,0.0004782957411118791,3.320303486198587,1,1,MDR,rpoB,0,1,1
Chromosome_760112_T_C,Chromosome,760112,T,C,28,8,843,978,0.032147,0.008114,0.024033,4.0605,0.00026600092691900354,0.0004782957411118791,3.320303486198587,1,1,MDR,rpoB,0,1,1
Chromosome_763283_T_C,Chromosome,763283,T,C,28,8,843,978,0.032147,0.008114,0.024033,4.0605,0.00026600092691900354,0.0004782957411118791,3.320303486198587,1,1,MDR,rpoB,0,1,1
Chromosome_763070_T_C,Chromosome,763070,T,C,30,10,841,976,0.034443,0.010142,0.024301,3.4816,0.0003346488885063206,0.0005310041575223682,3.274902078575867,1,1,MDR,rpoB,0,1,1
Chromosome_761615_A_C,Chromosome,761615,A,C,30,10,841,976,0.034443,0.010142,0.024301,3.4816,0.0003346488885063206,0.0005310041575223682,3.274902078575867,1,1,MDR,rpoB,0,1,1
Chromosome_762317_A_G,Chromosome,762317,A,G,28,9,843,977,0.032147,0.009128,0.023019,3.6056,0.0003919223575112648,0.0006207997109540453,3.2070484939584576,1,1,MDR,rpoB,0,1,1
Chromosome_761195_G_C,Chromosome,761195,G,C,27,8,844,978,0.030999,0.008114,0.022885,3.9108,0.0004386501604077173,0.0006886801693420611,3.1619824224151607,1,1,MDR,rpoB,0,1,1
Chromosome_760646_C_G,Chromosome,760646,C,G,27,8,844,978,0.030999,0.008114,0.022885,3.9108,0.0004386501604077173,0.0006886801693420611,3.1619824224151607,1,1,MDR,rpoB,0,1,1
Chromosome_762827_G_C,Chromosome,762827,G,C,27,8,844,978,0.030999,0.008114,0.022885,3.9108,0.0004386501604077173,0.0006886801693420611,3.1619824224151607,1,1,MDR,rpoB,0,1,1
Chromosome_762338_T_C,Chromosome,762338,T,C,27,8,844,978,0.030999,0.008114,0.022885,3.9108,0.0004386501604077173,0.0006886801693420611,3.1619824224151607,1,1,MDR,rpoB,0,1,1
Chromosome_762149_G_C,Chromosome,762149,G,C,27,8,844,978,0.030999,0.008114,0.022885,3.9108,0.0004386501604077173,0.0006886801693420611,3.1619824224151607,1,1,MDR,rpoB,0,1,1
Chromosome_760298_G_C,Chromosome,760298,G,C,27,8,844,978,0.030999,0.008114,0.022885,3.9108,0.0004386501604077173,0.0006886801693420611,3.1619824224151607,1,1,MDR,rpoB,0,1,1
Chromosome_763085_C_G,Chromosome,763085,C,G,27,8,844,978,0.030999,0.008114,0.022885,3.9108,0.0004386501604077173,0.0006886801693420611,3.1619824224151607,1,1,MDR,rpoB,0,1,1
Chromosome_761570_T_C,Chromosome,761570,T,C,25,7,846,979,0.028703,0.007099,0.021603,4.1329,0.0004722167994229443,0.0007068348237783894,3.1506820621615463,1,1,MDR,rpoB,0,1,1
Chromosome_761657_C_G,Chromosome,761657,C,G,25,7,846,979,0.028703,0.007099,0.021603,4.1329,0.0004722167994229443,0.0007068348237783894,3.1506820621615463,1,1,MDR,rpoB,0,1,1
Chromosome_761414_A_G,Chromosome,761414,A,G,25,7,846,979,0.028703,0.007099,0.021603,4.1329,0.0004722167994229443,0.0007068348237783894,3.1506820621615463,1,1,MDR,rpoB,0,1,1
Chromosome_761510_T_C,Chromosome,761510,T,C,25,7,846,979,0.028703,0.007099,0.021603,4.1329,0.0004722167994229443,0.0007068348237783894,3.1506820621615463,1,1,MDR,rpoB,0,1,1
Chromosome_761021_G_C,Chromosome,761021,G,C,19,4,852,982,0.021814,0.004057,0.017757,5.4748,0.0005416179847682858,0.0007068348237783894,3.1506820621615463,1,1,MDR,rpoB,0,1,1
Chromosome_760841_T_C,Chromosome,760841,T,C,25,7,846,979,0.028703,0.007099,0.021603,4.1329,0.0004722167994229443,0.0007068348237783894,3.1506820621615463,1,1,MDR,rpoB,0,1,1
Chromosome_760040_T_C,Chromosome,760040,T,C,17,3,854,983,0.019518,0.003043,0.016475,6.5226,0.0005353224963768573,0.0007068348237783894,3.1506820621615463,1,1,MDR,rpoB,0,1,1
Chromosome_760070_T_G,Chromosome,760070,T,G,25,7,846,979,0.028703,0.007099,0.021603,4.1329,0.0004722167994229443,0.0007068348237783894,3.1506820621615463,1,1,MDR,rpoB,0,1,1
Chromosome_760820_T_C,Chromosome,760820,T,C,25,7,846,979,0.028703,0.007099,0.021603,4.1329,0.0004722167994229443,0.0007068348237783894,3.1506820621615463,1,1,MDR,rpoB,0,1,1
Chromosome_762017_A_G,Chromosome,762017,A,G,23,6,848,980,0.026406,0.006085,0.020321,4.43,0.0005031222629440751,0.0007068348237783894,3.1506820621615463,1,1,MDR,rpoB,0,1,1
Chromosome_762014_C_T,Chromosome,762014,C,T,23,6,848,980,0.026406,0.006085,0.020321,4.43,0.0005031222629440751,0.0007068348237783894,3.1506820621615463,1,1,MDR,rpoB,0,1,1
Chromosome_762750_C_A,Chromosome,762750,C,A,19,4,852,982,0.021814,0.004057,0.017757,5.4748,0.0005416179847682858,0.0007068348237783894,3.1506820621615463,1,1,MDR,rpoB,0,1,1
Chromosome_762785_C_G,Chromosome,762785,C,G,19,4,852,982,0.021814,0.004057,0.017757,5.4748,0.0005416179847682858,0.0007068348237783894,3.1506820621615463,1,1,MDR,rpoB,0,1,1
Chromosome_761027_A_G,Chromosome,761027,A,G,29,10,842,976,0.033295,0.010142,0.023153,3.3615,0.0005436720675388604,0.0007093001802009467,3.149169929816961,1,1,MDR,rpoB,0,1,1
Chromosome_761037_T_C,Chromosome,761037,T,C,29,10,842,976,0.033295,0.010142,0.023153,3.3615,0.0005436720675388604,0.0007093001802009467,3.149169929816961,1,1,MDR,rpoB,0,1,1
Chromosome_761015_G_C,Chromosome,761015,G,C,29,10,842,976,0.033295,0.010142,0.023153,3.3615,0.0005436720675388604,0.0007093001802009467,3.149169929816961,1,1,MDR,rpoB,0,1,1
Chromosome_760196_C_G,Chromosome,760196,C,G,27,9,844,977,0.030999,0.009128,0.021871,3.4727,0.0006440164028689157,0.0008390567576146487,3.07620866052395,1,1,MDR,rpoB,0,1,1
Chromosome_760830_T_C,Chromosome,760830,T,C,26,8,845,978,0.029851,0.008114,0.021737,3.7615,0.0007189893137689392,0.0009319724572991938,3.0305969222165414,1,1,MDR,rpoB,0,1,1
Chromosome_760886_A_G,Chromosome,760886,A,G,26,8,845,978,0.029851,0.008114,0.021737,3.7615,0.0007189893137689392,0.0009319724572991938,3.0305969222165414,1,1,MDR,rpoB,0,1,1
Chromosome_761189_T_C,Chromosome,761189,T,C,26,8,845,978,0.029851,0.008114,0.021737,3.7615,0.0007189893137689392,0.0009319724572991938,3.0305969222165414,1,1,MDR,rpoB,0,1,1
Chromosome_762404_T_C,Chromosome,762404,T,C,26,8,845,978,0.029851,0.008114,0.021737,3.7615,0.0007189893137689392,0.0009319724572991938,3.0305969222165414,1,1,MDR,rpoB,0,1,1
Chromosome_762143_T_C,Chromosome,762143,T,C,26,8,845,978,0.029851,0.008114,0.021737,3.7615,0.0007189893137689392,0.0009319724572991938,3.0305969222165414,1,1,MDR,rpoB,0,1,1
Chromosome_761261_G_T,Chromosome,761261,G,T,30,11,841,975,0.034443,0.011156,0.023287,3.1618,0.0007348222350925549,0.0009520127588762292,3.021357231161313,1,1,MDR,rpoB,0,1,1
Chromosome_761249_A_G,Chromosome,761249,A,G,30,11,841,975,0.034443,0.011156,0.023287,3.1618,0.0007348222350925549,0.0009520127588762292,3.021357231161313,1,1,MDR,rpoB,0,1,1
Chromosome_763268_C_G,Chromosome,763268,C,G,24,7,847,979,0.027555,0.007099,0.020455,3.9629,0.0007879124092652667,0.0010138234372989883,2.9940376730929223,1,1,MDR,rpoB,0,1,1
Chromosome_760067_G_C,Chromosome,760067,G,C,24,7,847,979,0.027555,0.007099,0.020455,3.9629,0.0007879124092652667,0.0010138234372989883,2.9940376730929223,1,1,MDR,rpoB,0,1,1
Chromosome_759920_G_C,Chromosome,759920,G,C,22,6,849,980,0.025258,0.006085,0.019173,4.2324,0.0008563235930563946,0.0010905886193150697,2.962339038644846,1,1,MDR,rpoB,0,1,1
Chromosome_761441_C_G,Chromosome,761441,C,G,20,5,851,981,0.022962,0.005071,0.017891,4.611,0.0009190672890373155,0.001114249186668025,2.953017674249385,1,1,MDR,rpoB,0,1,1
Chromosome_761735_C_G,Chromosome,761735,C,G,20,5,851,981,0.022962,0.005071,0.017891,4.611,0.0009190672890373155,0.001114249186668025,2.953017674249385,1,1,MDR,rpoB,0,1,1
Chromosome_762233_G_C,Chromosome,762233,G,C,28,10,843,976,0.032147,0.010142,0.022005,3.2418,0.0008767410569507503,0.001114249186668025,2.953017674249385,1,1,MDR,rpoB,0,1,1
Chromosome_763166_A_G,Chromosome,763166,A,G,26,9,845,977,0.029851,0.009128,0.020723,3.3402,0.0010499615780237591,0.00120667949712902,2.9184080663665717,1,1,MDR,rpoB,0,1,1
Chromosome_761057_G_C,Chromosome,761057,G,C,26,9,845,977,0.029851,0.009128,0.020723,3.3402,0.0010499615780237591,0.00120667949712902,2.9184080663665717,1,1,MDR,rpoB,0,1,1
Chromosome_762185_G_C,Chromosome,762185,G,C,29,11,842,975,0.033295,0.011156,0.022139,3.0528,0.001164284001414074,0.0013362634838702508,2.874107899413924,1,1,MDR,rpoB,0,1,1
Chromosome_763034_C_G,Chromosome,763034,C,G,25,8,846,978,0.028703,0.008114,0.020589,3.6126,0.00117079845781813,0.0013402923015154826,2.8728004769399362,1,1,MDR,rpoB,0,1,1
Chromosome_760859_T_C,Chromosome,760859,T,C,25,8,846,978,0.028703,0.008114,0.020589,3.6126,0.00117079845781813,0.0013402923015154826,2.8728004769399362,1,1,MDR,rpoB,0,1,1
Chromosome_762257_C_G,Chromosome,762257,C,G,25,8,846,978,0.028703,0.008114,0.020589,3.6126,0.00117079845781813,0.0013402923015154826,2.8728004769399362,1,1,MDR,rpoB,0,1,1
Chromosome_761948_G_C,Chromosome,761948,G,C,25,8,846,978,0.028703,0.008114,0.020589,3.6126,0.00117079845781813,0.0013402923015154826,2.8728004769399362,1,1,MDR,rpoB,0,1,1
Chromosome_763136_C_T,Chromosome,763136,C,T,23,7,848,979,0.026406,0.007099,0.019307,3.7933,0.0013054936646359116,0.0014870537397754975,2.827673336477214,1,1,MDR,rpoB,0,1,1
Chromosome_760793_A_G,Chromosome,760793,A,G,23,7,848,979,0.026406,0.007099,0.019307,3.7933,0.0013054936646359116,0.0014870537397754975,2.827673336477214,1,1,MDR,rpoB,0,1,1
Chromosome_760283_G_C,Chromosome,760283,G,C,23,7,848,979,0.026406,0.007099,0.019307,3.7933,0.0013054936646359116,0.0014870537397754975,2.827673336477214,1,1,MDR,rpoB,0,1,1
Chromosome_760139_A_G,Chromosome,760139,A,G,23,7,848,979,0.026406,0.007099,0.019307,3.7933,0.0013054936646359116,0.0014870537397754975,2.827673336477214,1,1,MDR,rpoB,0,1,1
Chromosome_761207_C_T,Chromosome,761207,C,T,23,7,848,979,0.026406,0.007099,0.019307,3.7933,0.0013054936646359116,0.0014870537397754975,2.827673336477214,1,1,MDR,rpoB,0,1,1
Chromosome_760862_G_C,Chromosome,760862,G,C,23,7,848,979,0.026406,0.007099,0.019307,3.7933,0.0013054936646359116,0.0014870537397754975,2.827673336477214,1,1,MDR,rpoB,0,1,1
Chromosome_762176_T_C,Chromosome,762176,T,C,23,7,848,979,0.026406,0.007099,0.019307,3.7933,0.0013054936646359116,0.0014870537397754975,2.827673336477214,1,1,MDR,rpoB,0,1,1
Chromosome_761750_G_C,Chromosome,761750,G,C,23,7,848,979,0.026406,0.007099,0.019307,3.7933,0.0013054936646359116,0.0014870537397754975,2.827673336477214,1,1,MDR,rpoB,0,1,1
Chromosome_763040_C_G,Chromosome,763040,C,G,27,10,844,976,0.030999,0.010142,0.020857,3.1223,0.001402817161153569,0.0015962207277575161,2.7969070539508927,1,1,MDR,rpoB,0,1,1
Chromosome_761213_G_C,Chromosome,761213,G,C,21,6,850,980,0.02411,0.006085,0.018025,4.0353,0.001446645554867289,0.0016362297488282404,2.786155715552921,1,1,MDR,rpoB,0,1,1
Chromosome_760826_C_G,Chromosome,760826,C,G,21,6,850,980,0.02411,0.006085,0.018025,4.0353,0.001446645554867289,0.0016362297488282404,2.786155715552921,1,1,MDR,rpoB,0,1,1
Chromosome_760931_C_G,Chromosome,760931,C,G,21,6,850,980,0.02411,0.006085,0.018025,4.0353,0.001446645554867289,0.0016362297488282404,2.786155715552921,1,1,MDR,rpoB,0,1,1
Chromosome_762266_T_C,Chromosome,762266,T,C,19,5,852,981,0.021814,0.005071,0.016743,4.3754,0.0015870952911920156,0.0017616118893456914,2.7540897672529985,1,1,MDR,rpoB,0,1,1
Chromosome_762995_G_T,Chromosome,762995,G,T,28,11,843,975,0.032147,0.011156,0.020991,2.944,0.001830474203435311,0.0019773603662016975,2.7039141750005524,1,1,MDR,rpoB,0,1,1
Chromosome_760925_T_C,Chromosome,760925,T,C,24,8,847,978,0.027555,0.008114,0.019441,3.464,0.0018930706786886358,0.002034361624314396,2.6915718451768673,1,1,MDR,rpoB,0,1,1
Chromosome_762863_T_C,Chromosome,762863,T,C,24,8,847,978,0.027555,0.008114,0.019441,3.464,0.0018930706786886358,0.002034361624314396,2.6915718451768673,1,1,MDR,rpoB,0,1,1
Chromosome_761165_G_C,Chromosome,761165,G,C,24,8,847,978,0.027555,0.008114,0.019441,3.464,0.0018930706786886358,0.002034361624314396,2.6915718451768673,1,1,MDR,rpoB,0,1,1
Chromosome_763214_T_C,Chromosome,763214,T,C,22,7,849,979,0.025258,0.007099,0.018159,3.6241,0.0021467183269711647,0.0023009276496975847,2.6380970370597807,1,1,MDR,rpoB,0,1,1
Chromosome_762101_C_G,Chromosome,762101,C,G,27,11,844,975,0.030999,0.011156,0.019843,2.8355,0.0028542919814601676,0.003017171993724052,2.520399932186225,1,1,MDR,rpoB,0,1,1
Chromosome_759884_A_G,Chromosome,759884,A,G,16,4,855,982,0.01837,0.004057,0.014313,4.5942,0.003006455779032874,0.0031617644234104574,2.5000704915904794,1,1,MDR,rpoB,0,1,1
Chromosome_763028_T_C,Chromosome,763028,T,C,23,8,848,978,0.026406,0.008114,0.018293,3.3157,0.003037575923687387,0.003191085975032756,2.4960614947788144,1,1,MDR,rpoB,0,1,1
Chromosome_762860_G_C,Chromosome,762860,G,C,23,8,848,978,0.026406,0.008114,0.018293,3.3157,0.003037575923687387,0.003191085975032756,2.4960614947788144,1,1,MDR,rpoB,0,1,1
Chromosome_762929_G_C,Chromosome,762929,G,C,29,13,842,973,0.033295,0.013185,0.02011,2.5778,0.004438683314742533,0.004635302513589261,2.3339219172486536,1,1,MDR,rpoB,0,1,1
Chromosome_762470_G_C,Chromosome,762470,G,C,17,7,854,979,0.019518,0.007099,0.012418,2.784,0.02247083771011192,0.023046619422419385,1.6373927697911277,1,0,MDR,rpoB,0,1,1
Chromosome_762731_G_T,Chromosome,762731,G,T,20,9,851,977,0.022962,0.009128,0.013834,2.5512,0.022916465403807353,0.023500862478866225,1.6289161988797982,1,0,MDR,rpoB,0,1,1
Chromosome_761234_G_C,Chromosome,761234,G,C,17,8,854,978,0.019518,0.008114,0.011404,2.4335,0.04246280019640719,0.04340822315507259,1.3624279909348675,1,0,MDR,rpoB,0,1,1
