variant_id,gene,change,coding_classification,protein_residue_number,wt_aa,mut_aa,grantham_distance,grantham_tier,structure_source,structure_id,rsa,burial_tier
Chromosome_2518919_G_A,kasA,p.Gly269Ser,nonsynonymous,269,G,S,55.3,moderately_conservative,PDB,6P9K,0.0,buried
Chromosome_775639_T_C,mmpL5,p.Ile948Val,nonsynonymous,948,I,V,29.6,conservative,PDB,8ZKP,0.582,exposed
Chromosome_4408156_A_C,gid,p.Leu16Arg,nonsynonymous,16,L,R,101.9,moderately_radical,PDB,7CFE,0.114,partially_buried
Chromosome_764817_T_G,rpoC,p.Val483Gly,nonsynonymous,483,V,G,108.8,moderately_radical,PDB,7KIN,0.0,buried
Chromosome_764995_C_G,rpoC,c.1626C>G,synonymous,,,,,,,,,
Chromosome_3569029_T_C,whiB7,c.-350A>G,noncoding_upstream,,,,,,,,,
Chromosome_766485_T_C,rpoC,p.Val1039Ala,nonsynonymous,1039,V,A,64.4,moderately_conservative,PDB,7KIN,0.523,exposed
Chromosome_6144_A_G,gyrB,p.His302Arg,nonsynonymous,302,H,R,28.8,conservative,PDB,3M4I,,
Chromosome_766487_C_T,rpoC,p.Pro1040Ser,nonsynonymous,1040,P,S,73.4,moderately_conservative,PDB,7KIN,0.088,buried
Chromosome_2726105_G_A,ahpC,c.-88G>A,noncoding_upstream,,,,,,,,,
Chromosome_4407848_C_T,gid,p.Ala119Thr,nonsynonymous,119,A,T,58.0,moderately_conservative,PDB,7CFE,0.0,buried
Chromosome_763552_C_T,rpoC,c.183C>T,synonymous,,,,,,,,,
Chromosome_4407927_T_G,gid,p.Glu92Asp,nonsynonymous,92,E,D,44.6,conservative,PDB,7CFE,0.0,buried
Chromosome_2102240_C_T,ndh,p.Arg268His,nonsynonymous,268,R,H,28.8,conservative,AlphaFold,P95160,0.309,exposed
Chromosome_766996_C_T,rpoC,c.3627C>T,synonymous,,,,,,,,,
Chromosome_3878878_A_G,rpoA,c.-371T>C,noncoding_upstream,,,,,,,,,
Chromosome_764911_A_G,rpoC,c.1542A>G,synonymous,,,,,,,,,
Chromosome_2518864_G_C,kasA,c.750G>C,synonymous,,,,,,,,,
Chromosome_765967_C_T,rpoC,c.2598C>T,synonymous,,,,,,,,,
Chromosome_763702_C_G,rpoC,c.333C>G,synonymous,,,,,,,,,
Chromosome_5075_C_T,gyrB,c.-165C>T,noncoding_upstream,,,,,,,,,
Chromosome_764458_G_C,rpoC,c.1089G>C,synonymous,,,,,,,,,
Chromosome_767281_C_G,rpoC,c.3912C>G,synonymous,,,,,,,,,
Chromosome_1416410_A_C,embR,p.Leu313Arg,nonsynonymous,313,L,R,101.9,moderately_radical,PDB,2FF4,0.048,buried
Chromosome_764497_A_G,rpoC,c.1128A>G,synonymous,,,,,,,,,
Chromosome_3878118_A_G,rpoA,c.390T>C,synonymous,,,,,,,,,
Chromosome_3878271_A_G,rpoA,c.237T>C,synonymous,,,,,,,,,
Chromosome_765041_T_C,rpoC,c.1672T>C,synonymous,,,,,,,,,
Chromosome_764968_T_C,rpoC,c.1599T>C,synonymous,,,,,,,,,
Chromosome_767221_C_G,rpoC,c.3852C>G,synonymous,,,,,,,,,
Chromosome_3879160_T_C,rpoA,c.-653A>G,noncoding_upstream,,,,,,,,,
Chromosome_3879094_A_G,rpoA,c.-587T>C,noncoding_upstream,,,,,,,,,
Chromosome_3878337_A_G,rpoA,c.171T>C,synonymous,,,,,,,,,
Chromosome_3878217_T_C,rpoA,c.291A>G,synonymous,,,,,,,,,
Chromosome_3878070_A_G,rpoA,c.438T>C,synonymous,,,,,,,,,
Chromosome_767233_T_C,rpoC,c.3864T>C,synonymous,,,,,,,,,
Chromosome_765019_A_G,rpoC,c.1650A>G,synonymous,,,,,,,,,
Chromosome_764764_T_C,rpoC,c.1395T>C,synonymous,,,,,,,,,
Chromosome_6140_G_T,gyrB,p.Val301Leu,nonsynonymous,301,V,L,31.8,conservative,PDB,3M4I,,
Chromosome_764815_A_G,rpoC,c.1446A>G,synonymous,,,,,,,,,
Chromosome_764527_C_T,rpoC,c.1158C>T,synonymous,,,,,,,,,
Chromosome_6841_T_C,gyrB,c.1602T>C,synonymous,,,,,,,,,
Chromosome_763996_T_C,rpoC,c.627T>C,synonymous,,,,,,,,,
Chromosome_3878998_G_C,rpoA,c.-491C>G,noncoding_upstream,,,,,,,,,
Chromosome_3878968_A_G,rpoA,c.-461T>C,noncoding_upstream,,,,,,,,,
Chromosome_3878031_A_G,rpoA,c.477T>C,synonymous,,,,,,,,,
Chromosome_3878298_T_C,rpoA,c.210A>G,synonymous,,,,,,,,,
Chromosome_3879088_T_G,rpoA,c.-581A>C,noncoding_upstream,,,,,,,,,
Chromosome_3877776_A_G,rpoA,c.732T>C,synonymous,,,,,,,,,
Chromosome_762581_T_C,rpoC,c.-789T>C,noncoding_upstream,,,,,,,,,
Chromosome_765076_A_G,rpoC,c.1707A>G,synonymous,,,,,,,,,
Chromosome_767098_T_C,rpoC,c.3729T>C,synonymous,,,,,,,,,
Chromosome_764434_A_G,rpoC,c.1065A>G,synonymous,,,,,,,,,
Chromosome_764752_G_C,rpoC,c.1383G>C,synonymous,,,,,,,,,
Chromosome_764461_A_G,rpoC,c.1092A>G,synonymous,,,,,,,,,
Chromosome_766607_A_C,rpoC,p.Ile1080Leu,nonsynonymous,1080,I,L,4.9,conservative,PDB,7KIN,0.092,buried
Chromosome_766804_A_G,rpoC,c.3435A>G,synonymous,,,,,,,,,
Chromosome_765047_T_C,rpoC,c.1678T>C,synonymous,,,,,,,,,
Chromosome_3878193_A_G,rpoA,c.315T>C,synonymous,,,,,,,,,
Chromosome_3877989_T_C,rpoA,c.519A>G,synonymous,,,,,,,,,
Chromosome_765073_G_C,rpoC,c.1704G>C,synonymous,,,,,,,,,
Chromosome_767263_T_C,rpoC,c.3894T>C,synonymous,,,,,,,,,
Chromosome_767278_T_C,rpoC,c.3909T>C,synonymous,,,,,,,,,
Chromosome_762536_T_C,rpoC,c.-834T>C,noncoding_upstream,,,,,,,,,
Chromosome_7216_G_C,gyrB,c.1977G>C,synonymous,,,,,,,,,
Chromosome_3877782_A_G,rpoA,c.726T>C,synonymous,,,,,,,,,
Chromosome_2518747_C_G,kasA,c.633C>G,synonymous,,,,,,,,,
Chromosome_3879154_A_G,rpoA,c.-647T>C,noncoding_upstream,,,,,,,,,
Chromosome_762533_T_C,rpoC,c.-837T>C,noncoding_upstream,,,,,,,,,
Chromosome_762537_T_C,rpoC,c.-833T>C,noncoding_upstream,,,,,,,,,
Chromosome_3877818_T_C,rpoA,c.690A>G,synonymous,,,,,,,,,
Chromosome_3878331_T_C,rpoA,c.177A>G,synonymous,,,,,,,,,
Chromosome_3877668_T_C,rpoA,c.840A>G,synonymous,,,,,,,,,
Chromosome_3877764_G_C,rpoA,c.744C>G,synonymous,,,,,,,,,
Chromosome_6115_A_G,gyrB,c.876A>G,synonymous,,,,,,,,,
Chromosome_3878061_C_G,rpoA,c.447G>C,synonymous,,,,,,,,,
Chromosome_763945_T_C,rpoC,c.576T>C,synonymous,,,,,,,,,
Chromosome_3878947_C_G,rpoA,c.-440G>C,noncoding_upstream,,,,,,,,,
Chromosome_2726696_C_G,ahpC,c.504C>G,synonymous,,,,,,,,,
Chromosome_764809_C_T,rpoC,c.1440C>T,synonymous,,,,,,,,,
Chromosome_767123_G_T,rpoC,p.Val1252Leu,nonsynonymous,1252,V,L,31.8,conservative,PDB,7KIN,0.067,buried
Chromosome_764446_T_C,rpoC,c.1077T>C,synonymous,,,,,,,,,
Chromosome_764449_G_C,rpoC,c.1080G>C,synonymous,,,,,,,,,
Chromosome_775981_A_T,mmpL5,p.Leu834Met,nonsynonymous,834,L,M,14.3,conservative,PDB,8ZKP,0.108,partially_buried
Chromosome_2726675_A_G,ahpC,c.483A>G,synonymous,,,,,,,,,
Chromosome_3878022_A_G,rpoA,c.486T>C,synonymous,,,,,,,,,
Chromosome_3877686_T_C,rpoA,c.822A>G,synonymous,,,,,,,,,
Chromosome_2518672_G_C,kasA,c.558G>C,synonymous,,,,,,,,,
Chromosome_2102990_A_G,ndh,p.Val18Ala,nonsynonymous,18,V,A,64.4,moderately_conservative,AlphaFold,P95160,0.014,buried
Chromosome_764431_G_C,rpoC,c.1062G>C,synonymous,,,,,,,,,
Chromosome_766384_A_G,rpoC,c.3015A>G,synonymous,,,,,,,,,
Chromosome_3569265_G_C,whiB7,c.-586C>G,noncoding_upstream,,,,,,,,,
Chromosome_6862_C_G,gyrB,c.1623C>G,synonymous,,,,,,,,,
Chromosome_3878853_C_T,rpoA,c.-346G>A,noncoding_upstream,,,,,,,,,
Chromosome_3878322_T_C,rpoA,c.186A>G,synonymous,,,,,,,,,
Chromosome_764044_T_C,rpoC,c.675T>C,synonymous,,,,,,,,,
Chromosome_3877587_T_C,rpoA,c.921A>G,synonymous,,,,,,,,,
Chromosome_3877905_T_C,rpoA,c.603A>G,synonymous,,,,,,,,,
Chromosome_6811_C_T,gyrB,c.1572C>T,synonymous,,,,,,,,,
Chromosome_2101912_C_G,ndh,c.1131G>C,synonymous,,,,,,,,,
Chromosome_764278_A_G,rpoC,c.909A>G,synonymous,,,,,,,,,
Chromosome_2518825_T_C,kasA,c.711T>C,synonymous,,,,,,,,,
Chromosome_765055_C_G,rpoC,c.1686C>G,synonymous,,,,,,,,,
Chromosome_763891_G_C,rpoC,c.522G>C,synonymous,,,,,,,,,
Chromosome_763951_G_C,rpoC,c.582G>C,synonymous,,,,,,,,,
Chromosome_2102407_A_G,ndh,c.636T>C,synonymous,,,,,,,,,
Chromosome_763717_T_C,rpoC,c.348T>C,synonymous,,,,,,,,,
Chromosome_2101774_A_G,ndh,c.1269T>C,synonymous,,,,,,,,,
Chromosome_2101891_G_C,ndh,c.1152C>G,synonymous,,,,,,,,,
Chromosome_6775_G_C,gyrB,c.1536G>C,synonymous,,,,,,,,,
Chromosome_3878001_T_C,rpoA,c.507A>G,synonymous,,,,,,,,,
Chromosome_764858_T_C,rpoC,c.1489T>C,synonymous,,,,,,,,,
Chromosome_3878292_A_G,rpoA,c.216T>C,synonymous,,,,,,,,,
Chromosome_763876_A_C,rpoC,p.Glu169Asp,nonsynonymous,169,E,D,44.6,conservative,PDB,7KIN,0.174,partially_buried
Chromosome_766381_C_T,rpoC,c.3012C>T,synonymous,,,,,,,,,
Chromosome_3878914_A_G,rpoA,c.-407T>C,noncoding_upstream,,,,,,,,,
Chromosome_765499_C_G,rpoC,c.2130C>G,synonymous,,,,,,,,,
Chromosome_763807_T_C,rpoC,c.438T>C,synonymous,,,,,,,,,
Chromosome_767191_C_G,rpoC,c.3822C>G,synonymous,,,,,,,,,
Chromosome_765556_G_C,rpoC,c.2187G>C,synonymous,,,,,,,,,
Chromosome_6127_G_C,gyrB,c.888G>C,synonymous,,,,,,,,,
Chromosome_3878028_C_G,rpoA,c.480G>C,synonymous,,,,,,,,,
Chromosome_764005_G_C,rpoC,c.636G>C,synonymous,,,,,,,,,
Chromosome_763858_A_G,rpoC,c.489A>G,synonymous,,,,,,,,,
Chromosome_6112_G_C,gyrB,p.Met291Ile,nonsynonymous,291,M,I,10.1,conservative,PDB,3M4I,,
Chromosome_1417793_G_A,embR,c.-446C>T,noncoding_upstream,,,,,,,,,
Chromosome_2726051_G_A,ahpC,c.-142G>A,noncoding_upstream,,,,,,,,,
Chromosome_4407873_C_A,gid,c.330G>T,synonymous,,,,,,,,,
Chromosome_3877656_A_C,rpoA,c.852T>G,synonymous,,,,,,,,,
Chromosome_1417019_C_T,embR,p.Cys110Tyr,nonsynonymous,110,C,Y,193.7,radical,PDB,2FF4,0.0,buried
Chromosome_3878055_T_C,rpoA,c.453A>G,synonymous,,,,,,,,,
Chromosome_765811_T_C,rpoC,c.2442T>C,synonymous,,,,,,,,,
Chromosome_3877692_C_G,rpoA,c.816G>C,synonymous,,,,,,,,,
Chromosome_766348_A_G,rpoC,c.2979A>G,synonymous,,,,,,,,,
Chromosome_765007_T_G,rpoC,c.1638T>G,synonymous,,,,,,,,,
Chromosome_6856_T_C,gyrB,c.1617T>C,synonymous,,,,,,,,,
Chromosome_3878346_A_G,rpoA,c.162T>C,synonymous,,,,,,,,,
Chromosome_3877848_G_A,rpoA,c.660C>T,synonymous,,,,,,,,,
Chromosome_767230_G_C,rpoC,c.3861G>C,synonymous,,,,,,,,,
Chromosome_763987_C_T,rpoC,c.618C>T,synonymous,,,,,,,,,
Chromosome_3879127_A_G,rpoA,c.-620T>C,noncoding_upstream,,,,,,,,,
Chromosome_764452_T_C,rpoC,c.1083T>C,synonymous,,,,,,,,,
Chromosome_763886_C_A,rpoC,c.517C>A,synonymous,,,,,,,,,
Chromosome_763884_C_T,rpoC,p.Ala172Val,nonsynonymous,172,A,V,64.4,moderately_conservative,PDB,7KIN,0.477,exposed
Chromosome_3878103_T_C,rpoA,c.405A>G,synonymous,,,,,,,,,
Chromosome_765835_C_T,rpoC,c.2466C>T,synonymous,,,,,,,,,
Chromosome_3877743_A_G,rpoA,c.765T>C,synonymous,,,,,,,,,
Chromosome_764948_T_C,rpoC,c.1579T>C,synonymous,,,,,,,,,
Chromosome_765040_T_C,rpoC,c.1671T>C,synonymous,,,,,,,,,
Chromosome_763660_T_G,rpoC,c.291T>G,synonymous,,,,,,,,,
Chromosome_767119_A_G,rpoC,c.3750A>G,synonymous,,,,,,,,,
Chromosome_766963_T_C,rpoC,c.3594T>C,synonymous,,,,,,,,,
Chromosome_765886_C_G,rpoC,c.2517C>G,synonymous,,,,,,,,,
Chromosome_766726_T_C,rpoC,c.3357T>C,synonymous,,,,,,,,,
Chromosome_2518447_T_G,kasA,c.333T>G,synonymous,,,,,,,,,
Chromosome_2519347_T_C,kasA,c.1233T>C,synonymous,,,,,,,,,
Chromosome_3569208_A_G,whiB7,c.-529T>C,noncoding_upstream,,,,,,,,,
Chromosome_3878725_T_C,rpoA,c.-218A>G,noncoding_upstream,,,,,,,,,
Chromosome_764611_G_T,rpoC,c.1242G>T,synonymous,,,,,,,,,
Chromosome_2519338_T_C,kasA,c.1224T>C,synonymous,,,,,,,,,
Chromosome_6919_T_C,gyrB,c.1680T>C,synonymous,,,,,,,,,
Chromosome_5824_A_G,gyrB,c.585A>G,synonymous,,,,,,,,,
Chromosome_3879079_T_C,rpoA,c.-572A>G,noncoding_upstream,,,,,,,,,
Chromosome_2102929_A_G,ndh,c.114T>C,synonymous,,,,,,,,,
Chromosome_766345_T_C,rpoC,c.2976T>C,synonymous,,,,,,,,,
Chromosome_2518783_T_C,kasA,c.669T>C,synonymous,,,,,,,,,
Chromosome_764575_T_G,rpoC,c.1206T>G,synonymous,,,,,,,,,
Chromosome_3878334_A_G,rpoA,c.174T>C,synonymous,,,,,,,,,
Chromosome_2518480_T_C,kasA,c.366T>C,synonymous,,,,,,,,,
Chromosome_3878809_A_G,rpoA,c.-302T>C,noncoding_upstream,,,,,,,,,
Chromosome_2518506_C_A,kasA,p.Ala131Glu,nonsynonymous,131,A,E,106.7,moderately_radical,PDB,6P9K,0.71,exposed
Chromosome_765008_T_C,rpoC,c.1639T>C,synonymous,,,,,,,,,
Chromosome_765796_C_T,rpoC,c.2427C>T,synonymous,,,,,,,,,
Chromosome_3878788_C_G,rpoA,c.-281G>C,noncoding_upstream,,,,,,,,,
Chromosome_766774_T_C,rpoC,c.3405T>C,synonymous,,,,,,,,,
Chromosome_3878313_C_G,rpoA,c.195G>C,synonymous,,,,,,,,,
Chromosome_765700_T_C,rpoC,c.2331T>C,synonymous,,,,,,,,,
Chromosome_764083_A_G,rpoC,c.714A>G,synonymous,,,,,,,,,
Chromosome_3878163_G_A,rpoA,c.345C>T,synonymous,,,,,,,,,
Chromosome_765553_C_T,rpoC,c.2184C>T,synonymous,,,,,,,,,
Chromosome_762434_T_G,rpoC,c.-936T>C,noncoding_upstream,,,,,,,,,
Chromosome_766900_T_C,rpoC,c.3531T>C,synonymous,,,,,,,,,
Chromosome_3877770_T_C,rpoA,c.738A>G,synonymous,,,,,,,,,
Chromosome_766672_T_C,rpoC,c.3303T>C,synonymous,,,,,,,,,
Chromosome_765319_A_G,rpoC,c.1950A>G,synonymous,,,,,,,,,
Chromosome_763744_G_C,rpoC,c.375G>C,synonymous,,,,,,,,,
Chromosome_6793_T_C,gyrB,c.1554T>C,synonymous,,,,,,,,,
Chromosome_762401_G_C,rpoC,c.-969G>C,noncoding_upstream,,,,,,,,,
Chromosome_6286_T_C,gyrB,c.1047T>C,synonymous,,,,,,,,,
Chromosome_3878672_T_A,rpoA,c.-165A>T,noncoding_upstream,,,,,,,,,
Chromosome_3878665_T_C,rpoA,c.-158A>G,noncoding_upstream,,,,,,,,,
Chromosome_766861_G_C,rpoC,c.3492G>C,synonymous,,,,,,,,,
Chromosome_2518444_T_C,kasA,c.330T>C,synonymous,,,,,,,,,
Chromosome_2102302_C_G,ndh,c.741G>C,synonymous,,,,,,,,,
Chromosome_766528_T_C,rpoC,c.3159T>C,synonymous,,,,,,,,,
Chromosome_764002_C_G,rpoC,c.633C>G,synonymous,,,,,,,,,
Chromosome_765850_G_C,rpoC,c.2481G>C,synonymous,,,,,,,,,
Chromosome_2102773_G_C,ndh,c.270C>G,synonymous,,,,,,,,,
Chromosome_765892_T_C,rpoC,c.2523T>C,synonymous,,,,,,,,,
Chromosome_777170_A_G,mmpL5,c.1311T>C,synonymous,,,,,,,,,
Chromosome_3569151_T_C,whiB7,c.-472A>G,noncoding_upstream,,,,,,,,,
Chromosome_6091_G_C,gyrB,c.852G>C,synonymous,,,,,,,,,
Chromosome_2101924_A_C,ndh,c.1119T>G,synonymous,,,,,,,,,
Chromosome_763900_G_C,rpoC,c.531G>C,synonymous,,,,,,,,,
Chromosome_763894_A_G,rpoC,c.525A>G,synonymous,,,,,,,,,
Chromosome_762398_T_C,rpoC,c.-972T>C,noncoding_upstream,,,,,,,,,
Chromosome_763226_A_G,rpoC,c.-144A>G,noncoding_upstream,,,,,,,,,
Chromosome_764101_C_G,rpoC,c.732C>G,synonymous,,,,,,,,,
Chromosome_2102644_T_C,ndh,c.399A>G,synonymous,,,,,,,,,
Chromosome_765793_C_G,rpoC,c.2424C>G,synonymous,,,,,,,,,
Chromosome_6130_T_C,gyrB,c.891T>C,synonymous,,,,,,,,,
Chromosome_3878143_C_T,rpoA,p.Gly122Asp,nonsynonymous,122,G,D,93.8,moderately_conservative,PDB,7KIN,0.655,exposed
Chromosome_2102494_A_G,ndh,c.549T>C,synonymous,,,,,,,,,
Chromosome_2518609_G_C,kasA,p.Met165Ile,nonsynonymous,165,M,I,10.1,conservative,PDB,6P9K,0.215,partially_buried
Chromosome_2518504_T_C,kasA,c.390T>C,synonymous,,,,,,,,,
Chromosome_3877857_C_T,rpoA,c.651G>A,synonymous,,,,,,,,,
Chromosome_763594_C_T,rpoC,c.225C>T,synonymous,,,,,,,,,
Chromosome_763675_C_G,rpoC,c.306C>G,synonymous,,,,,,,,,
Chromosome_3878247_C_G,rpoA,c.261G>C,synonymous,,,,,,,,,
Chromosome_765103_G_T,rpoC,c.1734G>T,synonymous,,,,,,,,,
Chromosome_766657_A_G,rpoC,c.3288A>G,synonymous,,,,,,,,,
Chromosome_763741_C_T,rpoC,c.372C>T,synonymous,,,,,,,,,
Chromosome_2518519_G_C,kasA,c.405G>C,synonymous,,,,,,,,,
Chromosome_2726600_T_C,ahpC,c.408T>C,synonymous,,,,,,,,,
Chromosome_764365_C_T,rpoC,c.996C>T,synonymous,,,,,,,,,
Chromosome_764521_T_C,rpoC,c.1152T>C,synonymous,,,,,,,,,
Chromosome_765826_T_C,rpoC,c.2457T>C,synonymous,,,,,,,,,
Chromosome_764827_G_C,rpoC,c.1458G>C,synonymous,,,,,,,,,
Chromosome_6307_T_G,gyrB,c.1068T>G,synonymous,,,,,,,,,
Chromosome_766021_G_C,rpoC,c.2652G>C,synonymous,,,,,,,,,
Chromosome_3878367_G_C,rpoA,c.141C>G,synonymous,,,,,,,,,
Chromosome_763570_G_C,rpoC,c.201G>C,synonymous,,,,,,,,,
Chromosome_3877920_C_G,rpoA,c.588G>C,synonymous,,,,,,,,,
Chromosome_766765_A_C,rpoC,c.3396A>C,synonymous,,,,,,,,,
Chromosome_764266_T_C,rpoC,c.897T>C,synonymous,,,,,,,,,
Chromosome_2102680_A_G,ndh,c.363T>C,synonymous,,,,,,,,,
Chromosome_765947_T_C,rpoC,c.2578T>C,synonymous,,,,,,,,,
Chromosome_5873_A_C,gyrB,c.634A>C,synonymous,,,,,,,,,
Chromosome_2518684_C_G,kasA,c.570C>G,synonymous,,,,,,,,,
Chromosome_2518711_A_G,kasA,c.597A>G,synonymous,,,,,,,,,
Chromosome_3878424_C_G,rpoA,c.84G>C,synonymous,,,,,,,,,
Chromosome_765349_T_C,rpoC,c.1980T>C,synonymous,,,,,,,,,
Chromosome_2519068_C_T,kasA,c.954C>T,synonymous,,,,,,,,,
Chromosome_6952_C_G,gyrB,c.1713C>G,synonymous,,,,,,,,,
Chromosome_3878157_G_C,rpoA,c.351C>G,synonymous,,,,,,,,,
Chromosome_2102791_T_C,ndh,c.252A>G,synonymous,,,,,,,,,
Chromosome_6025_A_G,gyrB,c.786A>G,synonymous,,,,,,,,,
Chromosome_766142_C_T,rpoC,c.2773C>T,synonymous,,,,,,,,,
Chromosome_777115_T_G,mmpL5,p.Met456Leu,nonsynonymous,456,M,L,14.3,conservative,PDB,8ZKP,0.0,buried
Chromosome_763253_G_C,rpoC,c.-117G>C,noncoding_upstream,,,,,,,,,
Chromosome_3879229_T_C,rpoA,c.-722A>G,noncoding_upstream,,,,,,,,,
Chromosome_763456_A_G,rpoC,c.87A>G,synonymous,,,,,,,,,
Chromosome_2714846_C_T,eis,p.Val163Ile,nonsynonymous,163,V,I,29.6,conservative,PDB,6X6I,0.139,partially_buried
Chromosome_763528_G_A,rpoC,c.159G>A,synonymous,,,,,,,,,
Chromosome_2518591_G_C,kasA,c.477G>C,synonymous,,,,,,,,,
Chromosome_3877494_C_G,rpoA,p.Glu338Asp,nonsynonymous,338,E,D,44.6,conservative,PDB,7KIN,,
Chromosome_764188_A_G,rpoC,c.819A>G,synonymous,,,,,,,,,
Chromosome_765784_C_G,rpoC,c.2415C>G,synonymous,,,,,,,,,
Chromosome_2518019_A_G,kasA,c.-96A>G,noncoding_upstream,,,,,,,,,
Chromosome_3878742_C_T,rpoA,c.-235G>A,noncoding_upstream,,,,,,,,,
Chromosome_2518162_G_A,kasA,c.48G>A,synonymous,,,,,,,,,
Chromosome_2102020_T_C,ndh,c.1023A>G,synonymous,,,,,,,,,
Chromosome_6551_T_C,gyrB,c.1312T>C,synonymous,,,,,,,,,
Chromosome_7051_A_C,gyrB,p.Glu604Asp,nonsynonymous,604,E,D,44.6,conservative,PDB,3M4I,0.621,exposed
Chromosome_766274_G_A,rpoC,p.Ala969Thr,nonsynonymous,969,A,T,58.0,moderately_conservative,PDB,7KIN,0.455,exposed
Chromosome_3569256_A_G,whiB7,c.-577T>C,noncoding_upstream,,,,,,,,,
Chromosome_3878824_C_G,rpoA,c.-317G>C,noncoding_upstream,,,,,,,,,
Chromosome_766573_T_C,rpoC,c.3204T>C,synonymous,,,,,,,,,
Chromosome_764098_A_G,rpoC,c.729A>G,synonymous,,,,,,,,,
Chromosome_765751_C_G,rpoC,c.2382C>G,synonymous,,,,,,,,,
Chromosome_6878_T_C,gyrB,c.1639T>C,synonymous,,,,,,,,,
Chromosome_2518678_C_T,kasA,c.564C>T,synonymous,,,,,,,,,
Chromosome_2518561_T_C,kasA,c.447T>C,synonymous,,,,,,,,,
Chromosome_2102482_T_C,ndh,c.561A>G,synonymous,,,,,,,,,
Chromosome_766864_G_C,rpoC,c.3495G>C,synonymous,,,,,,,,,
Chromosome_763414_T_C,rpoC,c.45T>C,synonymous,,,,,,,,,
Chromosome_765034_T_C,rpoC,c.1665T>C,synonymous,,,,,,,,,
Chromosome_765409_T_C,rpoC,c.2040T>C,synonymous,,,,,,,,,
Chromosome_3877986_C_G,rpoA,c.522G>C,synonymous,,,,,,,,,
Chromosome_762410_T_C,rpoC,c.-960T>C,noncoding_upstream,,,,,,,,,
Chromosome_765352_G_C,rpoC,c.1983G>C,synonymous,,,,,,,,,
Chromosome_765478_T_C,rpoC,c.2109T>C,synonymous,,,,,,,,,
Chromosome_764888_T_C,rpoC,c.1519T>C,synonymous,,,,,,,,,
Chromosome_4407588_T_C,gid,c.615A>G,synonymous,,,,,,,,,
Chromosome_765883_C_G,rpoC,c.2514C>G,synonymous,,,,,,,,,
Chromosome_777085_T_C,mmpL5,p.Asn466Asp,nonsynonymous,466,N,D,23.0,conservative,PDB,8ZKP,0.066,buried
Chromosome_3877896_C_G,rpoA,c.612G>C,synonymous,,,,,,,,,
Chromosome_2102212_C_G,ndh,c.831G>C,synonymous,,,,,,,,,
Chromosome_777206_T_C,mmpL5,c.1275A>G,synonymous,,,,,,,,,
Chromosome_5359_C_T,gyrB,c.120C>T,synonymous,,,,,,,,,
Chromosome_4407654_C_G,gid,c.549G>C,synonymous,,,,,,,,,
Chromosome_3877926_C_G,rpoA,c.582G>C,synonymous,,,,,,,,,
Chromosome_2519173_C_G,kasA,c.1059C>G,synonymous,,,,,,,,,
Chromosome_7186_C_G,gyrB,c.1947C>G,synonymous,,,,,,,,,
Chromosome_6086_A_C,gyrB,p.Thr283Pro,nonsynonymous,283,T,P,37.6,conservative,PDB,3M4I,,
Chromosome_764272_G_C,rpoC,c.903G>C,synonymous,,,,,,,,,
Chromosome_765753_A_C,rpoC,p.Asp795Ala,nonsynonymous,795,D,A,125.7,moderately_radical,PDB,7KIN,0.654,exposed
Chromosome_3569181_G_A,whiB7,c.-502C>T,noncoding_upstream,,,,,,,,,
Chromosome_2102800_A_G,ndh,c.243T>C,synonymous,,,,,,,,,
Chromosome_2518921_T_C,kasA,c.807T>C,synonymous,,,,,,,,,
Chromosome_766273_T_C,rpoC,c.2904T>C,synonymous,,,,,,,,,
Chromosome_765220_A_G,rpoC,c.1851A>G,synonymous,,,,,,,,,
Chromosome_1417554_G_C,embR,c.-207C>G,noncoding_upstream,,,,,,,,,
Chromosome_763732_C_G,rpoC,c.363C>G,synonymous,,,,,,,,,
Chromosome_763723_G_C,rpoC,c.354G>C,synonymous,,,,,,,,,
Chromosome_2726366_G_C,ahpC,c.174G>C,synonymous,,,,,,,,,
Chromosome_6859_T_C,gyrB,c.1620T>C,synonymous,,,,,,,,,
Chromosome_5377_T_C,gyrB,c.138T>C,synonymous,,,,,,,,,
Chromosome_2519306_G_A,kasA,p.Val398Ile,nonsynonymous,398,V,I,29.6,conservative,PDB,6P9K,0.0,buried
Chromosome_6100_G_C,gyrB,c.861G>C,synonymous,,,,,,,,,
Chromosome_3878833_G_C,rpoA,c.-326C>G,noncoding_upstream,,,,,,,,,
Chromosome_2726397_A_G,ahpC,p.Ser69Gly,nonsynonymous,69,S,G,55.3,moderately_conservative,PDB,2BMX,0.361,exposed
Chromosome_2518025_G_C,kasA,c.-90G>C,noncoding_upstream,,,,,,,,,
Chromosome_2726408_T_C,ahpC,c.216T>C,synonymous,,,,,,,,,
Chromosome_6238_G_A,gyrB,c.999G>A,synonymous,,,,,,,,,
Chromosome_767212_G_C,rpoC,c.3843G>C,synonymous,,,,,,,,,
Chromosome_763888_G_C,rpoC,c.519G>C,synonymous,,,,,,,,,
Chromosome_3878106_C_G,rpoA,c.402G>C,synonymous,,,,,,,,,
Chromosome_2101804_A_C,ndh,c.1239T>G,synonymous,,,,,,,,,
Chromosome_762509_T_G,rpoC,c.-861T>G,noncoding_upstream,,,,,,,,,
Chromosome_776009_T_C,mmpL5,c.2472A>G,synonymous,,,,,,,,,
Chromosome_3877839_C_G,rpoA,c.669G>C,synonymous,,,,,,,,,
Chromosome_764566_C_G,rpoC,c.1197C>G,synonymous,,,,,,,,,
Chromosome_3878130_G_C,rpoA,c.378C>G,synonymous,,,,,,,,,
Chromosome_763872_G_C,rpoC,p.Gly168Ala,nonsynonymous,168,G,A,60.0,moderately_conservative,PDB,7KIN,0.395,exposed
Chromosome_762582_T_C,rpoC,c.-788T>C,noncoding_upstream,,,,,,,,,
Chromosome_764032_C_G,rpoC,p.Asp221Glu,nonsynonymous,221,D,E,44.6,conservative,PDB,7KIN,0.342,exposed
Chromosome_7246_T_C,gyrB,c.2007T>C,synonymous,,,,,,,,,
Chromosome_764203_G_C,rpoC,c.834G>C,synonymous,,,,,,,,,
Chromosome_6136_G_A,gyrB,c.897G>A,synonymous,,,,,,,,,
Chromosome_1416222_A_G,embR,p.Phe376Leu,nonsynonymous,376,F,L,21.8,conservative,PDB,2FF4,0.015,buried
Chromosome_2519329_C_T,kasA,c.1215C>T,synonymous,,,,,,,,,
Chromosome_2726591_C_G,ahpC,c.399C>G,synonymous,,,,,,,,,
Chromosome_765089_T_C,rpoC,c.1720T>C,synonymous,,,,,,,,,
Chromosome_2518969_T_G,kasA,c.855T>G,synonymous,,,,,,,,,
Chromosome_766540_C_G,rpoC,p.Asp1057Glu,nonsynonymous,1057,D,E,44.6,conservative,PDB,7KIN,0.561,exposed
Chromosome_5863_G_C,gyrB,c.624G>C,synonymous,,,,,,,,,
Chromosome_5803_A_G,gyrB,c.564A>G,synonymous,,,,,,,,,
Chromosome_777626_G_A,mmpL5,c.855C>T,synonymous,,,,,,,,,
Chromosome_777095_A_G,mmpL5,c.1386T>C,synonymous,,,,,,,,,
Chromosome_3878040_A_G,rpoA,c.468T>C,synonymous,,,,,,,,,
Chromosome_2519227_G_C,kasA,c.1113G>C,synonymous,,,,,,,,,
Chromosome_777647_G_C,mmpL5,c.834C>G,synonymous,,,,,,,,,
Chromosome_763546_A_G,rpoC,c.177A>G,synonymous,,,,,,,,,
Chromosome_765247_C_G,rpoC,c.1878C>G,synonymous,,,,,,,,,
Chromosome_777254_C_G,mmpL5,c.1227G>C,synonymous,,,,,,,,,
Chromosome_2726543_A_G,ahpC,c.351A>G,synonymous,,,,,,,,,
Chromosome_2518963_T_C,kasA,c.849T>C,synonymous,,,,,,,,,
Chromosome_2519008_C_G,kasA,c.894C>G,synonymous,,,,,,,,,
Chromosome_2726638_C_T,ahpC,p.Ala149Val,nonsynonymous,149,A,V,64.4,moderately_conservative,PDB,2BMX,0.0,buried
Chromosome_2726564_C_G,ahpC,c.372C>G,synonymous,,,,,,,,,
Chromosome_5623_T_C,gyrB,c.384T>C,synonymous,,,,,,,,,
Chromosome_3569197_G_T,whiB7,c.-518C>A,noncoding_upstream,,,,,,,,,
Chromosome_2519017_G_C,kasA,c.903G>C,synonymous,,,,,,,,,
Chromosome_766178_A_G,rpoC,p.Ile937Val,nonsynonymous,937,I,V,29.6,conservative,PDB,7KIN,0.284,exposed
Chromosome_6931_A_G,gyrB,c.1692A>G,synonymous,,,,,,,,,
Chromosome_3878484_G_T,rpoA,c.24C>A,synonymous,,,,,,,,,
Chromosome_2519020_G_C,kasA,c.906G>C,synonymous,,,,,,,,,
Chromosome_2518777_C_T,kasA,c.663C>T,synonymous,,,,,,,,,
Chromosome_2102866_G_C,ndh,c.177C>G,synonymous,,,,,,,,,
Chromosome_2726672_G_A,ahpC,c.480G>A,synonymous,,,,,,,,,
Chromosome_2101963_C_T,ndh,c.1080G>A,synonymous,,,,,,,,,
Chromosome_776982_A_T,mmpL5,p.Leu500Gln,nonsynonymous,500,L,Q,112.4,moderately_radical,PDB,8ZKP,0.055,buried
Chromosome_5902_A_G,gyrB,c.663A>G,synonymous,,,,,,,,,
Chromosome_3878496_T_A,rpoA,c.12A>T,synonymous,,,,,,,,,
Chromosome_3878764_T_C,rpoA,c.-257A>G,noncoding_upstream,,,,,,,,,
Chromosome_766135_G_A,rpoC,c.2766G>A,synonymous,,,,,,,,,
Chromosome_3878415_G_A,rpoA,c.93C>T,synonymous,,,,,,,,,
Chromosome_3879226_C_G,rpoA,c.-719G>C,noncoding_upstream,,,,,,,,,
Chromosome_2102911_C_G,ndh,c.132G>C,synonymous,,,,,,,,,
Chromosome_3879222_A_G,rpoA,c.-715T>C,noncoding_upstream,,,,,,,,,
Chromosome_3878746_T_C,rpoA,c.-239A>G,noncoding_upstream,,,,,,,,,
Chromosome_767206_C_G,rpoC,c.3837C>G,synonymous,,,,,,,,,
Chromosome_763444_T_C,rpoC,c.75T>C,synonymous,,,,,,,,,
Chromosome_763352_T_A,rpoC,c.-18T>A,noncoding_upstream,,,,,,,,,
Chromosome_3877613_T_C,rpoA,p.Ile299Val,nonsynonymous,299,I,V,29.6,conservative,PDB,7KIN,,
Chromosome_765772_C_G,rpoC,c.2403C>G,synonymous,,,,,,,,,
Chromosome_763351_T_C,rpoC,c.-19T>C,noncoding_upstream,,,,,,,,,
Chromosome_763879_A_G,rpoC,c.510A>G,synonymous,,,,,,,,,
Chromosome_766549_G_C,rpoC,c.3180G>C,synonymous,,,,,,,,,
Chromosome_763284_C_T,rpoC,c.-86C>T,noncoding_upstream,,,,,,,,,
Chromosome_767209_T_C,rpoC,c.3840T>C,synonymous,,,,,,,,,
Chromosome_764428_G_C,rpoC,c.1059G>C,synonymous,,,,,,,,,
Chromosome_767059_T_G,rpoC,c.3690T>G,synonymous,,,,,,,,,
Chromosome_766972_G_C,rpoC,c.3603G>C,synonymous,,,,,,,,,
Chromosome_766363_G_C,rpoC,c.2994G>C,synonymous,,,,,,,,,
Chromosome_3569250_A_G,whiB7,c.-571T>C,noncoding_upstream,,,,,,,,,
Chromosome_2518528_C_G,kasA,c.414C>G,synonymous,,,,,,,,,
Chromosome_2518910_C_A,kasA,p.Leu266Met,nonsynonymous,266,L,M,14.3,conservative,PDB,6P9K,0.006,buried
Chromosome_775909_G_A,mmpL5,p.Leu858Phe,nonsynonymous,858,L,F,21.8,conservative,PDB,8ZKP,0.054,buried
Chromosome_2519305_A_G,kasA,c.1191A>G,synonymous,,,,,,,,,
Chromosome_2726357_A_G,ahpC,c.165A>G,synonymous,,,,,,,,,
Chromosome_5341_T_C,gyrB,c.102T>C,synonymous,,,,,,,,,
Chromosome_3877866_C_G,rpoA,c.642G>C,synonymous,,,,,,,,,
Chromosome_2102872_T_C,ndh,c.171A>G,synonymous,,,,,,,,,
Chromosome_2101972_C_G,ndh,c.1071G>C,synonymous,,,,,,,,,
Chromosome_2101777_G_C,ndh,c.1266C>G,synonymous,,,,,,,,,
Chromosome_2518190_T_G,kasA,p.Ser26Ala,nonsynonymous,26,S,A,99.1,moderately_conservative,PDB,6P9K,0.0,buried
Chromosome_2518462_A_C,kasA,c.348A>C,synonymous,,,,,,,,,
Chromosome_2101990_C_G,ndh,c.1053G>C,synonymous,,,,,,,,,
Chromosome_2726348_T_C,ahpC,c.156T>C,synonymous,,,,,,,,,
Chromosome_764539_C_G,rpoC,c.1170C>G,synonymous,,,,,,,,,
Chromosome_765248_T_C,rpoC,c.1879T>C,synonymous,,,,,,,,,
Chromosome_2102857_A_G,ndh,c.186T>C,synonymous,,,,,,,,,
Chromosome_3569169_A_G,whiB7,c.-490T>C,noncoding_upstream,,,,,,,,,
Chromosome_2726528_C_G,ahpC,c.336C>G,synonymous,,,,,,,,,
Chromosome_2102812_A_G,ndh,c.231T>C,synonymous,,,,,,,,,
Chromosome_3569268_G_C,whiB7,c.-589C>G,noncoding_upstream,,,,,,,,,
Chromosome_2102860_C_G,ndh,c.183G>C,synonymous,,,,,,,,,
Chromosome_2518714_A_C,kasA,c.600A>C,synonymous,,,,,,,,,
Chromosome_5326_T_C,gyrB,c.87T>C,synonymous,,,,,,,,,
Chromosome_766426_C_T,rpoC,c.3057C>T,synonymous,,,,,,,,,
Chromosome_766141_C_T,rpoC,c.2772C>T,synonymous,,,,,,,,,
Chromosome_766129_C_G,rpoC,c.2760C>G,synonymous,,,,,,,,,
Chromosome_2102899_A_G,ndh,c.144T>C,synonymous,,,,,,,,,
Chromosome_763573_G_C,rpoC,c.204G>C,synonymous,,,,,,,,,
Chromosome_2102401_A_G,ndh,c.642T>C,synonymous,,,,,,,,,
Chromosome_763774_G_C,rpoC,c.405G>C,synonymous,,,,,,,,,
Chromosome_764269_G_C,rpoC,c.900G>C,synonymous,,,,,,,,,
Chromosome_2102317_T_C,ndh,c.726A>G,synonymous,,,,,,,,,
Chromosome_765421_C_G,rpoC,c.2052C>G,synonymous,,,,,,,,,
Chromosome_3878442_C_G,rpoA,c.66G>C,synonymous,,,,,,,,,
Chromosome_765383_A_C,rpoC,p.Met672Leu,nonsynonymous,672,M,L,14.3,conservative,PDB,7KIN,0.096,buried
Chromosome_3877962_C_A,rpoA,c.546G>T,synonymous,,,,,,,,,
Chromosome_764131_T_C,rpoC,c.762T>C,synonymous,,,,,,,,,
Chromosome_2518234_G_A,kasA,c.120G>A,synonymous,,,,,,,,,
Chromosome_2518898_T_C,kasA,c.784T>C,synonymous,,,,,,,,,
Chromosome_2102026_C_G,ndh,c.1017G>C,synonymous,,,,,,,,,
Chromosome_6550_A_G,gyrB,c.1311A>G,synonymous,,,,,,,,,
Chromosome_2519295_A_T,kasA,p.Tyr394Phe,nonsynonymous,394,Y,F,21.6,conservative,PDB,6P9K,0.005,buried
Chromosome_2519137_T_G,kasA,c.1023T>G,synonymous,,,,,,,,,
Chromosome_2101830_T_C,ndh,p.Ile405Val,nonsynonymous,405,I,V,29.6,conservative,AlphaFold,P95160,0.211,partially_buried
Chromosome_2518942_T_C,kasA,c.828T>C,synonymous,,,,,,,,,
Chromosome_3878067_G_C,rpoA,c.441C>G,synonymous,,,,,,,,,
Chromosome_2518579_T_C,kasA,c.465T>C,synonymous,,,,,,,,,
Chromosome_3569226_C_G,whiB7,c.-547G>C,noncoding_upstream,,,,,,,,,
Chromosome_766303_C_T,rpoC,c.2934C>T,synonymous,,,,,,,,,
Chromosome_2519266_C_T,kasA,c.1152C>T,synonymous,,,,,,,,,
Chromosome_2519287_T_C,kasA,c.1173T>C,synonymous,,,,,,,,,
Chromosome_3878304_C_G,rpoA,c.204G>C,synonymous,,,,,,,,,
Chromosome_2518146_T_A,kasA,p.Phe11Tyr,nonsynonymous,11,F,Y,21.6,conservative,PDB,6P9K,0.116,partially_buried
Chromosome_766280_A_G,rpoC,p.Ser971Gly,nonsynonymous,971,S,G,55.3,moderately_conservative,PDB,7KIN,0.66,exposed
Chromosome_2518939_T_C,kasA,c.825T>C,synonymous,,,,,,,,,
Chromosome_6745_T_C,gyrB,c.1506T>C,synonymous,,,,,,,,,
Chromosome_2726318_A_C,ahpC,p.Glu42Asp,nonsynonymous,42,E,D,44.6,conservative,PDB,2BMX,0.135,partially_buried
Chromosome_2102023_C_G,ndh,c.1020G>C,synonymous,,,,,,,,,
Chromosome_5849_C_T,gyrB,c.610C>T,synonymous,,,,,,,,,
Chromosome_6541_C_T,gyrB,c.1302C>T,synonymous,,,,,,,,,
Chromosome_3878976_T_C,rpoA,c.-469A>G,noncoding_upstream,,,,,,,,,
Chromosome_776053_A_G,mmpL5,c.2428T>C,synonymous,,,,,,,,,
Chromosome_2518979_A_C,kasA,c.865A>C,synonymous,,,,,,,,,
Chromosome_5782_A_G,gyrB,c.543A>G,synonymous,,,,,,,,,
Chromosome_4407652_A_G,gid,p.Val184Ala,nonsynonymous,184,V,A,64.4,moderately_conservative,PDB,7CFE,0.229,partially_buried
Chromosome_2101732_A_G,ndh,c.1311T>C,synonymous,,,,,,,,,
Chromosome_5788_G_C,gyrB,c.549G>C,synonymous,,,,,,,,,
Chromosome_6280_T_C,gyrB,c.1041T>C,synonymous,,,,,,,,,
Chromosome_766043_C_G,rpoC,p.Gln892Glu,nonsynonymous,892,Q,E,29.3,conservative,PDB,7KIN,0.61,exposed
Chromosome_6319_G_C,gyrB,c.1080G>C,synonymous,,,,,,,,,
Chromosome_2518879_A_G,kasA,c.765A>G,synonymous,,,,,,,,,
Chromosome_766591_A_G,rpoC,c.3222A>G,synonymous,,,,,,,,,
Chromosome_6022_G_C,gyrB,c.783G>C,synonymous,,,,,,,,,
Chromosome_3878385_G_C,rpoA,c.123C>G,synonymous,,,,,,,,,
Chromosome_767062_C_A,rpoC,c.3693C>A,synonymous,,,,,,,,,
Chromosome_763205_G_C,rpoC,c.-165G>C,noncoding_upstream,,,,,,,,,
Chromosome_766390_C_T,rpoC,c.3021C>T,synonymous,,,,,,,,,
Chromosome_763816_C_G,rpoC,c.447C>G,synonymous,,,,,,,,,
Chromosome_763555_C_T,rpoC,c.186C>T,synonymous,,,,,,,,,
Chromosome_2519272_C_G,kasA,c.1158C>G,synonymous,,,,,,,,,
Chromosome_2519236_G_A,kasA,c.1122G>A,synonymous,,,,,,,,,
Chromosome_2519281_G_T,kasA,c.1167G>T,synonymous,,,,,,,,,
Chromosome_6123_C_G,gyrB,p.Ala295Gly,nonsynonymous,295,A,G,60.0,moderately_conservative,PDB,3M4I,,
Chromosome_2101920_T_G,ndh,c.1123A>C,synonymous,,,,,,,,,
Chromosome_2102509_A_G,ndh,c.534T>C,synonymous,,,,,,,,,
Chromosome_2518732_C_G,kasA,c.618C>G,synonymous,,,,,,,,,
Chromosome_3878806_G_C,rpoA,c.-299C>G,noncoding_upstream,,,,,,,,,
Chromosome_765079_T_G,rpoC,c.1710T>G,synonymous,,,,,,,,,
Chromosome_2518121_C_A,kasA,p.Gln3Lys,nonsynonymous,3,Q,K,53.2,moderately_conservative,PDB,6P9K,0.77,exposed
Chromosome_2102845_T_G,ndh,c.198A>C,synonymous,,,,,,,,,
Chromosome_764405_A_C,rpoC,c.1036A>C,synonymous,,,,,,,,,
Chromosome_2102781_T_C,ndh,p.Asn88Asp,nonsynonymous,88,N,D,23.0,conservative,AlphaFold,P95160,0.391,exposed
Chromosome_777194_T_C,mmpL5,c.1287A>G,synonymous,,,,,,,,,
Chromosome_778025_T_G,mmpL5,p.Lys152Asn,nonsynonymous,152,K,N,93.9,moderately_conservative,PDB,8ZKP,0.087,buried
Chromosome_5632_A_G,gyrB,c.393A>G,synonymous,,,,,,,,,
Chromosome_763696_T_C,rpoC,c.327T>C,synonymous,,,,,,,,,
Chromosome_3879232_T_C,rpoA,c.-725A>G,noncoding_upstream,,,,,,,,,
Chromosome_764536_G_C,rpoC,c.1167G>C,synonymous,,,,,,,,,
Chromosome_762758_G_C,rpoC,c.-612G>C,noncoding_upstream,,,,,,,,,
Chromosome_766597_C_G,rpoC,c.3228C>G,synonymous,,,,,,,,,
Chromosome_3878187_G_C,rpoA,c.321C>G,synonymous,,,,,,,,,
Chromosome_764206_T_C,rpoC,c.837T>C,synonymous,,,,,,,,,
Chromosome_765529_C_T,rpoC,c.2160C>T,synonymous,,,,,,,,,
Chromosome_765330_G_A,rpoC,p.Ser654Asn,nonsynonymous,654,S,N,46.2,conservative,PDB,7KIN,0.022,buried
Chromosome_3878436_T_C,rpoA,c.72A>G,synonymous,,,,,,,,,
Chromosome_2102533_T_C,ndh,c.510A>G,synonymous,,,,,,,,,
Chromosome_2519158_C_T,kasA,c.1044C>T,synonymous,,,,,,,,,
Chromosome_3879013_T_C,rpoA,c.-506A>G,noncoding_upstream,,,,,,,,,
Chromosome_2726393_G_C,ahpC,c.201G>C,synonymous,,,,,,,,,
Chromosome_766258_T_C,rpoC,c.2889T>C,synonymous,,,,,,,,,
Chromosome_2518483_C_G,kasA,c.369C>G,synonymous,,,,,,,,,
Chromosome_2102497_A_G,ndh,c.546T>C,synonymous,,,,,,,,,
Chromosome_2102934_C_T,ndh,p.Asp37Asn,nonsynonymous,37,D,N,23.0,conservative,AlphaFold,P95160,0.541,exposed
Chromosome_765628_G_C,rpoC,c.2259G>C,synonymous,,,,,,,,,
Chromosome_2101966_A_C,ndh,c.1077T>G,synonymous,,,,,,,,,
Chromosome_3569235_G_C,whiB7,c.-556C>G,noncoding_upstream,,,,,,,,,
Chromosome_3877482_G_C,rpoA,c.1026C>G,synonymous,,,,,,,,,
Chromosome_5347_G_C,gyrB,c.108G>C,synonymous,,,,,,,,,
Chromosome_2518468_A_C,kasA,c.354A>C,synonymous,,,,,,,,,
Chromosome_7093_T_C,gyrB,c.1854T>C,synonymous,,,,,,,,,
Chromosome_2102233_C_T,ndh,c.810G>A,synonymous,,,,,,,,,
Chromosome_764650_G_T,rpoC,c.1281G>T,synonymous,,,,,,,,,
Chromosome_766312_T_G,rpoC,c.2943T>G,synonymous,,,,,,,,,
Chromosome_2726390_G_C,ahpC,c.198G>C,synonymous,,,,,,,,,
Chromosome_2726315_C_G,ahpC,p.Asp41Glu,nonsynonymous,41,D,E,44.6,conservative,PDB,2BMX,0.457,exposed
Chromosome_2102328_G_T,ndh,p.Leu239Met,nonsynonymous,239,L,M,14.3,conservative,AlphaFold,P95160,0.192,partially_buried
Chromosome_2726717_A_G,ahpC,c.525A>G,synonymous,,,,,,,,,
Chromosome_2726687_C_G,ahpC,c.495C>G,synonymous,,,,,,,,,
Chromosome_3878472_G_T,rpoA,p.Asp12Glu,nonsynonymous,12,D,E,44.6,conservative,PDB,7KIN,0.365,exposed
Chromosome_762551_C_T,rpoC,c.-819C>G,noncoding_upstream,,,,,,,,,
Chromosome_2102337_A_G,ndh,c.706T>C,synonymous,,,,,,,,,
Chromosome_3877503_C_G,rpoA,c.1005G>C,synonymous,,,,,,,,,
Chromosome_2102572_T_C,ndh,c.471A>G,synonymous,,,,,,,,,
Chromosome_764554_C_T,rpoC,c.1185C>T,synonymous,,,,,,,,,
Chromosome_764593_C_T,rpoC,c.1224C>T,synonymous,,,,,,,,,
Chromosome_2726336_G_C,ahpC,c.144G>C,synonymous,,,,,,,,,
Chromosome_766447_T_C,rpoC,c.3078T>C,synonymous,,,,,,,,,
Chromosome_2518220_C_T,kasA,c.106C>T,synonymous,,,,,,,,,
Chromosome_2517993_G_T,kasA,c.-122G>T,noncoding_upstream,,,,,,,,,
Chromosome_765541_C_G,rpoC,c.2172C>G,synonymous,,,,,,,,,
Chromosome_766027_G_C,rpoC,c.2658G>C,synonymous,,,,,,,,,
Chromosome_764932_C_A,rpoC,c.1563C>A,synonymous,,,,,,,,,
Chromosome_7234_C_T,gyrB,c.1995C>T,synonymous,,,,,,,,,
Chromosome_2102517_C_T,ndh,p.Val176Ile,nonsynonymous,176,V,I,29.6,conservative,AlphaFold,P95160,0.056,buried
Chromosome_5344_C_G,gyrB,c.105C>G,synonymous,,,,,,,,,
Chromosome_2518624_C_G,kasA,c.510C>G,synonymous,,,,,,,,,
Chromosome_2726593_T_C,ahpC,p.Val134Ala,nonsynonymous,134,V,A,64.4,moderately_conservative,PDB,2BMX,0.0,buried
Chromosome_2101808_G_C,ndh,p.Thr412Ser,nonsynonymous,412,T,S,57.7,moderately_conservative,AlphaFold,P95160,0.262,exposed
Chromosome_2726387_C_T,ahpC,c.195C>T,synonymous,,,,,,,,,
Chromosome_762551_C_T,rpoC,c.-819C>T,noncoding_upstream,,,,,,,,,
Chromosome_2518936_C_G,kasA,c.822C>G,synonymous,,,,,,,,,
Chromosome_3878490_G_T,rpoA,c.18C>A,synonymous,,,,,,,,,
Chromosome_764380_G_C,rpoC,c.1011G>C,synonymous,,,,,,,,,
Chromosome_2101723_C_G,ndh,c.1320G>C,synonymous,,,,,,,,,
Chromosome_764650_G_T,rpoC,c.1281G>C,synonymous,,,,,,,,,
Chromosome_2519260_T_G,kasA,c.1146T>G,synonymous,,,,,,,,,
Chromosome_2102718_G_C,ndh,p.Gln109Glu,nonsynonymous,109,Q,E,29.3,conservative,AlphaFold,P95160,0.622,exposed
Chromosome_2102377_T_C,ndh,c.666A>G,synonymous,,,,,,,,,
Chromosome_762395_G_C,rpoC,c.-975G>C,noncoding_upstream,,,,,,,,,
Chromosome_2518885_T_C,kasA,c.771T>C,synonymous,,,,,,,,,
Chromosome_6268_C_G,gyrB,c.1029C>G,synonymous,,,,,,,,,
Chromosome_3879178_A_G,rpoA,c.-671T>C,noncoding_upstream,,,,,,,,,
Chromosome_763636_T_C,rpoC,c.267T>C,synonymous,,,,,,,,,
Chromosome_2726303_T_C,ahpC,c.111T>C,synonymous,,,,,,,,,
Chromosome_764257_G_C,rpoC,c.888G>C,synonymous,,,,,,,,,
Chromosome_3878076_G_A,rpoA,c.432C>T,synonymous,,,,,,,,,
Chromosome_765739_G_T,rpoC,c.2370G>T,synonymous,,,,,,,,,
Chromosome_3878094_G_C,rpoA,c.414C>G,synonymous,,,,,,,,,
Chromosome_764419_C_G,rpoC,c.1050C>G,synonymous,,,,,,,,,
Chromosome_3878478_G_C,rpoA,c.30C>G,synonymous,,,,,,,,,
Chromosome_3877507_C_G,rpoA,p.Gly334Ala,nonsynonymous,334,G,A,60.0,moderately_conservative,PDB,7KIN,,
Chromosome_778019_C_G,mmpR5,c.-971C>G,noncoding_upstream,,,,,,,,,
Chromosome_6745_T_C,gyrB,c.1506T>G,synonymous,,,,,,,,,
Chromosome_766408_C_T,rpoC,c.3039C>G,synonymous,,,,,,,,,
Chromosome_6815_A_C,gyrB,p.Lys526Gln,nonsynonymous,526,K,Q,53.2,moderately_conservative,PDB,3M4I,0.035,buried
Chromosome_2102623_G_C,ndh,c.420C>G,synonymous,,,,,,,,,
Chromosome_3878376_C_G,rpoA,c.132G>C,synonymous,,,,,,,,,
Chromosome_765580_G_C,rpoC,c.2211G>C,synonymous,,,,,,,,,
Chromosome_2102893_C_G,ndh,c.150G>C,synonymous,,,,,,,,,
Chromosome_4407603_C_T,gid,c.600G>A,synonymous,,,,,,,,,
Chromosome_3878716_G_C,rpoA,c.-209C>G,noncoding_upstream,,,,,,,,,
Chromosome_763441_C_T,rpoC,c.72C>T,synonymous,,,,,,,,,
Chromosome_3878141_T_G,rpoA,p.Met123Leu,nonsynonymous,123,M,L,14.3,conservative,PDB,7KIN,0.118,partially_buried
Chromosome_3878737_C_G,rpoA,c.-230G>C,noncoding_upstream,,,,,,,,,
Chromosome_2519072_G_A,kasA,p.Ala320Thr,nonsynonymous,320,A,T,58.0,moderately_conservative,PDB,6P9K,0.047,buried
Chromosome_766096_G_C,rpoC,c.2727G>C,synonymous,,,,,,,,,
Chromosome_4407609_C_G,gid,c.594G>C,synonymous,,,,,,,,,
Chromosome_776100_G_A,mmpL5,p.Thr794Ile,nonsynonymous,794,T,I,89.3,moderately_conservative,PDB,8ZKP,0.034,buried
Chromosome_2518174_A_G,kasA,c.60A>G,synonymous,,,,,,,,,
Chromosome_2102518_A_C,ndh,c.525T>G,synonymous,,,,,,,,,
Chromosome_5371_T_C,gyrB,c.132T>C,synonymous,,,,,,,,,
Chromosome_765300_T_C,rpoC,p.Val644Ala,nonsynonymous,644,V,A,64.4,moderately_conservative,PDB,7KIN,0.619,exposed
Chromosome_766357_C_T,rpoC,c.2988C>T,synonymous,,,,,,,,,
Chromosome_3877553_C_T,rpoA,p.Glu319Gln,nonsynonymous,319,E,K,56.9,moderately_conservative,PDB,7KIN,,
Chromosome_766054_C_G,rpoC,c.2685C>G,synonymous,,,,,,,,,
Chromosome_765937_T_C,rpoC,c.2568T>C,synonymous,,,,,,,,,
Chromosome_765625_C_G,rpoC,c.2256C>G,synonymous,,,,,,,,,
Chromosome_765298_G_C,rpoC,c.1929G>C,synonymous,,,,,,,,,
Chromosome_775718_G_C,mmpL5,c.2763C>G,synonymous,,,,,,,,,
Chromosome_763853_G_A,rpoC,p.Val162Ile,nonsynonymous,162,V,I,29.6,conservative,PDB,7KIN,0.186,partially_buried
Chromosome_3878454_T_G,rpoA,c.54A>C,synonymous,,,,,,,,,
Chromosome_764560_T_C,rpoC,c.1191T>C,synonymous,,,,,,,,,
Chromosome_763148_G_C,rpoC,c.-222G>C,noncoding_upstream,,,,,,,,,
Chromosome_2726210_T_C,ahpC,c.18T>C,synonymous,,,,,,,,,
Chromosome_766895_T_C,rpoC,c.3526T>C,synonymous,,,,,,,,,
Chromosome_766894_T_C,rpoC,c.3525T>C,synonymous,,,,,,,,,
Chromosome_765613_C_G,rpoC,p.His748Gln,nonsynonymous,748,H,Q,24.1,conservative,PDB,7KIN,0.437,exposed
Chromosome_3877900_C_T,rpoA,p.Ser203Asn,nonsynonymous,203,S,N,46.2,conservative,PDB,7KIN,0.291,exposed
Chromosome_764215_A_G,rpoC,c.846A>G,synonymous,,,,,,,,,
Chromosome_764206_T_C,rpoC,p.Asp279Glu,synonymous,,,,,,,,,
Chromosome_3877909_T_C,rpoA,p.Asn200Ser,nonsynonymous,200,N,S,46.2,conservative,PDB,7KIN,0.381,exposed
Chromosome_2518035_C_G,kasA,c.-80C>G,noncoding_upstream,,,,,,,,,
Chromosome_2518034_T_C,kasA,c.-81T>C,noncoding_upstream,,,,,,,,,
Chromosome_2518041_T_C,kasA,c.-74T>C,noncoding_upstream,,,,,,,,,
Chromosome_2102344_A_G,ndh,c.699T>C,synonymous,,,,,,,,,
Chromosome_763158_C_T,rpoC,c.-212C>T,noncoding_upstream,,,,,,,,,
Chromosome_7222_C_T,gyrB,c.1983C>T,synonymous,,,,,,,,,
Chromosome_3878736_T_C,rpoA,c.-229A>G,noncoding_upstream,,,,,,,,,
Chromosome_3878284_T_G,rpoA,p.Glu75Ala,nonsynonymous,75,E,A,106.7,moderately_radical,PDB,7KIN,0.251,exposed
Chromosome_776182_C_T,mmpL5,p.Asp767Asn,nonsynonymous,767,D,N,23.0,conservative,PDB,8ZKP,0.068,buried
Chromosome_766408_C_T,rpoC,c.3039C>T,synonymous,,,,,,,,,
Chromosome_2102359_G_C,ndh,c.684C>G,synonymous,,,,,,,,,
Chromosome_6001_G_C,gyrB,c.762G>C,synonymous,,,,,,,,,
Chromosome_2518049_G_C,kasA,c.-66G>C,noncoding_upstream,,,,,,,,,
Chromosome_2726717_A_G,ahpC,c.525A>C,synonymous,,,,,,,,,
Chromosome_763486_T_G,rpoC,c.117T>C,synonymous,,,,,,,,,
Chromosome_5520_C_T,gyrB,p.Pro94Leu,nonsynonymous,94,P,L,97.8,moderately_conservative,PDB,3M4I,,
Chromosome_764387_T_C,rpoC,c.1018T>C,synonymous,,,,,,,,,
Chromosome_4407762_T_C,gid,c.441A>G,synonymous,,,,,,,,,
Chromosome_776744_G_C,mmpL5,c.1737C>G,synonymous,,,,,,,,,
Chromosome_3878454_T_G,rpoA,c.54A>G,synonymous,,,,,,,,,
Chromosome_775856_A_G,mmpL5,c.2625T>C,synonymous,,,,,,,,,
Chromosome_776155_A_G,mmpL5,c.2326T>C,synonymous,,,,,,,,,
Chromosome_766585_T_C,rpoC,c.3216T>C,synonymous,,,,,,,,,
Chromosome_3878597_C_G,rpoA,c.-90G>C,noncoding_upstream,,,,,,,,,
Chromosome_2103037_A_G,ndh,c.6T>C,synonymous,,,,,,,,,
Chromosome_775736_G_C,mmpL5,c.2745C>G,synonymous,,,,,,,,,
Chromosome_764203_G_C,rpoC,c.834G>T,synonymous,,,,,,,,,
Chromosome_2714526_GGT_G,eis,c.805_806delAC,indel_not_classified,,,,,,,,,
Chromosome_5992_T_C,gyrB,c.753T>C,synonymous,,,,,,,,,
Chromosome_779130_TC_TCC,mmpR5,p.Asp47Glu,indel_not_classified,,,,,,,,,
